CASE_ID,ACCIDENT_YEAR,PROC_DATE,JURIS,COLLISION_DATE,COLLISION_TIME,OFFICER_ID,REPORTING_DISTRICT,DAY_OF_WEEK,CHP_SHIFT,POPULATION,CNTY_CITY_LOC,SPECIAL_COND,BEAT_TYPE,CHP_BEAT_TYPE,CITY_DIVISION_LAPD,CHP_BEAT_CLASS,BEAT_NUMBER,PRIMARY_RD,SECONDARY_RD,DISTANCE,DIRECTION,INTERSECTION,WEATHER_1,WEATHER_2,STATE_HWY_IND,CALTRANS_COUNTY,CALTRANS_DISTRICT,STATE_ROUTE,ROUTE_SUFFIX,POSTMILE_PREFIX,POSTMILE,LOCATION_TYPE,RAMP_INTERSECTION,SIDE_OF_HWY,TOW_AWAY,COLLISION_SEVERITY,NUMBER_KILLED,NUMBER_INJURED,PARTY_COUNT,PRIMARY_COLL_FACTOR,PCF_CODE_OF_VIOL,PCF_VIOL_CATEGORY,PCF_VIOLATION,PCF_VIOL_SUBSECTION,HIT_AND_RUN,TYPE_OF_COLLISION,MVIW,PED_ACTION,ROAD_SURFACE,ROAD_COND_1,ROAD_COND_2,LIGHTING,CONTROL_DEVICE,CHP_ROAD_TYPE,PEDESTRIAN_ACCIDENT,BICYCLE_ACCIDENT,MOTORCYCLE_ACCIDENT,TRUCK_ACCIDENT,NOT_PRIVATE_PROPERTY,ALCOHOL_INVOLVED,STWD_VEHTYPE_AT_FAULT,CHP_VEHTYPE_AT_FAULT,COUNT_SEVERE_INJ,COUNT_VISIBLE_INJ,COUNT_COMPLAINT_PAIN,COUNT_PED_KILLED,COUNT_PED_INJURED,COUNT_BICYCLIST_KILLED,COUNT_BICYCLIST_INJURED,COUNT_MC_KILLED,COUNT_MC_INJURED,PRIMARY_RAMP,SECONDARY_RAMP,LATITUDE,LONGITUDE,COUNTY,CITY,POINT_X,POINT_Y
7082501,2015,2017-01-12,9125,2015-07-29,0945,16303,,3,1,9,1200,0,1,3,,2,013,"RT 101","RT 299",0.00,,N,A,-,Y,HUM,1,101,-,-,88.214,R,2,N,Y,3,0,1,1,A,-,03,22350,,N,E,I,A,A,H,-,A,D,1,,,,Y,Y,,G,25,0,1,0,0,0,0,0,0,0,TO,"- ",40.897410000000001,-124.08253999999999,HUMBOLDT,UNINCORPORATED,-124.08282676,40.896523909999999
7082513,2015,2017-01-12,9125,2015-08-17,1720,11799,,1,2,9,1200,0,1,2,,2,017,"RT 101","DAVISON RD",1056.00,N,N,A,-,Y,HUM,1,101,-,-,124.010,H,-,N,Y,2,0,2,2,A,-,09,21804,A,N,D,C,A,A,H,-,A,D,1,,,,Y,Y,,A,07,2,0,0,0,0,0,0,0,0,"- ","- ",41.323889999999999,-124.0367,HUMBOLDT,UNINCORPORATED,-124.03749084,41.323368960000003
7087721,2015,2017-01-12,1203,2015-09-27,2002,4038,,7,5,4,1203,0,0,0,,0,001,"V ST","RT 101",0.00,,Y,A,-,Y,HUM,1,101,-,-,79.402,I,5,S,Y,3,0,4,2,A,-,12,21453,A,N,A,C,A,A,H,-,C,A,0,,,,,Y,,D,22,0,1,3,0,0,0,0,0,0,"- ","- ",,,HUMBOLDT,EUREKA,-124.14933628999999,40.804673440000002
7089113,2015,2017-02-01,1203,2015-10-02,1931,4043,,5,5,4,1203,0,0,0,,0,001,"RT 101","P ST",0.00,,Y,A,-,Y,HUM,1,101,-,-,79.088,I,5,N,N,2,0,1,2,A,-,11,21950,B,N,G,B,D,A,H,-,C,D,0,Y,,,,Y,,N,60,1,0,0,0,1,0,0,0,0,"- ","- ",,,HUMBOLDT,EUREKA,-124.15516427999999,40.803399550000002
7097558,2015,2017-01-12,1203,2015-09-10,1607,475,,4,5,4,1203,0,0,0,,0,001,"RT 101","A ST",2640.00,E,N,A,-,Y,HUM,1,101,-,-,78.215,I,5,S,N,3,0,1,3,D,-,00,,,N,H,G,A,A,H,-,A,D,0,,Y,,,Y,,-,"- ",0,1,0,0,0,0,1,0,0,"- ","- ",,,HUMBOLDT,EUREKA,-124.17152603,40.802016420000001
7102913,2015,2017-01-12,1203,2015-09-17,1531,475,,4,5,4,1203,0,0,0,,0,002,"RT 101",14TH,130.00,S,N,A,-,Y,HUM,1,101,-,-,77.480,H,-,N,Y,4,0,1,2,A,-,03,22350,,N,C,C,A,A,H,-,A,A,0,,,,,Y,,A,01,0,0,1,0,0,0,0,0,0,"- ","- ",,,HUMBOLDT,EUREKA,-124.17684764000001,40.79399806
7104654,2015,2017-01-12,1203,2015-09-26,1128,4030,,6,5,4,1203,0,0,0,,0,002,"RT 101",SUNSET,222.00,S,N,A,-,Y,HUM,1,101,-,-,75.360,H,-,S,Y,3,0,3,3,A,-,09,21804,A,N,D,C,A,A,H,-,A,D,0,,,,,Y,,A,01,0,3,0,0,0,0,0,0,0,"- ","- ",,,HUMBOLDT,EUREKA,-124.19166036999999,40.766347930000002
7105582,2015,2017-01-12,1203,2015-09-17,0758,475,,4,5,4,1203,0,0,0,,0,001,"4TH ST","Y ST",920.00,E,N,B,C,Y,HUM,1,101,-,-,78.600,H,-,S,Y,4,0,1,3,A,-,04,21703,,N,C,C,A,B,H,-,A,D,0,,,,,Y,,D,22,0,0,1,0,0,0,0,0,0,"- ","- ",,,HUMBOLDT,EUREKA,-124.16429786,40.80301626
7110252,2015,2017-01-12,1203,2015-09-15,1759,466,,2,5,4,1203,0,0,0,,0,002,"RT 101",BROADWAY,83.00,S,N,B,-,Y,HUM,1,101,-,-,76.490,H,-,N,N,4,0,1,2,A,-,05,21650,1,F,D,G,A,A,H,-,A,D,0,,Y,,,Y,,L,04,0,0,1,0,0,0,1,0,0,"- ","- ",,,HUMBOLDT,EUREKA,-124.18501178,40.780958740000003
7111037,2015,2017-02-01,1203,2015-10-14,1623,475,,3,5,4,1203,0,0,0,,0,001,"RT 101","R ST",0.00,,Y,A,-,Y,HUM,1,101,-,-,79.169,I,5,S,Y,4,0,2,3,A,-,12,21453,A,N,D,C,A,A,H,-,A,A,0,,,,,Y,,A,01,0,0,2,0,0,0,0,0,0,"- ","- ",,,HUMBOLDT,EUREKA,-124.15364249,40.804698690000002
7122772,2015,2017-02-01,1203,2015-11-15,2043,4038,,7,5,4,1203,0,0,0,,0,001,H,"RT 101",3.00,S,N,B,-,Y,HUM,1,101,-,-,78.614,I,6,S,N,3,0,1,2,D,-,00,,,N,G,B,B,B,H,-,C,A,0,Y,,,,Y,,-,"- ",0,1,0,0,1,0,0,0,0,"- ","- ",,,HUMBOLDT,EUREKA,-124.16400762000001,40.803056810000001
7126583,2015,2017-02-01,1203,2015-10-14,0936,475,,3,5,4,1203,0,0,0,,0,001,"T ST","RT 101",1.00,N,N,A,-,Y,HUM,1,101,-,-,79.288,I,6,S,N,4,0,1,2,A,-,05,21650,1,N,H,G,A,A,H,-,A,A,0,,Y,,,Y,,L,04,0,0,1,0,0,0,1,0,0,"- ","- ",,,HUMBOLDT,EUREKA,-124.15149101,40.804683480000001
7126591,2015,2017-02-01,1203,2015-10-19,0905,4033,,1,5,4,1203,0,0,0,,0,001,"RT 101",CEDAR,213.00,N,N,B,-,Y,HUM,1,101,-,-,77.600,H,-,N,N,4,0,3,2,A,-,09,21804,A,N,D,C,A,A,H,-,A,D,0,,,,Y,Y,,A,01,0,0,3,0,0,0,0,0,0,"- ","- ",,,HUMBOLDT,EUREKA,-124.17596551,40.79553645
7140561,2015,2017-02-01,1203,2015-11-12,1126,475,,4,5,4,1203,0,0,0,,0,001,"RT 101","E ST",75.00,E,N,B,-,Y,HUM,1,101,-,-,78.450,H,-,S,Y,4,0,3,2,A,-,04,21703,,N,C,C,A,A,H,-,A,D,0,,,,,Y,,A,01,0,0,3,0,0,0,0,0,0,"- ","- ",,,HUMBOLDT,EUREKA,-124.167109,40.802626850000003
7143745,2015,2017-02-01,1203,2015-10-19,1547,4044,,1,5,4,1203,0,0,0,,0,002,"RT 101",HENDERSON,111.00,S,N,C,-,Y,HUM,1,101,-,-,76.620,H,-,N,N,4,0,4,3,A,-,03,22350,,N,C,C,A,B,H,-,A,D,0,,,,,Y,,A,07,0,0,4,0,0,0,0,0,0,"- ","- ",,,HUMBOLDT,EUREKA,-124.18377117999999,40.782672900000001
7143822,2015,2017-02-01,1203,2015-11-26,0849,4044,,4,5,4,1203,0,0,0,,0,002,"RT 101","N BAYSHORE MALL ENTRANCE",460.00,S,N,A,-,Y,HUM,1,101,-,-,76.210,H,-,S,Y,3,0,1,1,C,-,18,,,N,E,I,A,A,H,-,A,D,0,,,,,Y,,-,"- ",0,1,0,0,0,0,0,0,0,"- ","- ",,,HUMBOLDT,EUREKA,-124.18904046,40.778271199999999
7144123,2015,2016-11-02,1203,2015-06-21,1006,4038,,7,5,4,1203,0,0,0,,0,001,"RT 101","V ST",0.00,,Y,A,-,Y,HUM,1,101,-,-,79.403,I,5,N,Y,3,0,1,2,A,-,12,21453,A,N,D,C,A,A,H,-,A,A,0,,,,,Y,,A,07,0,1,0,0,0,0,0,0,0,"- ","- ",,,HUMBOLDT,EUREKA,-124.14927921,40.803851760000001
7148967,2015,2017-02-01,1203,2015-12-23,1902,4039,,3,5,4,1203,0,0,0,,0,002,"RT 101",HIGHLAND,67.00,S,N,C,-,Y,HUM,1,101,-,-,75.980,H,-,S,N,4,0,1,2,A,-,11,21954,A,N,G,B,E,B,H,-,C,D,0,Y,,,,Y,,N,60,0,0,1,0,1,0,0,0,0,"- ","- ",,,HUMBOLDT,EUREKA,-124.19049088,40.77520664
7148989,2015,2017-02-01,1203,2015-12-19,1815,4039,,6,5,4,1203,0,0,0,,0,002,"RT 101",MCCULLENS,153.00,S,N,A,-,Y,HUM,1,101,-,-,75.880,H,-,S,N,3,0,1,2,A,-,11,21950,B,N,G,B,E,A,H,-,C,D,0,Y,,,,Y,,N,60,0,1,0,0,1,0,0,0,0,"- ","- ",,,HUMBOLDT,EUREKA,-124.19079809999999,40.773724049999998
7170475,2016,2017-02-03,1203,2016-01-03,1230,4024,,7,5,4,1203,0,0,0,,0,002,BROADWAY,BAYSHORE,125.00,N,N,B,-,Y,HUM,1,101,-,-,76.580,H,-,N,Y,4,0,1,2,A,-,03,22350,,N,C,C,A,A,H,-,A,A,0,,,,,Y,,A,01,0,0,1,0,0,0,0,0,0,"- ","- ",,,HUMBOLDT,EUREKA,-124.18416336,40.782134419999998
7170987,2015,2017-02-01,1203,2015-12-30,1837,4027,,3,5,4,1203,0,0,0,,0,001,"RT 101","P ST",10.00,W,N,A,-,Y,HUM,1,101,-,-,79.080,H,-,N,Y,2,0,2,2,D,-,00,,,N,G,B,E,A,H,-,C,D,0,Y,,Y,,Y,,-,"- ",1,0,1,0,1,0,0,0,1,"- ","- ",,,HUMBOLDT,EUREKA,-124.15531578,40.803380330000003
7171019,2015,2017-02-01,1203,2015-12-22,1807,4054,,2,5,4,1203,0,0,0,,0,001,"RT 101","V ST",0.00,,Y,B,-,Y,HUM,1,101,-,-,79.402,I,5,S,Y,4,0,1,2,A,-,12,21453,A,N,D,C,A,B,H,-,C,A,0,,,,,Y,,A,08,0,0,1,0,0,0,0,0,0,"- ","- ",,,HUMBOLDT,EUREKA,-124.14933628999999,40.804673440000002
7181235,2015,2017-02-01,1203,2015-12-03,1204,475,,4,5,4,1203,0,0,0,,0,002,"RT 101",VIGO,0.00,,Y,B,-,Y,HUM,1,101,-,-,76.750,I,5,S,Y,4,0,1,2,A,-,09,21802,A,N,D,C,A,B,H,-,A,A,0,,,,,Y,,D,22,0,0,1,0,0,0,0,0,0,"- ","- ",,,HUMBOLDT,EUREKA,-124.18276916000001,40.7842834
7181727,2015,2017-02-01,1203,2015-12-21,1818,4031,,1,5,4,1203,0,0,0,,0,002,"RT 101","E ST",7.00,E,N,A,-,Y,HUM,1,101,-,-,78.454,I,5,N,N,2,0,1,2,A,-,10,21950,A,N,G,B,B,A,H,-,A,A,0,Y,,,,Y,,A,07,1,0,0,0,1,0,0,0,0,"- ","- ",,,HUMBOLDT,EUREKA,-124.16705291,40.80175363
7191520,2016,2017-02-03,1203,2016-02-10,2007,4043,,3,5,4,1203,0,0,0,,0,002,WABASH,BROADWAY,97.00,E,N,A,-,Y,HUM,1,101,-,-,77.299,I,6,N,N,4,0,1,2,A,-,11,21954,A,F,G,B,D,A,H,-,D,D,0,Y,,,,Y,,N,60,0,0,1,0,1,0,0,0,0,"- ","- ",,,HUMBOLDT,EUREKA,-124.17826808,40.791537490000003
7192078,2015,2017-02-01,1203,2015-11-06,1630,415,,5,5,4,1203,0,0,0,,0,002,BROADWAY,"DEL NORTE",150.00,S,N,A,-,Y,HUM,1,101,-,-,77.210,H,-,S,N,4,0,1,2,A,-,11,21954,A,N,G,B,D,A,H,-,A,D,0,Y,,,,Y,,N,60,0,0,1,0,1,0,0,0,0,"- ","- ",,,HUMBOLDT,EUREKA,-124.17923140000001,40.790144789999999
7199726,2016,2018-09-27,1203,2016-02-18,1516,490,,4,5,4,1203,0,0,0,,0,001,"RT 101","O ST",2.00,W,N,B,-,Y,HUM,1,101,-,-,79.020,I,5,S,N,1,1,0,2,A,-,10,21950,A,N,G,B,B,A,H,-,A,A,0,Y,,,,Y,,D,22,0,0,0,1,0,0,0,0,0,"- ","- ",,,HUMBOLDT,EUREKA,-124.15649263,40.804103910000002
7213540,2016,2017-02-03,1203,2016-02-26,1502,4044,,5,5,4,1203,0,0,0,,0,002,"RT 101",BAYSHORE,0.00,,Y,C,-,Y,HUM,1,101,-,-,76.560,I,5,S,Y,4,0,1,2,A,-,09,21802,A,N,D,C,A,B,H,-,A,A,0,,,,,Y,,A,01,0,0,1,0,0,0,0,0,0,"- ","- ",,,HUMBOLDT,EUREKA,-124.18447277999999,40.781918730000001
7213550,2016,2017-02-03,1203,2016-01-25,1011,4044,,1,5,4,1203,0,0,0,,0,001,"RT 101","I ST",0.00,,Y,B,-,Y,HUM,1,101,-,-,78.680,I,5,N,Y,4,0,1,2,A,-,12,21453,A,N,D,C,A,A,H,-,A,A,0,,,,,Y,,-,"- ",0,0,1,0,0,0,0,0,0,"- ","- ",,,HUMBOLDT,EUREKA,-124.16271952,40.802354889999997
8005180,2016,2017-02-11,1203,2016-03-11,2233,4043,,5,5,4,1203,0,0,0,,0,001,H,"RT 101",2.00,S,N,B,-,Y,HUM,1,101,-,-,78.614,I,6,S,N,4,0,1,2,A,-,10,21950,A,N,G,B,B,A,H,-,C,A,0,Y,,,,Y,,D,22,0,0,1,0,1,0,0,0,0,"- ","- ",,,HUMBOLDT,EUREKA,-124.16400762000001,40.803056810000001
8011854,2016,2017-02-11,1203,2016-03-04,1635,4054,1203,5,5,4,1203,0,0,0,,0,001,"RT 101","D ST",0.00,,Y,A,-,Y,HUM,1,101,-,-,78.397,I,5,N,N,4,0,1,2,A,-,09,21801,A,N,A,C,A,A,H,-,A,A,0,,,,,Y,,A,01,0,0,1,0,0,0,0,0,0,"- ","- ",,,HUMBOLDT,EUREKA,-124.16812605,40.801609929999998
8012961,2016,2017-02-03,1203,2016-01-19,1926,4049,,2,5,4,1203,0,0,0,,0,002,"RT 101",TRUESDALE,0.00,,Y,B,-,Y,HUM,1,101,-,-,76.030,I,5,S,Y,4,0,1,2,A,-,09,21801,A,N,D,C,A,B,H,-,C,D,0,,,,,Y,,D,22,0,0,1,0,0,0,0,0,0,"- ","- ",,,HUMBOLDT,EUREKA,-124.19041996999999,40.775604979999997
8022651,2016,2017-02-11,1203,2016-03-24,0818,4054,1203,4,5,4,1203,0,0,0,,0,001,"RT 101","U ST",1.00,E,N,B,-,Y,HUM,1,101,-,-,79.360,H,-,S,Y,4,0,1,2,A,-,03,22350,,N,C,C,A,B,H,-,A,D,0,,,,,Y,,A,01,0,0,1,0,0,0,0,0,0,"- ","- ",,,HUMBOLDT,EUREKA,-124.15012978999999,40.804677089999998
8030030,2016,2017-02-18,1203,2016-04-09,1327,4031,,6,5,4,1203,0,0,0,,0,002,"RT 101",HARRIS,112.00,S,N,B,-,Y,HUM,1,101,-,-,76.295,I,5,N,N,4,0,1,2,A,-,12,21453,A,N,G,B,B,A,H,-,A,A,0,Y,,,,Y,,A,07,0,0,1,0,1,0,0,0,0,"- ","- ",,,HUMBOLDT,EUREKA,-124.18756404,40.778934409999998
8033761,2016,2017-02-18,1203,2016-04-18,2150,4009,,1,5,4,1203,0,0,0,,0,001,"RT 101","E ST",0.00,,Y,A,-,Y,HUM,1,101,-,-,78.454,I,5,N,Y,4,0,2,2,A,-,12,21453,A,N,D,C,A,A,H,-,C,A,0,,,,,Y,,-,"- ",0,0,2,0,0,0,0,0,0,"- ","- ",,,HUMBOLDT,EUREKA,-124.16705291,40.80175363
8039912,2015,2017-02-01,1203,2015-12-23,1838,4054,,3,5,4,1203,0,0,0,,0,001,"RT 101",R,5.00,W,N,B,C,Y,HUM,1,101,-,-,79.169,I,5,S,N,4,0,1,3,A,-,12,21453,A,N,C,C,A,B,H,-,C,A,0,,Y,,,Y,,L,04,0,0,1,0,0,0,1,0,0,"- ","- ",,,HUMBOLDT,EUREKA,-124.15364249,40.804698690000002
8040293,2016,2017-02-18,1203,2016-04-25,1112,4044,,1,5,4,1203,0,0,0,,0,001,"RT 101","I ST",140.00,E,N,A,-,Y,HUM,1,101,-,-,78.710,H,-,N,N,4,0,1,2,A,-,07,21658,A,N,B,C,A,A,H,-,A,A,0,,,,,Y,,D,22,0,0,1,0,0,0,0,0,0,"- ","- ",,,HUMBOLDT,EUREKA,-124.16220652,40.802432080000003
8041649,2016,2017-02-18,1203,2016-04-12,1736,4045,HUMBO,2,5,4,1203,0,0,0,,0,002,BAYSHORE,"RT 101",72.00,W,N,A,-,Y,HUM,1,101,-,-,76.560,I,5,S,Y,3,0,1,1,A,-,07,21658,A,N,F,A,A,A,H,-,A,D,0,,,,,Y,,A,07,0,1,0,0,0,0,0,0,0,"- ","- ",,,HUMBOLDT,EUREKA,-124.18447277999999,40.781918730000001
8044213,2016,2017-02-08,1203,2016-03-17,1825,4036,,4,5,4,1203,0,0,0,,0,001,5TH,"L ST",0.00,,Y,A,-,Y,HUM,1,101,-,-,78.860,I,5,N,Y,3,0,1,2,A,-,12,21453,A,N,D,C,A,A,H,-,A,A,0,,,,,Y,,A,07,0,1,0,0,0,0,0,0,0,"- ","- ",,,HUMBOLDT,EUREKA,-124.15941925999999,40.802823599999996
8044495,2016,2017-02-18,1203,2016-05-11,1222,4054,1203,3,5,4,1203,0,0,0,,0,001,"RT 101","V ST",0.00,,Y,A,-,Y,HUM,1,101,-,-,79.403,I,5,N,Y,4,0,2,3,A,-,12,21453,A,N,D,C,A,A,H,-,A,A,0,,,,,Y,,A,01,0,0,2,0,0,0,0,0,0,"- ","- ",,,HUMBOLDT,EUREKA,-124.14927921,40.803851760000001
8051452,2016,2017-02-18,1203,2016-05-24,1150,4044,,2,5,4,1203,0,0,0,,0,001,"RT 101","O ST",27.00,W,N,B,-,Y,HUM,1,101,-,-,79.020,H,-,N,Y,4,0,1,2,A,-,03,22350,,N,C,C,A,A,H,-,A,D,0,,,,,Y,,A,01,0,0,1,0,0,0,0,0,0,"- ","- ",,,HUMBOLDT,EUREKA,-124.15643034,40.803236419999998
8061837,2016,2017-02-13,1203,2016-06-09,1609,496,,4,5,4,1203,0,0,0,,0,001,"N ST",4TH,132.00,N,N,B,-,Y,HUM,1,101,-,-,78.963,I,6,S,Y,2,0,1,2,A,-,01,23152,F,F,C,E,A,A,H,-,A,D,0,,,,,Y,Y,A,01,1,0,0,0,0,0,0,0,0,"- ","- ",,,HUMBOLDT,EUREKA,-124.1575181,40.803961129999998
8062614,2016,2017-02-18,1203,2016-05-23,1025,4033,,1,5,4,1203,0,0,0,,0,002,HAWTHORNE,"RT 101",5.00,W,N,A,-,Y,HUM,1,101,-,-,77.140,I,6,S,N,4,0,1,2,A,-,11,21954,A,N,G,B,D,A,H,-,A,A,0,Y,,,,Y,,D,22,0,0,1,0,1,0,0,0,0,"- ","- ",,,HUMBOLDT,EUREKA,-124.17987262,40.789052320000003
8067553,2016,2017-02-18,1203,2016-05-14,0330,4049,,6,5,4,1203,0,0,0,,0,001,"RT 101","O ST",0.00,,Y,C,-,Y,HUM,1,101,-,-,79.030,H,-,S,Y,4,0,1,1,A,-,08,22107,,N,E,I,A,B,H,-,C,D,0,,,,,Y,Y,A,01,0,0,1,0,0,0,0,0,0,"- ","- ",,,HUMBOLDT,EUREKA,-124.15631293,40.804129590000002
8081692,2016,2017-02-13,1203,2016-06-28,1317,4024,,2,5,4,1203,0,0,0,,0,002,BROADWAY,"VIGO ST",420.00,N,N,B,-,Y,HUM,1,101,-,-,76.830,H,-,S,Y,4,0,1,3,A,-,03,22350,,N,C,C,A,A,H,-,A,A,0,,,,,Y,,A,01,0,0,1,0,0,0,0,0,0,"- ","- ",,,HUMBOLDT,EUREKA,-124.18210113000001,40.785234289999998
8081704,2016,2017-02-18,1203,2016-05-31,1739,4011,,2,5,4,1203,0,0,0,,0,001,"RT 101",5TH,127.00,S,N,A,-,Y,HUM,1,101,-,-,77.940,H,-,N,Y,4,0,2,2,A,-,07,21658,A,N,B,C,A,A,H,-,A,D,0,,,,Y,Y,,G,25,0,0,2,0,0,0,0,0,0,"- ","- ",,,HUMBOLDT,EUREKA,-124.17502561000001,40.800176700000002
8082613,2016,2017-02-08,1203,2016-03-04,1301,4031,,5,5,4,1203,0,0,0,,0,002,"RT 101",ALLARD,55.00,S,N,A,-,Y,HUM,1,101,-,-,75.850,H,-,N,Y,3,0,1,3,A,-,03,22350,,N,C,C,A,A,H,-,A,A,0,,,,,Y,,A,07,0,1,0,0,0,0,0,0,0,"- ","- ",,,HUMBOLDT,EUREKA,-124.19074931999999,40.773274299999997
8094201,2015,2017-02-01,1203,2015-12-22,1300,475,,2,5,4,1203,0,0,0,,0,001,"RT 101","L ST",5.00,E,N,B,-,Y,HUM,1,101,-,-,78.860,I,5,N,N,4,0,1,2,A,-,10,21950,A,F,G,B,B,A,H,-,A,A,0,Y,,,,Y,,D,22,0,0,1,0,1,0,0,0,0,"- ","- ",,,HUMBOLDT,EUREKA,-124.15941926000001,40.802823600000004
8115362,2016,2017-02-24,1203,2016-08-11,1632,635,,4,5,4,1203,0,0,0,,0,002,"RT 101","BAYSHORE MALL",31.00,S,N,A,-,Y,HUM,1,101,-,-,76.290,H,-,N,Y,4,0,1,2,A,-,03,22350,,N,C,C,A,A,H,-,A,A,0,,,,,Y,,A,01,0,0,1,0,0,0,0,0,0,"- ","- ",,,HUMBOLDT,EUREKA,-124.18762986999999,40.77890103
8116205,2016,2017-02-11,1203,2016-04-19,1436,4053,,2,5,4,1203,0,0,0,,0,001,"RT 101","R ST",90.00,E,N,A,-,Y,HUM,1,101,-,-,79.190,H,-,S,N,3,0,1,2,A,-,17,21657,,N,D,G,A,A,H,-,A,D,0,,Y,,,Y,,L,04,0,1,0,0,0,0,1,0,0,"- ","- ",,,HUMBOLDT,EUREKA,-124.15325154999999,40.80469377
8116209,2016,2017-02-11,1203,2016-04-15,1615,4031,,5,5,4,1203,0,0,0,,0,002,"RT 101",HENDERSON,229.00,N,N,A,-,Y,HUM,1,101,-,-,76.710,H,-,N,N,3,0,1,2,A,-,09,21801,A,N,D,G,A,A,H,-,A,A,0,,Y,,,Y,,A,07,0,1,0,0,0,0,1,0,0,"- ","- ",,,HUMBOLDT,EUREKA,-124.18298655,40.783773310000001
8121760,2016,2017-02-24,1203,2016-08-14,1301,464,,7,5,4,1203,0,0,0,,0,002,"RT 101",CLARK,60.00,S,N,B,-,Y,HUM,1,101,-,-,77.670,H,-,S,N,3,0,1,2,A,-,11,21954,A,N,G,B,C,A,H,-,A,D,0,Y,,,,Y,,N,60,0,1,0,0,1,0,0,0,0,"- ","- ",,,HUMBOLDT,EUREKA,-124.17553150000001,40.796523090000001
8125491,2016,2017-02-11,1203,2016-04-25,0802,496,,1,5,4,1203,0,0,0,,0,001,"RT 101","U ST",94.00,E,N,A,-,Y,HUM,1,101,-,-,79.370,H,-,S,N,4,0,1,3,A,-,03,22350,A,N,C,C,A,A,H,-,A,A,0,,,,,Y,,A,01,0,0,1,0,0,0,0,0,0,"- ","- ",,,HUMBOLDT,EUREKA,-124.14994093999999,40.804676219999997
8129437,2016,2018-01-02,1203,2016-06-16,1117,4031,,4,5,4,1203,0,0,0,,0,001,BROADWAY,WASHINGTON,0.00,N,N,B,-,Y,HUM,1,101,-,-,77.810,H,-,S,N,4,0,1,2,A,-,03,22350,,N,C,C,A,A,H,-,A,A,0,,,,,Y,,A,08,0,0,1,0,0,0,0,0,0,"- ","- ",,,HUMBOLDT,EUREKA,-124.17516139,40.798427410000002
8129516,2016,2017-02-24,1203,2016-08-26,1757,490,,5,5,4,1203,0,0,0,,0,001,"RT 101","C ST",0.00,,Y,B,-,Y,HUM,1,101,-,-,78.329,I,5,S,Y,3,0,2,3,A,-,12,22450,A,F,D,C,A,A,H,-,A,A,0,,,,,Y,,A,01,0,2,0,0,0,0,0,0,0,"- ","- ",,,HUMBOLDT,EUREKA,-124.16939035999999,40.802318139999997
8129543,2016,2017-02-28,1203,2016-09-14,1720,490,,3,5,4,1203,0,0,0,,0,001,"RT 101","N ST",0.00,,Y,B,-,Y,HUM,1,101,-,-,78.974,I,5,N,Y,3,0,1,3,A,-,09,21802,A,N,D,C,A,A,H,-,A,A,0,,,,,Y,,A,01,0,1,0,0,0,0,0,0,0,"- ","- ",,,HUMBOLDT,EUREKA,-124.15726787,40.80312103
8129581,2016,2017-02-28,1203,2016-09-08,1507,635,,4,5,4,1203,0,0,0,,0,002,"RT 101",SUNSET,57.00,N,N,A,-,Y,HUM,1,101,-,-,75.440,H,-,S,N,4,0,1,2,A,-,03,22350,,N,C,C,A,A,H,-,A,D,0,,,,,Y,,D,22,0,0,1,0,0,0,0,0,0,"- ","- ",,,HUMBOLDT,EUREKA,-124.19172296000001,40.767645289999997
8132646,2016,2017-02-28,1203,2016-09-22,0501,4048,,4,5,4,1203,0,0,0,,0,001,"RT 101","D ST",0.00,,Y,C,-,Y,HUM,1,101,-,-,78.386,I,5,S,Y,3,0,1,2,A,-,12,22450,A,N,D,C,A,B,H,-,C,D,0,,,,Y,Y,,A,07,0,1,0,0,0,0,0,0,0,"- ","- ",,,HUMBOLDT,EUREKA,-124.1683214,40.802469969999997
8138082,2016,2017-02-16,1203,2016-10-04,1400,464,,2,5,4,1203,0,0,0,,0,002,"RT 101",VIGO,265.00,N,N,B,-,Y,HUM,1,101,-,-,76.800,H,-,S,Y,4,0,1,2,A,-,03,22350,,N,C,C,A,A,H,-,A,D,0,,,,,Y,,A,08,0,0,1,0,0,0,0,0,0,"- ","- ",,,HUMBOLDT,EUREKA,-124.18235212,40.784877829999999
8139547,2016,2017-03-06,1203,2016-11-28,1715,4053,,1,5,4,1203,0,0,0,,0,001,"RT 101","V ST",0.00,E,N,A,-,Y,HUM,1,101,-,-,79.480,H,-,N,Y,4,0,2,4,A,-,07,21658,A,N,C,D,A,A,H,-,D,D,0,,,,,Y,,A,07,0,0,2,0,0,0,0,0,0,"- ","- ",,,HUMBOLDT,EUREKA,-124.14776694,40.803849790000001
8146840,2016,2017-02-16,1203,2016-10-12,1345,635,,3,5,4,1203,0,0,0,,0,002,HAWTHORNE,"RT 101",0.00,,Y,A,-,Y,HUM,1,101,-,-,77.140,I,6,S,N,4,0,1,2,-,-,"- ",,,N,G,B,B,A,H,-,A,A,0,Y,,,,Y,,-,"- ",0,0,1,0,1,0,0,0,0,"- ","- ",,,HUMBOLDT,EUREKA,-124.17987262,40.789052320000003
8147705,2016,2017-02-24,1203,2016-08-21,2244,4063,,7,5,4,1203,0,0,0,,0,001,"RT 101","V ST",0.00,,Y,A,-,Y,HUM,1,101,-,-,79.403,I,5,N,Y,2,0,1,2,A,-,12,21453,A,N,D,C,A,A,H,-,C,A,0,,,,,Y,,D,22,1,0,0,0,0,0,0,0,0,"- ","- ",,,HUMBOLDT,EUREKA,-124.14927921,40.803851760000001
8156342,2016,2017-02-16,1203,2016-10-09,1701,4044,,7,5,4,1203,0,0,0,,0,001,"RT 101","L ST",30.00,E,N,A,-,Y,HUM,1,101,-,-,78.860,H,-,S,N,4,0,1,2,A,-,04,21703,,M,C,C,A,A,H,-,A,D,0,,,,,Y,,A,01,0,0,1,0,0,0,0,0,0,"- ","- ",,,HUMBOLDT,EUREKA,-124.15940716,40.803702000000001
8156893,2016,2017-02-28,1201,2016-09-15,1529,442,208,4,5,3,1201,0,0,0,,0,00N,"SUNSET AV","RT 101",0.00,,Y,A,-,Y,HUM,1,101,-,-,86.672,R,1,N,N,4,0,1,2,A,-,12,22450,,F,D,G,A,A,H,-,A,A,0,,Y,,,Y,,A,01,0,0,1,0,0,0,1,0,0,"- ",NF,40.878639999999997,-124.08086,HUMBOLDT,ARCATA,-124.08236099,40.874862829999998
8164746,2016,2017-02-16,1203,2016-10-17,1228,4019,,1,5,4,1203,0,0,0,,0,001,"RT 101","E ST",0.00,,Y,C,-,Y,HUM,1,101,-,-,78.442,I,5,S,N,4,0,1,2,D,-,00,,,N,G,B,B,B,H,-,A,A,0,Y,,,,Y,,-,"- ",0,0,1,0,1,0,0,0,0,"- ","- ",,,HUMBOLDT,EUREKA,-124.16725958000001,40.802606519999998
8168082,2019,2020-06-04,1203,2019-07-12,0800,4076,P51,5,5,4,1203,0,0,0,,0,002,"BROADWAY ST","TRUESDALE ST",249.00,N,N,A,-,Y,HUM,1,101,-,-,76.060,H,-,N,N,3,0,1,2,A,-,03,22350,,F,C,C,A,A,H,-,A,A,0,,,,,Y,,A,01,0,1,0,0,0,0,0,0,0,"- ","- ",40.779960632324219,-124.18974304199219,HUMBOLDT,EUREKA,-124.19019317626953,40.776096343994141