CASE_ID,ACCIDENT_YEAR,PROC_DATE,JURIS,COLLISION_DATE,COLLISION_TIME,OFFICER_ID,REPORTING_DISTRICT,DAY_OF_WEEK,CHP_SHIFT,POPULATION,CNTY_CITY_LOC,SPECIAL_COND,BEAT_TYPE,CHP_BEAT_TYPE,CITY_DIVISION_LAPD,CHP_BEAT_CLASS,BEAT_NUMBER,PRIMARY_RD,SECONDARY_RD,DISTANCE,DIRECTION,INTERSECTION,WEATHER_1,WEATHER_2,STATE_HWY_IND,CALTRANS_COUNTY,CALTRANS_DISTRICT,STATE_ROUTE,ROUTE_SUFFIX,POSTMILE_PREFIX,POSTMILE,LOCATION_TYPE,RAMP_INTERSECTION,SIDE_OF_HWY,TOW_AWAY,COLLISION_SEVERITY,NUMBER_KILLED,NUMBER_INJURED,PARTY_COUNT,PRIMARY_COLL_FACTOR,PCF_CODE_OF_VIOL,PCF_VIOL_CATEGORY,PCF_VIOLATION,PCF_VIOL_SUBSECTION,HIT_AND_RUN,TYPE_OF_COLLISION,MVIW,PED_ACTION,ROAD_SURFACE,ROAD_COND_1,ROAD_COND_2,LIGHTING,CONTROL_DEVICE,CHP_ROAD_TYPE,PEDESTRIAN_ACCIDENT,BICYCLE_ACCIDENT,MOTORCYCLE_ACCIDENT,TRUCK_ACCIDENT,NOT_PRIVATE_PROPERTY,ALCOHOL_INVOLVED,STWD_VEHTYPE_AT_FAULT,CHP_VEHTYPE_AT_FAULT,COUNT_SEVERE_INJ,COUNT_VISIBLE_INJ,COUNT_COMPLAINT_PAIN,COUNT_PED_KILLED,COUNT_PED_INJURED,COUNT_BICYCLIST_KILLED,COUNT_BICYCLIST_INJURED,COUNT_MC_KILLED,COUNT_MC_INJURED,PRIMARY_RAMP,SECONDARY_RAMP,LATITUDE,LONGITUDE,COUNTY,CITY,POINT_X,POINT_Y
8168997,2016,2017-02-15,1203,2016-09-24,1007,4028,1203,6,5,4,1203,0,0,0,,0,001,"RT 101",I,0.00,,Y,A,-,Y,HUM,1,101,-,-,78.680,I,5,N,Y,4,0,2,2,A,-,12,21453,A,N,D,C,A,A,H,-,A,A,0,,,,,Y,,-,"- ",0,0,2,0,0,0,0,0,0,"- ","- ",,,HUMBOLDT,EUREKA,-124.16271952,40.802354889999997
8169383,2016,2017-02-16,1203,2016-10-31,0815,4019,,1,5,4,1203,0,0,0,,0,001,"RT 101","H ST",0.00,,Y,B,-,Y,HUM,1,101,-,-,78.626,I,5,N,Y,4,0,1,3,A,-,12,21453,A,N,D,C,A,A,H,-,A,A,0,,,,,Y,,A,01,0,0,1,0,0,0,0,0,0,"- ","- ",,,HUMBOLDT,EUREKA,-124.16379181000001,40.802200599999999
8169438,2016,2017-02-16,1203,2016-10-21,1425,4021,1203,5,5,4,1203,0,0,0,,0,001,"4TH ST","S ST",10.00,W,N,B,-,Y,HUM,1,101,-,-,79.220,H,-,S,,4,0,1,2,A,-,03,22350,,N,C,C,A,A,H,-,A,A,0,,,,,Y,,D,22,0,0,1,0,0,0,0,0,0,"- ","- ",,,HUMBOLDT,EUREKA,-124.15271695,40.804693219999997
8170981,2016,2017-02-03,1203,2016-02-24,1455,4054,,3,5,4,1203,0,0,0,,0,002,"RT 101",WABASH,150.00,N,N,A,-,Y,HUM,1,101,-,-,77.350,H,-,S,N,4,0,1,2,A,-,03,22350,,N,C,C,A,A,H,-,A,D,0,,,,,Y,,A,01,0,0,1,0,0,0,0,0,0,"- ","- ",,,HUMBOLDT,EUREKA,-124.17802127,40.792226579999998
8171197,2016,2017-02-16,1203,2016-10-21,2137,4031,,5,5,4,1203,0,0,0,,0,001,"RT 101","G ST",119.00,E,N,A,-,Y,HUM,1,101,-,-,78.580,H,-,S,Y,4,0,1,2,A,-,01,23152,A,N,E,E,A,A,H,-,C,A,0,,,,,Y,Y,A,07,0,0,1,0,0,0,0,0,0,"- ","- ",,,HUMBOLDT,EUREKA,-124.16471192,40.802958390000001
8176426,2016,2017-02-15,1203,2016-11-06,1632,4019,,7,5,4,1203,0,0,0,,0,001,"RT 101","P ST",27.00,W,N,B,-,Y,HUM,1,101,-,-,79.080,H,-,N,N,4,0,1,2,A,-,04,21703,,N,C,C,A,A,H,-,A,D,0,,,,,Y,,A,07,0,0,1,0,0,0,0,0,0,"- ","- ",,,HUMBOLDT,EUREKA,-124.15531578,40.803380330000003
8182931,2016,2017-02-28,1203,2016-10-31,1933,4044,,1,5,4,1203,0,0,0,,0,001,"RT 101","O ST",138.00,W,N,C,-,Y,HUM,1,101,-,-,79.000,H,-,N,Y,2,0,1,3,A,-,08,22107,,N,C,E,A,B,H,-,C,D,0,,,,,Y,,D,22,1,0,0,0,0,0,0,0,0,"- ","- ",,,HUMBOLDT,EUREKA,-124.15679462999999,40.803186230000001
81856458,2022,2022-09-29,1203,2022-07-28,0718,4107,P10,4,5,4,1203,0,0,0,,0,001,"FOURTH ST","V ST",46.00,W,-,A,-,Y,HUM,,101,,,79.404,H,,L,Y,2,0,1,1,B,-,22,,,N,E,I,A,A,H,-,A,A,0,,,,,Y,,A,07,1,0,0,0,0,0,0,0,0,"- ","- ",40.804679870605469,-124.1492919921875,HUMBOLDT,EUREKA,-124.1492919921875,40.804698944091797
81857634,2022,2022-09-06,1203,2022-08-22,1558,4136,P69,1,5,4,1203,0,0,0,,0,002,"BROADWAY ST","HILFIKER LN",8.00,W,-,A,-,Y,HUM,,101,,,75.741,H,,R,Y,4,0,1,1,A,-,08,22107,,N,E,I,A,A,H,-,A,D,0,,,,,Y,,A,01,0,0,1,0,0,0,0,0,0,"- ","- ",40.771709442138672,-124.19107818603516,HUMBOLDT,EUREKA,-124.19100952148438,40.771701812744141
81865170,2022,2022-09-15,1203,2022-09-09,1348,4124,P13,5,5,4,1203,0,0,0,,0,001,"N HIGHWAY 101","AIRPORT RD",0.00,,Y,A,-,Y,HUM,,101,,,80.840,H,,R,N,3,0,1,2,A,-,09,21801,A,N,D,C,A,A,H,-,A,A,0,,,,,Y,,A,07,0,1,0,0,0,0,0,0,0,"- ","- ",40.805519104003906,-124.12246704101562,HUMBOLDT,EUREKA,-124.12248229980469,40.805545806884766
81873586,2022,2022-09-26,1203,2022-09-15,1411,4044,P151,4,5,4,1203,0,0,0,,0,0OT,4TH,B,12.00,E,-,A,-,Y,HUM,,101,,,78.272,H,,L,N,3,0,1,2,A,-,07,21658,A,N,C,E,A,A,H,-,A,D,0,,,,Y,Y,,F,26,0,1,0,0,0,0,0,0,0,"- ","- ",40.802238464355469,-124.17047882080078,HUMBOLDT,EUREKA,-124.17046356201172,40.80218505859375
81874864,2022,2022-09-27,1203,2022-09-02,1641,4107,P37,5,5,4,1203,0,0,0,,0,002,"BROADWAY ST","VIGO ST",322.00,N,-,A,-,Y,HUM,,101,,,76.836,H,,L,Y,2,0,1,2,A,-,03,22350,,N,D,C,A,A,H,-,A,D,0,,,,,Y,,M,96,1,0,0,0,0,0,0,0,0,"- ","- ",40.785308837890625,-124.18212127685547,HUMBOLDT,EUREKA,-124.18206787109375,40.785289764404297
81892759,2022,2022-10-18,1203,2022-10-11,1041,4068,P15,2,5,4,1203,0,0,0,,0,001,"BROADWAY ST","SIXTH ST",140.00,S,-,A,-,Y,HUM,,101,,,77.900,H,,R,N,4,0,1,2,A,-,03,22350,,N,C,C,A,A,H,-,A,A,0,,,,,Y,,A,07,0,0,1,0,0,0,0,0,0,"- ","- ",40.799808502197266,-124.17507934570312,HUMBOLDT,EUREKA,-124.17504119873047,40.799808502197266
81905487,2022,2022-10-31,1203,2022-10-12,1545,4038,P15,3,5,4,1203,0,0,0,,0,001,"W FIFTH ST","SUMMER ST",0.00,,Y,A,-,Y,HUM,,101,,,78.204,H,,R,N,2,0,1,2,A,-,05,21651,B,F,H,G,A,A,H,-,A,A,0,,Y,,,Y,,L,04,1,0,0,0,0,0,1,0,0,"- ","- ",40.801128387451172,-124.17176818847656,HUMBOLDT,EUREKA,-124.17176818847656,40.801128387451172
81906473,2022,2022-11-01,1203,2022-09-28,1808,4036,P16,3,5,4,1203,0,0,0,,0,001,"FIFTH ST","G ST",0.00,,Y,A,-,Y,HUM,,101,,,78.562,H,,R,Y,3,0,3,2,A,-,12,21453,,N,D,C,A,A,H,-,A,A,0,,,,,Y,,A,07,0,1,2,0,0,0,0,0,0,"- ","- ",40.802070617675781,-124.16493225097656,HUMBOLDT,EUREKA,-124.16493225097656,40.802078247070312
81911595,2022,2022-11-07,1203,2022-10-12,1633,4038,P19,3,5,4,1203,0,0,0,,0,001,"FOURTH ST","S ST",0.00,,Y,A,-,Y,HUM,,101,,,79.231,H,,L,N,3,0,2,2,A,-,12,22450,,N,D,C,A,A,H,-,A,A,0,,,,,Y,,A,07,0,2,0,0,0,0,0,0,0,"- ","- ",40.804710388183594,-124.15258026123047,HUMBOLDT,EUREKA,-124.15258026123047,40.804714202880859
81917467,2022,2022-11-14,1203,2022-10-12,1310,4068,P15,3,5,4,1203,0,0,0,,0,001,"FOURTH ST","COMMERCIAL ST",382.00,W,-,A,-,Y,HUM,,101,,,77.978,H,,L,N,2,0,1,2,A,-,03,22350,,N,D,C,A,A,H,-,A,A,0,,,Y,,Y,,C,02,1,0,0,0,0,0,0,0,1,"- ","- ",40.800861358642578,-124.17527770996094,HUMBOLDT,EUREKA,-124.17513275146484,40.800861358642578
81931324,2022,2022-12-01,1203,2022-11-16,2034,4101,P15,3,5,4,1203,0,0,0,,0,001,"US HIGHWAY 101 (BROADWAY ST)","SIXTH ST",302.00,N,-,A,-,Y,HUM,,101,,,77.952,H,,R,N,2,0,1,2,A,-,03,22350,,N,G,B,C,A,H,-,C,D,0,Y,,,,Y,,A,01,1,0,0,0,1,0,0,0,0,"- ","- ",40.800491333007812,-124.17501068115234,HUMBOLDT,EUREKA,-124.17502593994141,40.800491333007812
81935002,2022,2022-12-06,1203,2022-09-19,1109,4068,P17,1,5,4,1203,0,0,0,,0,001,"FOURTH ST","K ST",81.00,E,-,A,-,Y,HUM,,101,,,78.794,H,,L,Y,4,0,1,3,A,-,08,22107,,N,B,E,A,A,H,-,A,A,0,,,,,Y,,A,01,0,0,1,0,0,0,0,0,0,"- ","- ",40.803539276123047,-124.16071319580078,HUMBOLDT,EUREKA,-124.16071319580078,40.803546905517578
81938294,2022,2023-01-24,1203,2022-12-08,1448,4086,P37,4,5,4,1203,0,0,0,,0,002,"BROADWAY ST","VIGO ST",0.00,,Y,A,-,Y,HUM,,101,,,76.839,H,,L,Y,3,0,2,5,A,-,12,21453,,F,D,C,A,A,H,-,A,A,0,,,,,Y,,A,07,0,1,1,0,0,0,0,0,0,"- ","- ",40.785358428955078,-124.18213653564453,HUMBOLDT,EUREKA,-124.18204498291016,40.785324096679688
81947939,2022,2023-02-09,1203,2022-11-14,1855,4076,P19,1,5,4,1203,0,0,0,,0,001,"FOURTH ST","R ST",178.00,E,-,A,-,Y,HUM,,101,,,79.210,H,,L,N,2,0,1,2,A,-,00,21954,,N,G,B,D,A,H,-,C,D,0,Y,,,,Y,,N,60,1,0,0,0,1,0,0,0,0,"- ","- ",40.804698944091797,-124.15293884277344,HUMBOLDT,EUREKA,-124.15293884277344,40.804718017578125
81954540,2022,2022-12-28,1203,2022-12-16,1719,4124,P17,5,5,4,1203,0,0,0,,0,001,"FOURTH ST","K ST",0.00,,Y,A,-,Y,HUM,,101,,,78.735,H,,L,Y,3,0,2,2,A,-,09,21802,,N,D,D,A,A,H,-,C,D,0,,,,,Y,,A,08,0,2,0,0,0,0,0,0,0,"- ","- ",40.803379058837891,-124.16179656982422,HUMBOLDT,EUREKA,-124.16180419921875,40.803394317626953
81958386,2022,2023-01-03,1203,2022-12-05,1357,4101,P19,1,5,4,1203,0,0,0,,0,001,"V ST","FOURTH ST",0.00,,Y,A,-,Y,HUM,,101,,,79.420,H,,L,N,3,0,1,3,A,-,12,21453,,N,A,C,F,A,H,-,A,A,0,Y,,,,Y,,A,01,0,1,0,0,1,0,0,0,0,"- ","- ",40.804889678955078,-124.14898681640625,HUMBOLDT,EUREKA,-124.14899444580078,40.804698944091797
81959903,2022,2023-01-04,1203,2022-12-14,1700,4136,P11,3,5,4,1203,0,0,0,,0,001,"RT 101","AIRPORT RD",0.00,,Y,A,-,Y,HUM,,101,,,80.856,H,,R,Y,3,0,1,3,A,-,16,24002,,N,C,C,A,A,H,-,B,D,0,,,,,Y,,A,01,0,1,0,0,0,0,0,0,0,"- ","- ",40.805801391601562,-124.12229919433594,HUMBOLDT,EUREKA,-124.12220764160156,40.805641174316406
81959942,2022,2023-01-04,1203,2022-12-27,2030,4124,P16,2,5,4,1203,0,0,0,,0,001,"FIFTH ST","E ST",0.00,,Y,B,-,Y,HUM,,101,,,78.455,H,,R,N,2,0,1,2,A,-,10,21950,A,N,G,B,B,A,H,-,C,A,0,Y,,,,Y,,A,07,1,0,0,0,1,0,0,0,0,"- ","- ",40.801780700683594,-124.16705322265625,HUMBOLDT,EUREKA,-124.16705322265625,40.801784515380859
8196258,2016,2017-02-15,1203,2016-10-08,1721,4063,,6,5,4,1203,0,0,0,,0,002,BROADWAY,"BROADWAY 4325",0.00,,N,A,-,Y,HUM,1,101,-,-,75.230,H,-,N,Y,4,0,2,2,A,-,04,21703,,N,C,C,A,A,H,-,A,A,0,,,,,Y,,A,07,0,0,2,0,0,0,0,0,0,"- ","- ",,,HUMBOLDT,EUREKA,-124.19119001,40.76445047
81988506,2023,2023-02-07,1203,2023-02-06,1600,4038,P66,1,5,4,1203,0,0,0,,0,002,"BROADWAY ST","TOMLINSON ST",111.00,S,-,A,-,Y,HUM,,101," "," ",75.909,H,,R,N,3,0,1,2,A,-,03,22350,,N,C,C,A,A,H,-,A,A,0,,,,,Y,,D,72,0,1,0,0,0,0,0,0,0,"- ","- ",40.774211883544922,-124.19058990478516,HUMBOLDT,EUREKA,-124.19052124023438,40.774204254150391
81999945,2023,2023-02-22,1203,2023-01-19,1945,4045,P69,4,5,4,1203,0,0,0,,0,002,BROADWAY,"HILFIKER LN",489.00,S,-,B,-,Y,HUM,,101," "," ",75.359,H,,R,N,1,1,0,2,A,-,11,21954,A,N,G,B,D,A,H,-,C,D,0,Y,,,,Y,,N,60,0,0,0,1,0,0,0,0,0,"- ","- ",40.766250610351562,-124.19156646728516,HUMBOLDT,EUREKA,-124.19148254394531,40.766254425048828
81999962,2022,2023-02-22,1203,2022-12-22,1316,4068,P16,4,5,4,1203,0,0,0,,0,001,"FOURTH ST","E ST",0.00,,Y,A,-,Y,HUM,,101,,,78.444,H,,L,N,3,0,1,2,A,-,10,21950,,F,G,B,B,A,H,-,A,A,0,Y,,,,Y,,A,07,0,1,0,0,1,0,0,0,0,"- ","- ",40.802619934082031,-124.16725158691406,HUMBOLDT,EUREKA,-124.16725158691406,40.802635192871094
82005039,2023,2023-02-28,1203,2023-02-17,1132,4021,P37,5,5,4,1203,0,0,0,,0,002,"BROADWAY ST","HAWTHORN ST",40.00,N,-,A,-,Y,HUM,,101," "," ",77.169,H,,R,N,3,0,1,2,A,-,02,22400,,N,C,C,A,A,H,-,A,D,0,,,,,Y,,-,35,0,1,0,0,0,0,0,0,0,"- ","- ",40.789508819580078,-124.17946624755859,HUMBOLDT,EUREKA,-124.17948150634766,40.789512634277344
82005064,2022,2023-02-28,1203,2022-12-27,1758,4101,HCSO,2,5,4,1203,0,0,0,,0,HCSO,"US HIGHWAY 101","HERRICK AVE",900.00,N,-,B,C,Y,HUM,,101,,,74.962,H,,R,Y,1,1,0,3,A,-,11,21954,A,N,G,B,D,B,H,-,C,D,0,Y,,,,Y,,N,60,0,0,0,1,0,0,0,0,0,"- ","- ",40.76068115234375,-124.18978881835938,HUMBOLDT,EUREKA,-124.18984222412109,40.760669708251953
82014186,2023,2023-03-09,1203,2023-03-03,1433,4137,P16,5,5,4,1203,0,0,0,,0,001,"E ST","FIFTH ST",8.00,S,-,A,-,Y,HUM,,101," "," ",78.455,H,,R,N,3,0,1,2,A,-,05,21650,,N,H,G,A,A,H,-,A,A,0,,Y,,,Y,,L,04,0,1,0,0,0,0,1,0,0,"- ","- ",40.801780700683594,-124.16705322265625,HUMBOLDT,EUREKA,-124.16705322265625,40.801784515380859
82017320,2022,2023-03-14,1203,2022-11-30,1856,4076,P69,3,5,4,1203,0,0,0,,0,002,"BROADWAY ST(US HWY 101)","HILFIKER LN",70.00,S,-,B,C,Y,HUM,,101,,,75.726,H,,R,N,3,0,1,2,A,-,11,21954,A,N,G,B,D,B,H,-,C,D,0,Y,,,,Y,,N,60,0,1,0,0,1,0,0,0,0,"- ","- ",40.771511077880859,-124.19126129150391,HUMBOLDT,EUREKA,-124.19105529785156,40.771488189697266
82018805,2023,2023-03-15,1203,2023-01-19,1237,4076,P37,4,5,4,1203,0,0,0,,0,002,"BROADWAY ST","HAWTHORNE ST",383.00,S,-,A,-,Y,HUM,,101," "," ",77.033,H,,R,Y,3,0,1,3,A,-,03,22350,A,N,C,C,A,A,H,-,A,D,0,,,,,Y,,A,07,0,1,0,0,0,0,0,0,0,"- ","- ",40.787689208984375,-124.18048858642578,HUMBOLDT,EUREKA,-124.18052673339844,40.787700653076172
82021298,2022,2023-03-17,1203,2022-11-02,1840,4076,P16,3,5,4,1203,0,0,0,,0,001,"FOURTH ST","F ST",0.00,,Y,A,-,Y,HUM,,101,,,78.500,H,,L,Y,3,0,1,2,A,-,12,21453,,N,D,C,A,A,H,-,C,A,0,,,,,Y,,-,"- ",0,1,0,0,0,0,0,0,0,"- ","- ",40.802768707275391,-124.16618347167969,HUMBOLDT,EUREKA,-124.16618347167969,40.802780151367188
82024082,2023,2023-03-21,1203,2023-03-11,1922,4124,P69,6,5,4,1203,0,0,0,,0,002,"BROADWAY ST","SUNSET DR",330.00,N,-,C,-,Y,HUM,,101," "," ",75.494,H,,L,Y,2,0,2,2,A,-,09,21804,A,N,D,C,A,B,H,-,C,D,0,,,,,Y,,A,01,1,0,1,0,0,0,0,0,0,"- ","- ",40.768169403076172,-124.19199371337891,HUMBOLDT,EUREKA,-124.19171905517578,40.768165588378906
82027908,2023,2023-03-24,1203,2023-03-12,2053,4124,P51,7,5,4,1203,0,0,0,,0,002,"BROADWAY ST","TRUESDALE ST",0.00,,Y,C,-,Y,HUM,,101," "," ",76.009,H,,R,Y,3,0,2,2,A,-,09,21801,A,N,D,C,A,B,H,-,C,D,0,,,,,Y,,A,01,0,1,1,0,0,0,0,0,0,"- ","- ",40.775588989257812,-124.19033050537109,HUMBOLDT,EUREKA,-124.19026184082031,40.775581359863281
8203422,2016,2017-03-06,1203,2016-11-18,1253,4049,,5,5,4,1203,0,0,0,,0,001,"RT 101",COMMERCIAL,29.00,W,N,B,-,Y,HUM,1,101,-,-,78.090,H,-,S,Y,4,0,1,2,A,-,07,21658,A,N,C,C,A,A,H,-,A,D,0,,,,,Y,,A,01,0,0,1,0,0,0,0,0,0,"- ","- ",,,HUMBOLDT,EUREKA,-124.17384082,40.801704690000001
82041299,2023,2023-04-10,1203,2023-03-04,"654 ",4101,P17,6,5,4,1203,0,0,0,,0,001,"FIFTH ST","K ST",0.00,,Y,C,-,Y,HUM,,101," "," ",78.751,H,,R,Y,1,1,0,2,A,-,10,21950,C,F,G,B,B,B,H,-,B,D,0,Y,,,,Y,,A,07,0,0,0,1,0,0,0,0,0,"- ","- ",40.802650451660156,-124.16150665283203,HUMBOLDT,EUREKA,-124.16148376464844,40.802558898925781
82048592,2023,2023-04-19,1203,2023-03-21,1612,4146,P17,2,5,4,1203,0,0,0,,0,001,"FOURTH ST","L STREET",58.00,E,-,A,-,Y,HUM,,101," "," ",78.852,H,,L,N,4,0,1,3,A,-,04,21703,,N,C,C,A,B,H,-,A,A,0,,,,,Y,,A,07,0,0,1,0,0,0,0,0,0,"- ","- ",40.803680419921875,-124.15960693359375,HUMBOLDT,EUREKA,-124.15961456298828,40.803699493408203
82060466,2023,2023-05-03,1203,2023-04-29,"139 ",4106,P15,6,5,4,1203,0,0,0,,0,001,"BROADWAY ST","FIFTH ST",0.00,,Y,A,-,Y,HUM,,101," "," ",77.934,H,,R,Y,3,0,1,1,A,-,03,22350,,N,E,I,A,A,H,-,C,D,0,,,,,Y,,A,01,0,1,0,0,0,0,0,0,0,"- ","- ",40.800251007080078,-124.17507171630859,HUMBOLDT,EUREKA,-124.17503356933594,40.800251007080078
82061713,2023,2023-05-04,1203,2023-04-20,1359,4147,P15,4,5,4,1203,0,0,0,,0,001,"COMMERCIAL ST","FIFTH ST",0.00,,Y,A,-,Y,HUM,,101," "," ",78.114,H,,R,N,3,0,1,2,A,-,09,21802,,N,B,C,A,A,H,-,A,A,0,,,,,Y,,D,72,0,1,0,0,0,0,0,0,0,"- ","- ",40.800891876220703,-124.17346954345703,HUMBOLDT,EUREKA,-124.17346954345703,40.800888061523438
82064271,2023,2023-05-08,1203,2023-04-01,"826 ",4068,P19,6,5,4,1203,0,0,0,,0,001,"FIFTH ST","R ST",0.00,,Y,A,-,Y,HUM,,101," "," ",79.167,H,,R,N,4,0,1,2,A,-,12,21453,A,N,D,C,A,A,H,-,A,A,0,,,,,Y,,A,07,0,0,1,0,0,0,0,0,0,"- ","- ",40.803859710693359,-124.15367889404297,HUMBOLDT,EUREKA,-124.15367126464844,40.803848266601562
82067948,2023,2023-05-12,1203,2023-04-26,1720,4100,P2,3,5,4,1203,0,0,0,,0,001,"US HIGHWAY 101","Y ST",909.00,N,-,A,-,Y,HUM,,101," "," ",79.757,H,,R,Y,3,0,1,2,A,-,04,21703,,N,C,C,A,A,H,-,A,D,0,,,,,Y,,D,22,0,1,0,0,0,0,0,0,0,"- ","- ",40.804901123046875,-124.14275360107422,HUMBOLDT,EUREKA,-124.1427001953125,40.804782867431641
82071863,2023,2023-05-18,1203,2023-05-05,1651,4107,P15,5,5,4,1203,0,0,0,,0,001,"FIFTH ST","B ST",8.00,E,-,A,-,Y,HUM,,101," "," ",78.285,H,,R,N,2,0,1,2,A,-,17,21200,A,N,H,G,A,A,H,-,A,A,0,,Y,,,Y,,L,04,1,0,0,0,0,0,1,0,0,"- ","- ",40.801338195800781,-124.17024230957031,HUMBOLDT,EUREKA,-124.17024230957031,40.801342010498047
82071922,2023,2023-05-18,1203,2023-05-12,1557,4124,P2,5,5,4,1203,0,0,0,,0,001,"S HIGHWAY 101","Y ST",966.00,E,-,A,-,Y,HUM,,101," "," ",79.771,H,,R,N,4,0,1,5,A,-,00,24350,,N,C,C,A,A,H,-,A,D,0,,,,,Y,,A,01,0,0,1,0,0,0,0,0,0,"- ","- ",40.804988861083984,-124.14250946044922,HUMBOLDT,EUREKA,-124.14244842529297,40.804840087890625
82083806,2023,2023-06-01,1203,2023-05-10,1753,4147,P52,3,5,4,1203,0,0,0,,0,002,"BROADWAY ST","SOUTH CURB LINE OF BAYSHORE WAY",752.00,S,-,A,-,Y,HUM,,101," "," ",76.444,H,,L,N,3,0,1,2,A,-,05,21650,,N,H,G,A,A,H,-,A,A,0,,Y,,,Y,,L,04,0,1,0,0,0,0,1,0,0,"- ","- ",40.780521392822266,-124.185546875,HUMBOLDT,EUREKA,-124.18553161621094,40.780509948730469
82087382,2023,2023-06-06,1203,2023-05-27,1416,4124,P52,6,5,4,1203,0,0,0,,0,002,"BROADWAY ST","BAYSHORE WAY",530.00,S,-,A,-,Y,HUM,,101," "," ",76.444,H,,L,Y,4,0,1,2,A,-,09,21804,A,F,D,C,A,A,H,-,A,D,0,,,,,Y,,A,07,0,0,1,0,0,0,0,0,0,"- ","- ",40.780570983886719,-124.1856689453125,HUMBOLDT,EUREKA,-124.18553924560547,40.780502319335938
82099229,2023,2023-06-21,1203,2023-05-22,"918 ",4146,P17,1,5,4,1203,0,0,0,,0,001,"FOURTH ST","I ST",0.00,,Y,A,-,Y,HUM,,101," "," ",78.682,H,,L,N,2,0,1,2,A,-,11,21456,A,N,G,B,B,A,H,-,A,A,0,Y,,,,Y,,N,60,1,0,0,0,1,0,0,0,0,"- ","- ",40.803230285644531,-124.16288757324219,HUMBOLDT,EUREKA,-124.16289520263672,40.803241729736328
82105086,2023,2023-06-29,1203,2023-06-22,1828,4137,P19,4,5,4,1203,0,0,0,,0,001,"FIFTH ST","R ST",3.00,S,-,A,-,Y,HUM,,101," "," ",79.167,H,,R,Y,2,0,2,2,A,-,08,22107,,N,D,C,A,A,H,-,A,A,0,,,,,Y,,A,01,2,0,0,0,0,0,0,0,0,"- ","- ",40.803859710693359,-124.15367889404297,HUMBOLDT,EUREKA,-124.15367126464844,40.803848266601562
82120217,2023,2023-07-18,1203,2023-06-11,1119,4101,P2,7,5,4,1203,0,0,0,,0,001,"US HIGHWAY 101","MM 80.09",1.00,W,-,A,-,Y,HUM,,101," "," ",79.721,H,,R,N,3,0,1,2,A,-,08,22107,,N,B,C,A,A,H,-,A,D,0,,,,,Y,,A,01,0,1,0,0,0,0,0,0,0,"- ","- ",40.8048095703125,-124.14344787597656,HUMBOLDT,EUREKA,-124.14337921142578,40.80462646484375
82144041,2023,2023-08-15,1203,2023-07-28,"346 ",4084,P37,5,5,4,1203,0,0,0,,0,002,"BROADWAY ST","W DEL NORTE ST",63.00,S,-,A,-,Y,HUM,,101," "," ",77.240,H,,R,N,2,0,1,2,A,-,08,22107,,F,G,B,F,A,H,-,C,A,0,Y,,,,Y,,A,07,1,0,0,0,1,0,0,0,0,"- ","- ",40.790679931640625,-124.17884826660156,HUMBOLDT,EUREKA,-124.17882537841797,40.790672302246094
82144084,2023,2023-08-15,1203,2023-07-25,1740,4150,P10,2,5,4,1203,0,0,0,,0,001,"FOURTH ST","V ST",167.00,E,-,A,-,Y,HUM,,101," "," ",79.411,H,,L,N,4,0,1,2,A,-,04,21703,,N,C,C,A,A,H,-,A,A,0,,,,,Y,,D,22,0,0,1,0,0,0,0,0,0,"- ","- ",40.8048095703125,-124.14916229248047,HUMBOLDT,EUREKA,-124.14916229248047,40.804698944091797
82149982,2023,2023-08-22,1203,2023-07-08,"142 ",4101,P15,6,5,4,1203,0,0,0,,0,001,"FOURTH ST","COMMERCIAL ST",0.00,,Y,A,-,Y,HUM,,101," "," ",78.111,H,,L,N,1,1,0,1,A,-,03,22350,,N,C,E,A,A,H,-,C,D,0,,,,,Y,Y,A,01,0,0,0,0,0,0,0,0,0,"- ","- ",40.801750183105469,-124.17350769042969,HUMBOLDT,EUREKA,-124.17351531982422,40.801776885986328
82160139,2023,2023-08-31,1203,2023-08-24,"815 ",4068,P10,4,5,4,1203,0,0,0,,0,001,"FIFTH ST","V ST",31.00,W,-,A,-,Y,HUM,,101," "," ",79.405,H,,R,Y,4,0,1,2,A,-,08,22107,,N,B,C,A,A,H,-,A,A,0,,,,,Y,,A,01,0,0,1,0,0,0,0,0,0,"- ","- ",40.803871154785156,-124.14929962158203,HUMBOLDT,EUREKA,-124.14929962158203,40.803882598876953
82164490,2023,2023-09-07,1203,2023-08-17,2041,4086,P15,4,5,4,1203,0,0,0,,0,001,"FIFTH ST","COMMERCIAL ST",0.00,,Y,A,-,Y,HUM,,101," "," ",78.114,H,,R,Y,4,0,1,2,A,-,00,2450,,F,D,C,A,A,H,-,C,A,0,,,,,Y,,A,01,0,0,1,0,0,0,0,0,0,"- ","- ",40.800891876220703,-124.17346954345703,HUMBOLDT,EUREKA,-124.17346954345703,40.800888061523438