CASE_ID,ACCIDENT_YEAR,PROC_DATE,JURIS,COLLISION_DATE,COLLISION_TIME,OFFICER_ID,REPORTING_DISTRICT,DAY_OF_WEEK,CHP_SHIFT,POPULATION,CNTY_CITY_LOC,SPECIAL_COND,BEAT_TYPE,CHP_BEAT_TYPE,CITY_DIVISION_LAPD,CHP_BEAT_CLASS,BEAT_NUMBER,PRIMARY_RD,SECONDARY_RD,DISTANCE,DIRECTION,INTERSECTION,WEATHER_1,WEATHER_2,STATE_HWY_IND,CALTRANS_COUNTY,CALTRANS_DISTRICT,STATE_ROUTE,ROUTE_SUFFIX,POSTMILE_PREFIX,POSTMILE,LOCATION_TYPE,RAMP_INTERSECTION,SIDE_OF_HWY,TOW_AWAY,COLLISION_SEVERITY,NUMBER_KILLED,NUMBER_INJURED,PARTY_COUNT,PRIMARY_COLL_FACTOR,PCF_CODE_OF_VIOL,PCF_VIOL_CATEGORY,PCF_VIOLATION,PCF_VIOL_SUBSECTION,HIT_AND_RUN,TYPE_OF_COLLISION,MVIW,PED_ACTION,ROAD_SURFACE,ROAD_COND_1,ROAD_COND_2,LIGHTING,CONTROL_DEVICE,CHP_ROAD_TYPE,PEDESTRIAN_ACCIDENT,BICYCLE_ACCIDENT,MOTORCYCLE_ACCIDENT,TRUCK_ACCIDENT,NOT_PRIVATE_PROPERTY,ALCOHOL_INVOLVED,STWD_VEHTYPE_AT_FAULT,CHP_VEHTYPE_AT_FAULT,COUNT_SEVERE_INJ,COUNT_VISIBLE_INJ,COUNT_COMPLAINT_PAIN,COUNT_PED_KILLED,COUNT_PED_INJURED,COUNT_BICYCLIST_KILLED,COUNT_BICYCLIST_INJURED,COUNT_MC_KILLED,COUNT_MC_INJURED,PRIMARY_RAMP,SECONDARY_RAMP,LATITUDE,LONGITUDE,COUNTY,CITY,POINT_X,POINT_Y
82188240,2023,2023-10-02,1203,2023-09-02,"843 ",4107,P16,6,5,4,1203,0,0,0,,0,001,"FOURTH ST","E ST",0.00,,Y,A,-,Y,HUM,,101," "," ",78.444,H,,L,N,3,0,1,2,A,-,12,21453,A,N,D,C,A,A,H,-,A,A,0,,,,,Y,,A,01,0,1,0,0,0,0,0,0,0,"- ","- ",40.802619934082031,-124.16725158691406,HUMBOLDT,EUREKA,-124.16725158691406,40.802635192871094
82193223,2023,2023-10-06,1203,2023-09-12,1744,4139,P2,2,5,4,1203,0,0,0,,0,001,"S HIGHWAY 101","Y ST",1350.00,S,-,A,-,Y,HUM,,101," "," ",79.848,H,,R,N,2,0,1,3,A,-,08,22107,,N,B,C,A,A,H,-,A,D,0,,,,,Y,,A,07,1,0,0,0,0,0,0,0,0,"- ","- ",40.805370330810547,-124.14109039306641,HUMBOLDT,EUREKA,-124.14100646972656,40.805149078369141
82205780,2023,2023-10-23,1203,2023-10-09,2054,4139,P66,1,5,4,1203,0,0,0,,0,002,"BROADWAY ST","HIGHLAND AVE",19.00,N,-,A,-,Y,HUM,,101," "," ",76.024,H,,R,N,2,0,1,2,A,-,11,21950,B,N,G,B,D,B,H,-,C,D,0,Y,,,,Y,,N,60,1,0,0,0,1,0,0,0,0,"- ","- ",40.775791168212891,-124.19024658203125,HUMBOLDT,EUREKA,-124.19022369384766,40.775787353515625
82205808,2023,2023-10-23,1203,2023-10-04,1730,4103,P19,3,5,4,1203,0,0,0,,0,001,"FOURTH ST","T ST",28.00,W,-,A,-,Y,HUM,,101," "," ",79.288,H,,L,Y,3,0,6,4,A,-,03,22350,,N,C,C,A,A,H,-,B,D,0,,,,,Y,,I,20,0,3,3,0,0,0,0,0,0,"- ","- ",40.804698944091797,-124.1514892578125,HUMBOLDT,EUREKA,-124.1514892578125,40.804710388183594
82226464,2023,2023-11-02,1203,2023-10-28,1937,4124,P16,6,5,4,1203,0,0,0,,0,001,"FIFTH ST","F ST",0.00,,Y,A,-,Y,HUM,,101," "," ",78.512,H,,R,N,3,0,6,2,A,-,12,21453,A,N,D,C,A,A,H,-,C,A,0,,,,,Y,,A,01,0,3,3,0,0,0,0,0,0,"- ","- ",40.801929473876953,-124.16599273681641,HUMBOLDT,EUREKA,-124.16599273681641,40.801929473876953
82229149,2023,2023-11-06,1203,2023-09-26,1951,4101,P37,2,5,4,1203,0,0,0,,0,002,"BROADWAY ST","VIGO ST",0.00,,Y,A,-,Y,HUM,,101," "," ",76.758,H,,L,N,1,1,0,2,A,-,11,21954,A,N,G,B,E,A,H,-,C,D,0,Y,,,,Y,Y,N,60,0,0,0,1,0,0,0,0,0,"- ","- ",40.784328460693359,-124.18267059326172,HUMBOLDT,EUREKA,-124.18272399902344,40.784351348876953
82236050,2023,2023-11-14,1203,2023-11-07,"803 ",4039,P19,2,5,4,1203,0,0,0,,0,001,"5TH ST","S ST",0.00,,Y,A,-,Y,HUM,,101," "," ",79.234,H,,R,Y,3,0,1,2,A,-,08,22107,,N,E,I,A,A,H,-,A,A,0,,,,,Y,,A,07,0,1,0,0,0,0,0,0,0,"- ","- ",40.803890228271484,-124.15258026123047,HUMBOLDT,EUREKA,-124.15258026123047,40.803886413574219
82241780,2023,2023-11-21,1203,2023-11-16,2220,4137,P18,4,5,4,1203,0,0,0,,0,001,"FOURTH ST","N ST",88.00,W,-,A,-,Y,HUM,,101," "," ",78.966,H,,L,N,3,0,1,2,A,-,21,22106,,N,H,G,A,A,H,-,C,D,0,,Y,,,Y,,A,01,0,1,0,0,0,0,1,0,0,"- ","- ",40.803981781005859,-124.15749359130859,HUMBOLDT,EUREKA,-124.15749359130859,40.803989410400391
82246763,2023,2023-11-28,1203,2023-10-30,2105,4139,P37,1,5,4,1203,0,0,0,,0,002,"BROADWAY ST","VIGO ST",145.00,N,-,A,-,Y,HUM,,101," "," ",76.810,H,,R,N,2,0,1,2,A,-,03,22350,,N,C,C,A,A,H,-,C,A,0,,,Y,,Y,,D,22,1,0,0,0,0,0,0,0,0,"- ","- ",40.784931182861328,-124.18215942382812,HUMBOLDT,EUREKA,-124.18215942382812,40.784931182861328
82268252,2023,2023-12-21,1203,2023-12-16,1422,4068,P37,6,5,4,1203,0,0,0,,0,002,BROADWAY,"W. HAWTHORNE",263.00,N,-,A,-,Y,HUM,,101," "," ",77.148,H,,R,N,4,0,4,2,A,-,03,22350,,N,C,C,A,A,H,-,A,A,0,,,,,Y,,A,08,0,0,4,0,0,0,0,0,0,"- ","- ",40.789100646972656,-124.17945861816406,HUMBOLDT,EUREKA,-124.17967987060547,40.789176940917969
82274971,2023,2023-12-29,1203,2023-12-26,1436,4100,P15,2,5,4,1203,0,0,0,,0,001,"C ST","FIFTH ST",0.00,,Y,B,-,Y,HUM,,101," "," ",78.340,H,,R,N,4,0,1,2,A,-,09,21801,A,N,D,C,A,A,H,-,A,A,0,,,,,Y,,A,01,0,0,1,0,0,0,0,0,0,"- ","- ",40.801479339599609,-124.16921234130859,HUMBOLDT,EUREKA,-124.16921234130859,40.801483154296875
82283144,2024,2024-01-09,1203,2024-01-04,1725,4105,P16,4,5,4,1203,0,0,0,,0,001,"FIFTH ST","F ST",133.00,W,-,A,-,Y,HUM,,101," "," ",78.493,H,,R,Y,2,0,1,2,A,-,00,21945,A,N,G,B,D,A,H,-,C,D,0,Y,,,,Y,,N,60,1,0,0,0,1,0,0,0,0,"- ","- ",40.801849365234375,-124.16632843017578,HUMBOLDT,EUREKA,-124.16633605957031,40.801883697509766
82296372,2024,2024-01-24,1203,2024-01-10,1759,4044,,3,5,4,1203,0,0,0,,0,001,"BROADWAY ST","W WASHINGTON",0.00,,Y,C,-,Y,HUM,,101," "," ",77.800,H,,R,N,3,0,3,2,A,-,12,21453,A,N,D,C,A,B,H,-,C,A,0,,,,,Y,,A,01,0,3,0,0,0,0,0,0,0,"- ","- ",40.798229217529297,-124.17510223388672,HUMBOLDT,EUREKA,-124.17506408691406,40.798229217529297
82300038,2023,2024-01-29,1203,2023-12-31,"8   ",4106,,7,5,4,1203,0,0,0,,0,001,"N HIGHWAY 101","AIRPORT RD",0.00,,Y,A,-,Y,HUM,,101," "," ",80.840,H,,R,Y,3,0,1,2,A,-,12,22450,,N,H,C,A,A,H,-,C,A,0,,,,,Y,,A,01,0,1,0,0,0,0,0,0,0,"- ","- ",40.805519104003906,-124.12246704101562,HUMBOLDT,EUREKA,-124.12248229980469,40.805545806884766
82301260,2024,2024-01-30,1203,2024-01-26,1204,4100,P17,5,5,4,1203,0,0,0,,0,001,"FOURTH ST","K ST",161.00,W,-,B,-,Y,HUM,,101," "," ",78.794,H,,L,N,3,0,1,2,A,-,09,21804,A,N,C,C,A,A,H,-,A,D,0,,,,,Y,,A,07,0,1,0,0,0,0,0,0,0,"- ","- ",40.803539276123047,-124.16071319580078,HUMBOLDT,EUREKA,-124.16071319580078,40.803546905517578
82303057,2024,2024-02-01,1203,2024-01-25,1145,4139,P52,4,5,4,1203,0,0,0,,0,002,"BROADWAY ST","BAYSHORE WAY",334.00,S,-,A,-,Y,HUM,,101," "," ",76.446,H,,L,N,4,0,1,2,A,-,04,21703,,N,C,C,A,A,H,-,A,D,0,,,,,Y,,A,01,0,0,1,0,0,0,0,0,0,"- ","- ",40.7806396484375,-124.18572235107422,HUMBOLDT,EUREKA,-124.18550872802734,40.780532836914062
82313062,2024,2024-02-13,1203,2024-01-07,1514,4136,,7,5,4,1203,0,0,0,,0,002,"BROADWAY ST","WEST HARRIS ST",0.00,,Y,A,-,Y,HUM,,101," "," ",76.324,H,,L,N,3,0,1,2,A,-,11,21954,A,N,G,B,D,A,H,-,A,D,0,Y,,,,Y,,N,60,0,1,0,0,1,0,0,0,0,"- ","- ",40.779308319091797,-124.18721008300781,HUMBOLDT,EUREKA,-124.18715667724609,40.779254913330078
82319240,2024,2024-02-21,1203,2024-02-07,1356,4139,P17,3,5,4,1203,0,0,0,,0,001,"I ST","FOURTH ST",0.00,,Y,A,-,Y,HUM,,101," "," ",78.682,H,,L,Y,2,0,3,3,A,-,12,21453,,N,D,C,A,A,H,-,A,A,0,,,,,Y,,A,07,1,1,1,0,0,0,0,0,0,"- ","- ",40.803230285644531,-124.16288757324219,HUMBOLDT,EUREKA,-124.16289520263672,40.803241729736328
82327732,2024,2024-03-06,1203,2024-01-21,2317,4150,,7,5,4,1203,0,0,0,,0,001,"K ST","FIFTH STREET",10.00,N,-,A,-,Y,HUM,,101," "," ",78.805,H,,R,N,4,0,1,1,A,-,17,21663,,M,E,I,A,B,H,-,C,D,0,,,,,Y,,A,01,0,0,1,0,0,0,0,0,0,"- ","- ",40.802688598632812,-124.16047668457031,HUMBOLDT,EUREKA,-124.16048431396484,40.802700042724609
82336527,2024,2024-03-12,1203,2024-02-12,1618,4101,,1,5,4,1203,0,0,0,,0,001,"HIGHWAY 101 (4TH ST)","V ST",0.00,,Y,A,-,Y,HUM,,101," "," ",79.433,H,,L,N,4,0,2,2,A,-,03,22350,,N,C,C,A,A,H,-,A,A,0,,,,,Y,,D,73,0,0,2,0,0,0,0,0,0,"- ","- ",40.804599761962891,-124.14875030517578,HUMBOLDT,EUREKA,-124.14875030517578,40.804698944091797
82342039,2024,2024-03-19,1203,2024-03-02,2120,4124,,6,5,4,1203,0,0,0,,0,001,"N HIGHWAY 101","AIRPORT RD",1093.00,W,-,C,-,Y,HUM,,101," "," ",80.840,H,,R,Y,1,1,0,1,A,-,03,22350,,N,E,I,A,B,H,-,D,D,0,,,,,Y,,A,07,0,0,0,0,0,0,0,0,0,"- ","- ",40.805519104003906,-124.12246704101562,HUMBOLDT,EUREKA,-124.12248229980469,40.805545806884766
82342156,2024,2024-03-19,1203,2024-03-08,"830 ",4136,P18,5,5,4,1203,0,0,0,,0,001,"FIFTH ST","O ST",0.00,,Y,A,-,Y,HUM,,101," "," ",79.031,H,,R,N,3,0,6,2,A,-,03,22350,,N,C,C,A,A,D,-,A,D,0,,,,Y,Y,,F,27,0,5,1,0,0,0,0,0,0,"- ","- ",40.803279876708984,-124.15621948242188,HUMBOLDT,EUREKA,-124.15621948242188,40.80328369140625
82348810,2024,2024-03-27,1203,2024-03-04,1208,4101,,1,5,4,1203,0,0,0,,0,001,"H ST","FOURTH ST",0.00,,Y,C,-,Y,HUM,,101," "," ",78.616,H,,L,N,2,0,1,2,A,-,03,22350,,N,G,B,B,B,H,-,A,A,0,Y,,,,Y,,D,72,1,0,0,0,1,0,0,0,0,"- ","- ",40.803070068359375,-124.16401672363281,HUMBOLDT,EUREKA,-124.16402435302734,40.803081512451172
82349644,2024,2024-03-28,1203,2024-03-13,"909 ",4067,,3,5,4,1203,0,0,0,,0,001,"4TH STREET","E STREET",0.00,,Y,A,-,Y,HUM,,101," "," ",78.444,H,,L,N,3,0,1,2,A,-,03,22350,,F,C,C,A,A,H,-,A,D,0,,,,,Y,,A,01,0,1,0,0,0,0,0,0,0,"- ","- ",40.802619934082031,-124.16725158691406,HUMBOLDT,EUREKA,-124.16725158691406,40.802635192871094
82356078,2024,2024-04-04,1203,2024-03-31,2110,4124,,7,5,4,1203,0,0,0,,0,001,"FIFTH ST","R ST",0.00,,Y,A,-,Y,HUM,,101," "," ",79.167,H,,R,N,2,0,2,3,A,-,00,23453,A,F,G,B,B,A,H,-,C,A,0,Y,,,,Y,,A,07,1,1,0,0,2,0,0,0,0,"- ","- ",40.803859710693359,-124.15367889404297,HUMBOLDT,EUREKA,-124.15367126464844,40.803848266601562
82372333,2024,2024-04-22,1203,2024-04-08,2108,4155,,1,5,4,1203,0,0,0,,0,001,"FOURTH ST","C ST",0.00,,Y,A,-,Y,HUM,,101," "," ",78.288,H,,L,Y,3,0,1,2,A,-,21,22106,,N,D,C,A,A,H,-,C,D,0,,,,,Y,,A,01,0,1,0,0,0,0,0,0,0,"- ","- ",40.802021026611328,-124.17011260986328,HUMBOLDT,EUREKA,-124.170166015625,40.802230834960938
82399722,2024,2024-05-28,1203,2024-05-25,1052,4136,,6,5,4,1203,0,0,0,,0,002,"BROADWAY ST","BAYSHORE WAY",0.00,,Y,A,-,Y,HUM,,101," "," ",76.438,H,,L,N,3,0,3,2,A,-,03,22350,,N,C,C,A,A,H,-,A,D,0,,,,,Y,,A,01,0,1,2,0,0,0,0,0,0,"- ","- ",40.780471801757812,-124.18566131591797,HUMBOLDT,EUREKA,-124.18559265136719,40.780437469482422
82401065,2024,2024-05-29,1203,2024-05-17,"715 ",4105,,5,5,4,1203,0,0,0,,0,001,"FOURTH ST","O ST",71.00,N,-,A,-,Y,HUM,,101," "," ",78.994,H,,L,Y,2,0,1,1,A,-,03,22350,A,N,E,I,A,A,H,-,A,D,0,,,Y,,Y,,C,02,1,0,0,0,0,0,0,0,1,"- ","- ",40.803981781005859,-124.15696716308594,HUMBOLDT,EUREKA,-124.156982421875,40.804054260253906
82401610,2024,2024-05-30,1203,2024-05-02,"626 ",4101,,4,5,4,1203,0,0,0,,0,002,"W WABASH AV","BROADWAY ST",0.00,,Y,C,-,Y,HUM,,101," "," ",77.299,H,,R,N,2,0,1,2,A,-,02,22400,A,N,D,C,A,B,H,-,B,A,0,,,Y,,Y,,C,03,1,0,0,0,0,0,0,0,1,"- ","- ",40.791511535644531,-124.17835235595703,HUMBOLDT,EUREKA,-124.17830657958984,40.791496276855469
8281164,2016,2017-04-04,1203,2016-12-21,1320,635,,3,5,4,1203,0,0,0,,0,002,"RT 101",HAWTHORNE,425.00,S,N,A,-,Y,HUM,1,101,-,-,77.060,H,-,S,Y,4,0,1,2,A,-,03,22350,,N,C,C,A,A,H,-,A,D,0,,,,,Y,,D,22,0,0,1,0,0,0,0,0,0,"- ","- ",,,HUMBOLDT,EUREKA,-124.18044439000001,40.788066950000001
8281939,2016,2017-04-04,1203,2016-12-27,1201,635,,2,5,4,1203,0,0,0,,0,002,BROADWAY,HENDERSON,118.00,S,N,A,-,Y,HUM,1,101,-,-,76.630,H,-,S,Y,4,0,1,2,A,-,09,21801,A,N,D,C,A,A,H,-,A,D,0,,,,,Y,,A,01,0,0,1,0,0,0,0,0,0,"- ","- ",,,HUMBOLDT,EUREKA,-124.18380825,40.782849059999997
82877755,2024,2024-07-29,1203,2024-07-19,2154,4162,,5,5,4,1203,0,0,0,,0,002,"BROADWAY ST","BAYSHORE WAY",543.00,S,-,A,-,Y,HUM,,101," "," ",76.450,H,,L,N,3,0,2,2,A,-,09,21801,A,N,D,C,A,A,H,-,C,A,0,,,,,Y,,-,35,0,2,0,0,0,0,0,0,0,"- ","- ",40.780651092529297,-124.18560791015625,HUMBOLDT,EUREKA,-124.18547058105469,40.78057861328125
82898227,2024,2024-07-30,1203,2024-07-17,1158,4124,,3,5,4,1203,0,0,0,,0,002,"BROADWAY ST","W FOURTEENTH ST",22.00,N,-,A,-,Y,HUM,,101," "," ",77.490,H,,R,N,4,0,1,2,A,-,21,22106,,N,C,C,A,A,H,-,A,A,0,,,,,Y,,D,82,0,0,1,0,0,0,0,0,0,"- ","- ",40.794120788574219,-124.17682647705078,HUMBOLDT,EUREKA,-124.17680358886719,40.794109344482422
82898404,2024,2024-07-30,1203,2024-06-28,1946,4124,,5,5,4,1203,0,0,0,,0,001,"BROADWAY ST","W WASHINGTON ST",50.00,N,-,A,-,Y,HUM,,101," "," ",77.800,H,,R,Y,3,0,1,2,A,-,01,23152,A,N,C,C,A,A,H,-,A,A,0,,,,,Y,Y,D,82,0,1,0,0,0,0,0,0,0,"- ","- ",40.798229217529297,-124.17510223388672,HUMBOLDT,EUREKA,-124.17506408691406,40.798229217529297
8291928,2016,2017-04-04,1203,2016-12-21,1755,4039,,3,5,4,1203,0,0,0,,0,002,"RT 101",HENDERSON,1061.00,S,N,A,-,Y,HUM,1,101,-,-,76.450,H,-,S,Y,3,0,2,2,A,-,03,22350,,N,C,C,A,A,H,-,C,D,0,,,Y,,Y,,C,03,0,1,1,0,0,0,0,0,2,"- ","- ",,,HUMBOLDT,EUREKA,-124.18551797000001,40.78052211
8294687,2016,2017-04-04,1203,2016-12-28,1628,4054,1203,3,5,4,1203,0,0,0,,0,001,"RT 101","K ST",36.00,E,N,A,-,Y,HUM,1,101,-,-,78.800,H,-,S,Y,4,0,1,3,A,-,03,22350,,N,C,C,A,A,H,-,A,D,0,,,,,Y,,A,08,0,0,1,0,0,0,0,0,0,"- ","- ",,,HUMBOLDT,EUREKA,-124.16055168,40.80354397
8298954,2016,2017-04-04,1203,2016-10-17,1200,4039,1203,1,5,4,1203,0,0,0,,0,001,"RT 101","V ST",63.00,E,N,A,-,Y,HUM,1,101,-,-,79.410,H,-,S,N,4,0,1,2,A,-,21,22106,,N,C,C,A,A,H,-,A,A,0,,,,,Y,,A,07,0,0,1,0,0,0,0,0,0,"- ","- ",,,HUMBOLDT,EUREKA,-124.14918446999999,40.80467462
8300254,2017,2018-01-20,1203,2017-01-11,2053,4068,,3,5,4,1203,0,0,0,,0,002,"RT 101",TRUESDALE,355.00,N,N,C,-,Y,HUM,1,101,-,-,76.077,I,5,S,Y,3,0,1,2,A,-,12,21453,A,N,D,C,A,B,H,-,C,A,0,,,,,Y,,A,07,0,1,0,0,0,0,0,0,0,"- ","- ",,,HUMBOLDT,EUREKA,-124.19023926,40.776411580000001
8308721,2017,2018-01-20,1203,2017-01-25,2035,4031,,3,5,4,1203,0,0,0,,0,002,"RT 101",HENDERSON,130.00,S,N,A,-,Y,HUM,1,101,-,-,76.630,H,-,N,Y,4,0,2,2,A,-,03,22350,,N,C,C,A,A,H,-,C,A,0,,,,,Y,,A,01,0,0,2,0,0,0,0,0,0,"- ","- ",,,HUMBOLDT,EUREKA,-124.18367327,40.782807609999999
8308729,2017,2018-01-20,1203,2017-01-23,1045,4019,,1,5,4,1203,0,0,0,,0,002,"RT 101",HIGHLAND,0.00,,Y,B,-,Y,HUM,1,101,-,-,75.990,I,5,S,Y,3,0,3,3,A,-,09,21801,A,N,D,C,A,B,H,-,A,D,0,,,,,Y,,A,01,0,1,2,0,0,0,0,0,0,"- ","- ",,,HUMBOLDT,EUREKA,-124.19046546,40.775344199999999
8308733,2017,2018-01-20,1203,2017-01-20,2059,4032,,5,5,4,1203,0,0,0,,0,001,"V ST","RT 101",3.00,S,N,C,-,Y,HUM,1,101,-,-,79.402,I,5,S,N,4,0,1,2,A,-,10,21950,A,N,G,B,B,B,H,-,C,A,0,Y,,,,Y,,A,01,0,0,1,0,1,0,0,0,0,"- ","- ",,,HUMBOLDT,EUREKA,-124.14933628999999,40.804673440000002
8308741,2017,2018-01-20,1203,2017-01-23,1816,490,,1,5,4,1203,0,0,0,,0,002,"RT 101","15TH ST",0.00,,Y,B,-,Y,HUM,1,101,-,-,77.400,I,5,S,Y,4,0,1,2,A,-,09,21801,A,N,D,C,A,A,H,-,C,A,0,,,,,Y,,A,01,0,0,1,0,0,0,0,0,0,"- ","- ",,,HUMBOLDT,EUREKA,-124.17762165000001,40.792897529999998
8308753,2016,2017-04-04,1203,2016-12-01,2209,4036,,4,5,4,1203,0,0,0,,0,002,BROADWAY,"DEL NORTE",100.00,S,N,B,-,Y,HUM,1,101,-,-,77.220,H,-,S,N,3,0,1,2,A,-,11,21954,A,F,G,B,D,A,H,-,C,D,0,Y,,,,Y,,N,60,0,1,0,0,1,0,0,0,0,"- ","- ",,,HUMBOLDT,EUREKA,-124.1791399,40.790300680000001
8308808,2016,2017-04-04,1203,2016-11-18,2214,4051,,5,5,4,1203,0,0,0,,0,002,"RT 101",WABASH,125.00,N,N,C,-,Y,HUM,1,101,-,-,77.320,H,-,N,N,3,0,1,2,A,-,11,21954,A,N,G,B,D,B,H,-,C,D,0,Y,,,,Y,,N,60,0,1,0,0,1,0,0,0,0,"- ","- ",,,HUMBOLDT,EUREKA,-124.17810239000001,40.791823690000001
8308974,2016,2017-04-04,1203,2016-12-24,1833,4051,,6,5,4,1203,0,0,0,,0,002,BROADWAY,"RT 101",897.00,S,N,A,-,Y,HUM,1,101,-,-,75.240,H,-,N,Y,3,0,1,2,A,-,01,23152,A,N,C,C,A,A,H,-,C,D,0,,,,,Y,Y,A,01,0,1,0,0,0,0,0,0,0,"- ","- ",,,HUMBOLDT,EUREKA,-124.19121930999999,40.764595630000002
8319732,2017,2018-01-20,1203,2017-01-24,1431,4042,,2,5,4,1203,0,0,0,,0,001,"RT 101",V,1850.00,E,N,B,-,Y,HUM,1,101,-,-,79.750,H,-,N,Y,4,0,2,4,A,-,03,22350,,N,C,C,A,A,G,-,A,D,0,,,,,Y,,A,08,0,0,2,0,0,0,0,0,0,"- ","- ",,,HUMBOLDT,EUREKA,-124.1425874,40.804806319999997
8319740,2017,2018-01-20,1203,2017-01-10,1443,464,,2,5,4,1203,0,0,0,,0,001,"RT 101",WASHINGTON,0.00,,Y,B,C,Y,HUM,1,101,-,-,77.800,I,5,N,Y,4,0,1,2,A,-,12,21453,A,N,D,C,A,B,H,-,A,A,0,,,,,Y,,D,22,0,0,1,0,0,0,0,0,0,"- ","- ",,,HUMBOLDT,EUREKA,-124.17504391999999,40.798223780000001
8319813,2017,2018-01-20,1203,2017-01-26,1712,4073,,4,5,4,1203,0,0,0,,0,001,"RT 101",CLARK,150.00,S,N,A,-,Y,HUM,1,101,-,-,77.650,H,-,S,N,4,0,1,2,A,-,09,21804,A,N,D,C,A,A,H,-,A,D,0,,,,,Y,,A,07,0,0,1,0,0,0,0,0,0,"- ","- ",,,HUMBOLDT,EUREKA,-124.17569739,40.796240949999998
8323152,2017,2018-01-20,1203,2017-02-20,1348,4042,,1,5,4,1203,0,0,0,,0,001,"RT 101","W 6TH ST",14.00,N,N,C,-,Y,HUM,1,101,-,-,77.900,I,5,N,Y,3,0,2,3,A,-,12,21453,A,F,D,C,A,B,H,-,A,A,0,,,,,Y,,A,07,0,1,1,0,0,0,0,0,0,"- ","- ",,,HUMBOLDT,EUREKA,-124.17505386000001,40.799816450000002
8336027,2017,2018-01-20,1201,2017-03-11,1803,631,201,6,5,3,1201,0,0,0,,0,0VW,"RT 101","GIUNTILI LN",11.00,N,N,A,-,Y,HUM,1,101,-,R,91.000,H,-,S,Y,4,0,2,3,A,-,01,23152,A,M,C,C,A,A,H,-,A,D,0,,,,,Y,Y,A,07,0,0,2,0,0,0,0,0,0,SF,"- ",40.903309999999998,-124.09084,HUMBOLDT,ARCATA,-124.11189353,40.92721822
8336073,2017,2018-04-11,1203,2017-04-07,0114,4044,,5,5,4,1203,0,0,0,,0,001,"RT 101","V ST",0.00,,Y,B,C,Y,HUM,1,101,-,-,79.402,I,5,S,Y,3,0,2,2,A,-,12,21453,A,N,D,C,A,B,H,-,C,A,0,,,,,Y,,A,01,0,1,1,0,0,0,0,0,0,"- ","- ",,,HUMBOLDT,EUREKA,-124.14933628999999,40.804673440000002
8339072,2017,2018-01-20,1203,2017-02-25,1710,4068,,6,5,4,1203,0,0,0,,0,001,H,"RT 101",6.00,S,N,A,-,Y,HUM,1,101,-,-,78.614,I,5,S,N,3,0,1,2,A,-,10,21950,A,F,G,B,B,A,H,-,A,A,0,Y,,,,Y,,A,07,0,1,0,0,1,0,0,0,0,"- ","- ",,,HUMBOLDT,EUREKA,-124.16400762000001,40.803056810000001
8351830,2017,2018-01-20,1203,2017-03-11,1046,4067,,6,5,4,1203,0,0,0,,0,002,"RT 101",HENDERSON,67.00,N,N,A,-,Y,HUM,1,101,-,-,76.660,H,-,S,Y,4,0,1,2,A,-,09,21804,A,N,D,C,A,A,H,-,A,D,0,,,,,Y,,A,07,0,0,1,0,0,0,0,0,0,"- ","- ",,,HUMBOLDT,EUREKA,-124.18353044,40.783244080000003
8353175,2017,2018-01-20,1203,2017-03-07,2022,4048,,2,5,4,1203,0,0,0,,0,001,"RT 101","U ST",14.00,W,N,B,-,Y,HUM,1,101,-,-,79.346,H,-,N,Y,4,0,1,2,A,-,07,21658,A,N,C,C,A,B,H,-,C,D,0,,,,Y,Y,,F,26,0,0,1,0,0,0,0,0,0,"- ","- ",,,HUMBOLDT,EUREKA,-124.15038087000001,40.803853029999999
8355729,2017,2018-04-11,1203,2017-04-12,1513,4048,,3,5,4,1203,0,0,0,,0,002,"RT 101","BAYSHORE WY",188.00,S,N,C,-,Y,HUM,1,101,-,-,76.520,H,-,S,Y,3,0,1,2,A,-,04,21703,,N,C,C,A,B,H,-,A,D,0,,,,,Y,,A,01,0,1,0,0,0,0,0,0,0,"- ","- ",,,HUMBOLDT,EUREKA,-124.18484044,40.781404860000002
8362007,2017,2018-04-11,1203,2017-04-18,1927,4063,,2,5,4,1203,0,0,0,,0,001,"RT 101","R ST",0.00,,Y,A,-,Y,HUM,1,101,-,-,79.169,I,5,S,Y,4,0,1,2,A,-,09,21801,A,F,D,C,A,A,H,-,B,A,0,,,,,Y,,A,07,0,0,1,0,0,0,0,0,0,"- ","- ",,,HUMBOLDT,EUREKA,-124.15364249,40.804698690000002
8362444,2017,2018-04-11,1203,2017-04-18,0658,4068,,2,5,4,1203,0,0,0,,0,002,"RT 101",PIERSONS,20.00,S,N,B,-,Y,HUM,1,101,-,-,75.530,H,-,N,Y,4,0,1,2,A,-,03,22350,,N,C,C,A,A,H,-,A,A,0,,,,,Y,,A,01,0,0,1,0,0,0,0,0,0,"- ","- ",,,HUMBOLDT,EUREKA,-124.19149037,40.769301720000001
8371650,2016,2018-01-20,1203,2016-12-22,1619,460,,4,5,4,1203,0,0,0,,0,002,"RT 101",BAYSHORE,60.00,S,N,B,-,Y,HUM,1,101,-,-,76.790,H,-,N,Y,4,0,1,3,A,-,03,22350,,N,C,C,A,A,H,-,A,A,0,,,,Y,Y,,F,21,0,0,1,0,0,0,0,0,0,"- ","- ",,,HUMBOLDT,EUREKA,-124.18229897000001,40.784722600000002
8376033,2017,2018-04-11,1203,2017-05-10,1413,4068,,3,5,4,1203,0,0,0,,0,002,BROADWAY,ALLARD,198.00,S,N,A,-,Y,HUM,1,101,-,-,75.820,H,-,S,N,4,0,1,2,A,-,05,21650,,N,D,G,A,A,H,-,A,D,0,,Y,,,Y,,L,04,0,0,1,0,0,0,1,0,0,"- ","- ",,,HUMBOLDT,EUREKA,-124.19095177,40.772974210000001
8389425,2017,2018-04-11,1203,2017-05-05,1200,4044,,5,5,4,1203,0,0,0,,0,002,WABASH,"RT 101",35.00,E,N,C,-,Y,HUM,1,101,-,-,77.299,I,6,N,N,4,0,1,2,A,-,04,21703,,N,C,C,A,B,H,-,A,D,0,,,,,Y,,D,22,0,0,1,0,0,0,0,0,0,"- ","- ",,,HUMBOLDT,EUREKA,-124.17826808,40.791537490000003