CASE_ID,ACCIDENT_YEAR,PROC_DATE,JURIS,COLLISION_DATE,COLLISION_TIME,OFFICER_ID,REPORTING_DISTRICT,DAY_OF_WEEK,CHP_SHIFT,POPULATION,CNTY_CITY_LOC,SPECIAL_COND,BEAT_TYPE,CHP_BEAT_TYPE,CITY_DIVISION_LAPD,CHP_BEAT_CLASS,BEAT_NUMBER,PRIMARY_RD,SECONDARY_RD,DISTANCE,DIRECTION,INTERSECTION,WEATHER_1,WEATHER_2,STATE_HWY_IND,CALTRANS_COUNTY,CALTRANS_DISTRICT,STATE_ROUTE,ROUTE_SUFFIX,POSTMILE_PREFIX,POSTMILE,LOCATION_TYPE,RAMP_INTERSECTION,SIDE_OF_HWY,TOW_AWAY,COLLISION_SEVERITY,NUMBER_KILLED,NUMBER_INJURED,PARTY_COUNT,PRIMARY_COLL_FACTOR,PCF_CODE_OF_VIOL,PCF_VIOL_CATEGORY,PCF_VIOLATION,PCF_VIOL_SUBSECTION,HIT_AND_RUN,TYPE_OF_COLLISION,MVIW,PED_ACTION,ROAD_SURFACE,ROAD_COND_1,ROAD_COND_2,LIGHTING,CONTROL_DEVICE,CHP_ROAD_TYPE,PEDESTRIAN_ACCIDENT,BICYCLE_ACCIDENT,MOTORCYCLE_ACCIDENT,TRUCK_ACCIDENT,NOT_PRIVATE_PROPERTY,ALCOHOL_INVOLVED,STWD_VEHTYPE_AT_FAULT,CHP_VEHTYPE_AT_FAULT,COUNT_SEVERE_INJ,COUNT_VISIBLE_INJ,COUNT_COMPLAINT_PAIN,COUNT_PED_KILLED,COUNT_PED_INJURED,COUNT_BICYCLIST_KILLED,COUNT_BICYCLIST_INJURED,COUNT_MC_KILLED,COUNT_MC_INJURED,PRIMARY_RAMP,SECONDARY_RAMP,LATITUDE,LONGITUDE,COUNTY,CITY,POINT_X,POINT_Y
8391146,2017,2018-04-11,1203,2017-05-26,1615,4051,,5,5,4,1203,0,0,0,,0,001,"RT 101","B ST",0.00,,Y,A,-,Y,HUM,1,101,-,-,78.272,I,5,S,Y,2,0,1,2,A,-,03,22350,,N,D,C,A,A,H,-,A,A,0,,,Y,,Y,,C,02,1,0,0,0,0,0,0,0,1,"- ","- ",,,HUMBOLDT,EUREKA,-124.17045332000001,40.802159500000002
8391154,2017,2018-04-11,1203,2017-06-05,1634,4054,,1,5,4,1203,0,0,0,,0,002,"RT 101",HARRIS,350.00,S,N,A,-,Y,HUM,1,101,-,-,76.260,H,-,S,Y,4,0,1,2,A,-,03,22350,,N,C,C,A,A,H,-,A,D,0,,,,,Y,,D,22,0,0,1,0,0,0,0,0,0,"- ","- ",,,HUMBOLDT,EUREKA,-124.18822143,40.778741099999998
8404063,2017,2018-04-11,1203,2017-06-06,1540,4078,,2,5,4,1203,0,0,0,,0,001,"RT 101","14TH ST",0.00,,Y,B,-,Y,HUM,1,101,-,-,77.490,I,5,S,N,4,0,1,2,A,-,08,22107,,N,D,G,A,A,H,-,A,A,0,,Y,,,Y,,D,22,0,0,1,0,0,0,1,0,0,"- ","- ",,,HUMBOLDT,EUREKA,-124.17691258000001,40.794122950000002
8407111,2017,2018-05-21,1203,2017-07-08,1116,4051,,6,5,4,1203,0,0,0,,0,002,"RT 101",HENDERSON,63.00,S,N,A,-,Y,HUM,1,101,-,-,76.630,H,-,N,Y,3,0,1,2,A,-,03,22350,,N,B,C,A,A,-,-,A,D,0,,,Y,,Y,,C,02,0,1,0,0,0,0,0,0,1,"- ","- ",40.783099999999997,-124.1836,HUMBOLDT,EUREKA,-124.18367327,40.782807609999999
8407185,2017,2018-04-11,1203,2017-06-07,1830,4019,,3,5,4,1203,0,0,0,,0,001,"RT 101","P ST",6.00,W,N,B,-,Y,HUM,1,101,-,-,79.086,I,5,N,N,4,0,1,2,A,-,10,21950,A,F,G,B,B,A,H,-,A,D,0,Y,,,,Y,Y,A,07,0,0,1,0,1,0,0,0,0,"- ","- ",,,HUMBOLDT,EUREKA,-124.15520241999999,40.803394709999999
8413195,2017,2018-04-11,1203,2017-06-23,1152,4045,HUMBO,5,5,4,1203,0,0,0,,0,001,"RT 101","I ST",2.00,W,N,A,-,Y,HUM,1,101,-,-,78.680,I,5,S,N,3,0,1,2,A,-,10,21950,A,N,G,B,B,A,H,-,A,A,0,Y,,,,Y,,A,07,0,1,0,0,1,0,0,0,0,"- ","- ",,,HUMBOLDT,EUREKA,-124.16290890000001,40.803210360000001
8415852,2018,2018-08-21,1203,2018-06-02,1637,4043,P31,6,5,4,1203,0,0,0,,0,002,"BROADWAY ST","DEL NORTE ST",56.00,S,N,A,-,Y,HUM,1,101,-,-,77.210,H,-,N,Y,3,0,1,2,A,-,03,22350,,N,C,C,A,A,H,-,A,D,0,,,,,Y,,D,22,0,1,0,0,0,0,0,0,0,"- ","- ",40.791511535644531,-124.17835998535156,HUMBOLDT,EUREKA,-124.17908477783203,40.790142059326172
8425762,2017,2018-05-21,1203,2017-07-14,1828,4049,,5,5,4,1203,0,0,0,,0,001,"RT 101","K ST",43.00,W,N,B,-,Y,HUM,1,101,-,-,78.730,H,-,S,N,2,0,1,2,A,-,11,21954,A,N,G,B,D,A,H,-,A,D,0,Y,,,,Y,,N,60,1,0,0,0,1,0,0,0,0,"- ","- ",,,HUMBOLDT,EUREKA,-124.16188552,40.80335788
8430836,2017,2018-04-11,1203,2017-08-01,2145,4043,,2,5,4,1203,0,0,0,,0,002,"RT 101 BROADWAY","W HENDERSON",0.00,,Y,A,-,Y,HUM,1,101,-,-,76.650,I,5,N,N,4,0,1,2,A,-,11,21950,B,N,G,B,B,A,H,-,C,A,0,Y,,,,Y,Y,N,60,0,0,1,0,1,0,0,0,0,"- ","- ",,,HUMBOLDT,EUREKA,-124.18348148,40.783078510000003
8431171,2017,2018-06-08,1203,2017-07-18,0917,4044,,2,5,4,1203,0,0,0,,0,002,BROADWAY,WABASH,0.00,,Y,B,-,Y,HUM,1,101,-,-,77.299,I,5,N,N,3,0,1,2,A,-,12,21453,A,N,D,G,A,A,H,-,A,A,0,,Y,,,Y,,L,04,0,1,0,0,0,0,1,0,0,"- ","- ",,,HUMBOLDT,EUREKA,-124.17826808,40.791537490000003
8431479,2017,2018-04-11,1203,2017-08-19,1036,0482,,6,5,4,1203,0,0,0,,0,ONE,BROADWAY,"DEL NORTE ST",205.00,S,N,A,-,Y,HUM,1,101,-,-,77.200,H,-,N,Y,4,0,1,2,A,-,03,22350,,N,C,C,A,A,H,-,A,A,0,,,,,Y,,J,48,0,0,1,0,0,0,0,0,0,"- ","- ",,,HUMBOLDT,EUREKA,-124.17917801999999,40.789983569999997
8433094,2017,2018-06-08,1203,2017-07-14,1752,4051,,5,5,4,1203,0,0,0,,0,001,"RT 101",COMMERCIAL,152.00,W,N,A,-,Y,HUM,1,101,-,-,78.070,H,-,S,Y,3,0,1,2,A,-,08,22100,B,N,B,C,A,A,H,-,A,D,0,,,,,Y,,A,01,0,1,0,0,0,0,0,0,0,"- ","- ",40.801639999999999,-124.17426,HUMBOLDT,EUREKA,-124.17414152000001,40.801662630000003
84368046,2024,2024-08-23,1203,2024-08-21,"743 ",4136,,3,5,4,1203,0,0,0,,0,002,"BROADWAY ST","HIGHLAND AV",0.00,,Y,A,-,Y,HUM,,101," "," ",75.991,H,,R,Y,3,0,2,2,A,-,09,21802,,N,D,C,A,A,H,-,A,A,0,,,,,Y,,A,01,0,2,0,0,0,0,0,0,0,"- ","- ",40.775348663330078,-124.19037628173828,HUMBOLDT,EUREKA,-124.19031524658203,40.775341033935547
8437206,2017,2018-06-08,1203,2017-07-20,1625,4068,,4,5,4,1203,0,0,0,,0,002,"RT 101",BAYSHORE,265.00,S,N,A,-,Y,HUM,1,101,-,-,76.540,H,-,N,Y,4,0,1,3,A,-,03,22350,,N,C,C,A,A,H,-,A,D,0,,,,,Y,,A,01,0,0,1,0,0,0,0,0,0,"- ","- ",,,HUMBOLDT,EUREKA,-124.18454625,40.781606119999999
84397198,2024,2024-09-17,1203,2024-09-09,1007,4124,,1,5,4,1203,0,0,0,,0,001,"FIFTH ST","R ST",0.00,,Y,A,-,Y,HUM,,101," "," ",79.167,H,,R,Y,4,0,1,2,A,-,12,21453,A,N,D,C,A,A,H,-,A,A,0,,,,,Y,,A,01,0,0,1,0,0,0,0,0,0,"- ","- ",40.803859710693359,-124.15367889404297,HUMBOLDT,EUREKA,-124.15367126464844,40.803848266601562
84400170,2024,2024-09-19,1203,2024-09-03,1218,4136,,2,5,4,1203,0,0,0,,0,001,"M ST","FIFTH ST",0.00,,Y,A,-,Y,HUM,,101," "," ",78.919,H,,R,Y,3,0,1,2,A,-,09,21802,A,N,A,C,A,A,H,-,A,A,0,,,,,Y,,A,01,0,1,0,0,0,0,0,0,0,"- ","- ",40.802989959716797,-124.15834808349609,HUMBOLDT,EUREKA,-124.15834808349609,40.802993774414062
84433112,2024,2024-10-16,1203,2024-10-10,1704,4084,,4,5,4,1203,0,0,0,,0,001,"N HIGHWAY 101","MILEPOST 79.95",730.00,W,-,A,-,Y,HUM,,101," "," ",79.758,H,,R,N,3,0,1,2,A,-,03,22350,,N,C,C,A,A,H,-,A,D,0,,,,,Y,,A,01,0,1,0,0,0,0,0,0,0,"- ","- ",40.805038452148438,-124.14279937744141,HUMBOLDT,EUREKA,-124.1427001953125,40.804782867431641
84447059,2024,2024-10-28,1203,2024-10-10,1923,4162,,4,5,4,1203,0,0,0,,0,002,"BROADWAY ST","W HARRIS ST",0.00,,Y,A,-,Y,HUM,,101," "," ",76.280,H,,R,N,2,0,2,2,A,-,01,23153,A,N,D,C,A,A,H,-,D,A,0,,,,,Y,Y,A,01,1,1,0,0,0,0,0,0,0,"- ","- ",40.778751373291016,-124.18782806396484,HUMBOLDT,EUREKA,-124.18784332275391,40.778770446777344
84451146,2024,2024-10-30,1203,2024-08-06,2028,4105,,2,5,4,1203,0,0,0,,0,002,"BROADWAY ST","FOURTEENTH ST",0.00,,Y,A,-,Y,HUM,,101," "," ",77.490,H,,R,Y,2,0,1,3,A,-,12,21453,,N,D,C,A,A,H,-,B,A,0,,,,,Y,,D,22,1,0,0,0,0,0,0,0,0,"- ","- ",40.794120788574219,-124.17682647705078,HUMBOLDT,EUREKA,-124.17680358886719,40.794109344482422
84459972,2024,2024-11-06,1203,2024-10-17,1217,4136,,4,5,4,1203,0,0,0,,0,002,"W HAWTHORNE ST","BROADWAY ST",0.00,,Y,A,-,Y,HUM,,101," "," ",77.139,H,,R,N,3,0,1,2,A,-,10,21950,,F,G,B,B,A,H,-,A,A,0,Y,,,,Y,Y,A,01,0,1,0,0,1,0,0,0,0,"- ","- ",40.789051055908203,-124.1798095703125,HUMBOLDT,EUREKA,-124.17976379394531,40.789035797119141
84461710,2024,2024-11-07,1203,2024-10-30,1043,4136,,3,5,4,1203,0,0,0,,0,002,"BROADWAY ST","HILFIKER LN",0.00,,Y,A,-,Y,HUM,,101," "," ",75.741,H,,R,Y,3,0,1,2,A,-,09,21802,,N,D,C,A,A,H,-,A,A,0,,,,,Y,,A,01,0,1,0,0,0,0,0,0,0,"- ","- ",40.771709442138672,-124.19107818603516,HUMBOLDT,EUREKA,-124.19100952148438,40.771701812744141
84465080,2024,2024-11-11,1203,2024-11-03,1546,4044,,7,5,4,1203,0,0,0,,0,001,"D ST","FOURTH ST",0.00,,Y,A,-,Y,HUM,,101," "," ",78.386,H,,L,N,3,0,1,2,A,-,09,21801,A,N,H,C,A,A,H,-,A,A,0,,,,,Y,,A,01,0,1,0,0,0,0,0,0,0,"- ","- ",40.802471160888672,-124.16831207275391,HUMBOLDT,EUREKA,-124.16831970214844,40.802497863769531
84471265,2024,2024-11-15,1203,2024-11-04,"937 ",4166,,1,5,4,1203,0,0,0,,0,001,"FIFTH ST","F ST",0.00,,Y,A,-,Y,HUM,,101," "," ",78.512,H,,R,N,3,0,1,2,A,-,08,22107,,N,B,C,A,A,H,-,A,A,0,,,,,Y,,A,01,0,1,0,0,0,0,0,0,0,"- ","- ",40.801929473876953,-124.16599273681641,HUMBOLDT,EUREKA,-124.16599273681641,40.801929473876953
8447193,2017,2018-04-11,1203,2017-08-28,1321,4044,,1,5,4,1203,0,0,0,,0,001,"RT 101","6TH ST",75.00,N,N,A,-,Y,HUM,1,101,-,-,77.910,H,-,N,Y,3,0,1,1,A,-,01,23152,A,N,E,I,A,A,H,-,A,D,0,,,,,Y,Y,D,22,0,1,0,0,0,0,0,0,0,"- ","- ",,,HUMBOLDT,EUREKA,-124.17503313,40.7999638
84473817,2024,2024-11-18,1203,2024-11-07,1725,4169,,4,5,4,1203,0,0,0,,0,002,"BROADWAY ST","VIGO ST",42.00,N,-,A,-,Y,HUM,,101," "," ",76.758,H,,L,N,3,0,1,3,A,-,03,22350,,F,C,C,A,A,H,-,C,A,0,,,,,Y,,A,07,0,1,0,0,0,0,0,0,0,"- ","- ",40.784328460693359,-124.18267059326172,HUMBOLDT,EUREKA,-124.18272399902344,40.784351348876953
84505133,2024,2024-12-16,1203,2024-12-10,1613,4124,,2,5,4,1203,0,0,0,,0,001,"FOURTH ST","I ST",75.00,E,-,A,-,Y,HUM,,101," "," ",78.682,H,,L,N,4,0,2,2,A,-,03,22350,,N,C,C,A,A,H,-,A,A,0,,,,,Y,,A,08,0,0,2,0,0,0,0,0,0,"- ","- ",40.803230285644531,-124.16288757324219,HUMBOLDT,EUREKA,-124.16289520263672,40.803241729736328
84525330,2024,2025-01-03,1203,2024-12-19,1650,4084,,4,5,4,1203,0,0,0,,0,002,"BROADWAY ST","BAYSHORE WY",0.00,,Y,A,-,Y,HUM,,101," "," ",76.567,H,,L,Y,3,0,1,2,A,-,09,21802,A,N,D,C,A,A,H,-,B,A,0,,,,,Y,,-,35,0,1,0,0,0,0,0,0,0,"- ","- ",40.782108306884766,-124.18444061279297,HUMBOLDT,EUREKA,-124.18436431884766,40.782077789306641
84525389,2024,2025-01-03,1203,2024-12-22,1017,4084,,7,5,4,1203,0,0,0,,0,002,"BROADWAY ST","W HAWTHORNE ST",0.00,,Y,A,-,Y,HUM,,101," "," ",77.141,H,,L,Y,2,0,1,3,A,-,12,21453,A,N,D,C,A,A,H,-,A,A,0,,,,,Y,,A,08,1,0,0,0,0,0,0,0,0,"- ","- ",40.789108276367188,-124.179931640625,HUMBOLDT,EUREKA,-124.17985534667969,40.789085388183594
84525447,2024,2025-01-03,1203,2024-12-16,1621,4136,,1,5,4,1203,0,0,0,,0,002,"BROADWAY ST","SUNSET DR",0.00,,Y,C,-,Y,HUM,,101," "," ",75.104,H,,R,Y,3,0,4,3,A,-,03,22350,,N,A,C,A,B,H,-,A,D,0,,,,,Y,,A,01,0,4,0,0,0,0,0,0,0,"- ","- ",40.762649536132812,-124.19064331054688,HUMBOLDT,EUREKA,-124.19060516357422,40.762657165527344
8452906,2017,2018-04-11,1203,2017-08-07,0940,4068,,1,5,4,1203,0,0,0,,0,002,"RT 101",SUNSET,722.00,N,N,A,-,Y,HUM,1,101,-,-,75.550,H,-,S,Y,3,0,2,2,A,-,09,21801,A,N,D,C,A,A,H,-,A,A,0,,,,,Y,,A,07,0,1,1,0,0,0,0,0,0,"- ","- ",,,HUMBOLDT,EUREKA,-124.19156513999999,40.7696939
8462137,2017,2018-05-21,1203,2017-09-19,1916,4044,,2,5,4,1203,0,0,0,,0,002,"RT 101",HILFIKER,1317.00,S,N,B,-,Y,HUM,1,101,-,-,75.490,H,-,N,Y,2,0,1,1,A,-,01,23152,A,N,E,I,A,A,H,-,B,D,0,,,,,Y,Y,A,07,1,0,0,0,0,0,0,0,0,"- ","- ",,,HUMBOLDT,EUREKA,-124.19157456000001,40.76856678
8465702,2018,2019-04-18,1203,2018-06-21,1334,37,,4,5,4,1203,0,0,0,,0,,"RT 101","W CEDAR ST",50.00,N,N,B,-,Y,HUM,1,101,-,-,77.570,H,-,N,N,1,1,1,3,A,-,08,22107,,N,B,G,F,A,H,-,A,D,0,Y,Y,,Y,Y,,L,04,0,0,1,0,1,1,0,0,0,"- ","- ",40.795230865478516,-124.17591857910156,HUMBOLDT,EUREKA,-124.17620849609375,40.795112609863281
8465712,2018,2019-04-08,1203,2018-08-04,2125,,,6,5,4,1203,0,0,0,,0,,"BROADWAY ST","HERRICK AV",1584.00,S,N,B,-,Y,HUM,1,101,-,-,74.990,H,-,S,N,1,1,0,2,A,-,11,21954,A,N,G,B,D,A,H,-,D,D,0,Y,,,,Y,,N,60,0,0,0,1,0,0,0,0,0,"- ","- ",40.761539459228516,-124.19037628173828,HUMBOLDT,EUREKA,-124.19017791748047,40.761093139648438
8465713,2018,2019-04-08,1203,2018-05-02,1435,86,,3,5,4,1203,0,0,0,,0,,"BROADWAY ST","HIGHLAND AV",0.00,,Y,A,-,Y,HUM,1,101,-,-,75.980,H,-,N,Y,1,1,0,2,A,-,09,21802,A,N,F,A,A,A,H,-,A,A,0,,,Y,,Y,,A,01,0,0,0,0,0,0,0,1,0,"- ","- ",40.775341033935547,-124.19036865234375,HUMBOLDT,EUREKA,-124.19036102294922,40.775203704833984
8476617,2017,2018-06-08,1203,2017-07-20,1305,77,1203,4,5,4,1203,0,0,0,,0,001,"RT 101",MYRTLE,0.00,,Y,A,-,Y,HUM,1,101,-,-,79.060,I,5,S,Y,3,0,1,3,A,-,09,21802,A,N,D,C,A,A,H,-,A,A,0,,Y,,,Y,,D,22,0,1,0,0,0,0,1,0,0,"- ","- ",,,HUMBOLDT,EUREKA,-124.15579092999999,40.804268880000002
8478517,2017,2018-06-18,1203,2017-10-16,1202,4075,,1,5,4,1203,0,0,0,,0,002,CLARK,"RT 101",7.00,W,N,A,-,Y,HUM,1,101,-,-,77.680,I,6,S,N,4,0,1,2,A,-,05,21650,1,N,D,G,A,A,H,-,A,A,0,,Y,,,Y,,L,04,0,0,1,0,0,0,1,0,0,"- ","- ",,,HUMBOLDT,EUREKA,-124.17545033,40.796664880000002
8481909,2017,2018-06-18,1203,2017-10-23,1434,4075,,1,5,4,1203,0,0,0,,0,002,BROADWAY,HILFIKER,369.00,S,N,A,-,Y,HUM,1,101,-,-,75.670,H,-,N,N,4,0,1,2,A,-,09,21804,A,N,B,C,A,A,H,-,A,D,0,,,,,Y,,A,07,0,0,1,0,0,0,0,0,0,"- ","- ",,,HUMBOLDT,EUREKA,-124.19111451000001,40.771343219999999
8484459,2017,2018-06-18,1203,2017-11-02,0753,4042,,4,5,4,1203,0,0,0,,0,002,BROADWAY,HILFIKER,185.00,S,N,B,-,Y,HUM,1,101,-,-,75.700,H,-,S,N,4,0,1,2,A,-,03,22350,,N,C,C,A,A,H,-,A,D,0,,,,,Y,,D,22,0,0,1,0,0,0,0,0,0,"- ","- ",,,HUMBOLDT,EUREKA,-124.1911956,40.771688330000003
8492239,2017,2018-06-18,1203,2017-10-27,1703,4063,1203,5,5,4,1203,0,0,0,,0,002,"RT 101",HILFIKER,293.00,S,N,B,-,Y,HUM,1,101,-,-,75.680,H,-,S,Y,4,0,1,2,A,-,03,22350,,N,C,C,A,A,H,-,A,D,0,,,,,Y,,A,07,0,0,1,0,0,0,0,0,0,"- ","- ",,,HUMBOLDT,EUREKA,-124.19123484000001,40.771473620000002
8495693,2017,2018-06-18,1203,2017-10-13,1225,4077,,5,5,4,1203,0,0,0,,0,001,"RT 101",K,12.00,E,N,A,-,Y,HUM,1,101,-,-,78.800,H,-,S,N,4,0,1,2,A,-,03,22350,,N,C,C,A,A,H,-,A,D,0,,,,,Y,,A,01,0,0,1,0,0,0,0,0,0,"- ","- ",,,HUMBOLDT,EUREKA,-124.16055168,40.80354397
8500580,2017,2018-06-18,1201,2017-10-28,1320,589,107,6,5,3,1201,0,0,0,,0,00N,"SUNSET AV","RT 101",41.00,N,N,A,-,Y,HUM,1,101,-,-,87.144,R,4,S,N,3,0,1,2,A,-,12,22450,A,N,H,G,A,A,H,-,A,A,0,,Y,,,Y,,L,04,0,1,0,0,0,0,1,0,0,"- ",SO,40.879710000000003,-124.08479,HUMBOLDT,ARCATA,-124.08148051000001,40.881577239999999
8504028,2017,2018-06-18,1203,2017-11-24,2001,4067,P52,5,5,4,1203,0,0,0,,0,002,"RT 101","BAYSHORE WY",298.00,S,N,A,-,Y,HUM,1,101,-,-,76.500,H,-,S,N,2,0,1,2,A,-,08,22107,,F,H,G,A,A,H,-,C,D,0,,Y,,,Y,,L,04,1,0,0,0,0,0,1,0,0,"- ","- ",40.780900000000003,-124.18544,HUMBOLDT,EUREKA,-124.18502488,40.781148610000002
8504221,2017,2018-06-18,1203,2017-11-05,1703,4068,P31,7,5,4,1203,0,0,0,,0,002,14,BROADWAY,0.00,,Y,B,-,Y,HUM,1,101,-,-,77.490,I,5,N,N,3,0,1,2,A,-,10,21950,A,N,G,B,B,A,H,-,A,A,0,Y,,,,Y,,A,07,0,1,0,0,1,0,0,0,0,"- ","- ",40.794119999999999,-124.17683,HUMBOLDT,EUREKA,-124.17676303,40.79413151
8504558,2017,2018-06-18,1203,2017-11-22,2017,4036,P10,3,5,4,1203,0,0,0,,0,001,"RT 101","6TH ST",140.00,N,N,A,-,Y,HUM,1,101,-,-,79.550,H,-,N,N,3,0,1,2,B,-,22,,,N,G,B,E,A,H,-,C,D,0,Y,,,,Y,,-,"- ",0,1,0,0,1,0,0,0,0,"- ","- ",40.80339,-124.14541,HUMBOLDT,EUREKA,-124.14640641,40.803974420000003
8504727,2017,2018-06-18,1203,2017-11-01,2117,4044,P19,3,5,4,1203,0,0,0,,0,001,"RT 101","S ST",75.00,W,N,A,-,Y,HUM,1,101,-,-,79.220,H,-,S,N,2,0,1,2,A,-,10,21952,,F,G,B,F,A,H,-,C,D,0,Y,,,,Y,,A,07,1,0,0,0,1,0,0,0,0,"- ","- ",40.804490000000001,-124.15279,HUMBOLDT,EUREKA,-124.15271695,40.804693219999997
8516810,2017,2018-06-18,1203,2017-12-21,1605,4044,P22,4,5,4,1203,0,0,0,,0,001,BROADWAY,"CLARK ST",0.00,,Y,A,-,Y,HUM,1,101,-,-,77.680,I,5,S,Y,3,0,3,3,A,-,08,22107,,N,D,C,A,A,H,-,A,A,0,,,,,Y,,A,07,0,3,0,0,0,0,0,0,0,"- ","- ",40.796239999999997,-124.17516000000001,HUMBOLDT,EUREKA,-124.17545033,40.796664880000002
8518201,2017,2018-06-18,1203,2017-11-29,1753,4044,P19,3,5,4,1203,0,0,0,,0,001,"RT 101","U ST",35.00,W,N,A,-,Y,HUM,1,101,-,-,79.340,H,-,S,Y,3,0,1,2,A,-,03,22350,,N,C,C,A,A,H,-,C,D,0,,,,,Y,,D,22,0,1,0,0,0,0,0,0,0,"- ","- ",40.805300000000003,-121.45038,HUMBOLDT,EUREKA,-124.15050764,40.804678819999999
8536244,2017,2018-01-26,1203,2017-12-27,1736,4036,P18,3,5,4,1203,0,0,0,,0,001,"5TH ST",MYRTLE,8.00,W,N,B,-,N,,,101,,,,,,,Y,3,0,3,2,A,-,12,21453,A,N,D,C,A,A,H,-,C,A,0,,,,,Y,,D,82,0,3,0,0,0,0,0,0,0,"- ","- ",40.80386,-124.15344,HUMBOLDT,EUREKA,-124.15343946,40.803869069999998
8536404,2017,2018-06-18,1203,2017-12-29,1405,4033,P19,5,5,4,1203,0,0,0,,0,001,5TH,"V ST",100.00,W,N,A,-,Y,HUM,1,101,-,-,79.380,H,-,N,N,2,0,1,2,A,-,11,21956,,N,G,B,D,A,H,-,A,D,0,Y,,,,Y,,N,60,1,0,0,0,1,0,0,0,0,"- ","- ",40.804110000000001,-124.14976,HUMBOLDT,EUREKA,-124.14972471,40.803852419999998
8538693,2018,2018-02-01,1203,2018-01-08,1730,4036,P16,1,5,4,1203,0,0,0,,0,001,"5TH ST","H ST",5.00,E,N,B,-,N,,,101,,,,,,,N,4,0,1,2,A,-,10,21950,A,F,G,B,B,A,H,-,C,A,0,Y,,,,Y,,A,01,0,0,1,0,1,0,0,0,0,"- ","- ",40.802501678466797,-124.16362762451172,HUMBOLDT,EUREKA,-124.16358947753906,40.802230834960938
8543688,2018,2018-08-01,1203,2018-01-04,0726,4080,P37,4,5,4,1203,0,0,0,,0,002,BROADWAY,HENDERSON,0.00,,Y,A,-,Y,HUM,1,101,-,-,76.630,H,-,N,Y,4,0,1,2,A,-,03,22350,,N,C,C,A,A,H,-,A,A,0,,,,,Y,,A,01,0,0,1,0,0,0,0,0,0,"- ","- ",40.783008575439453,-124.18406677246094,HUMBOLDT,EUREKA,-124.18367004394531,40.782806396484375
8543711,2017,2018-06-18,1203,2017-11-14,1204,4031,P31,2,5,4,1203,0,0,0,,0,002,"BROADWAY ST","RT 15",201.00,N,N,A,-,Y,HUM,1,101,-,-,77.440,H,-,N,N,3,0,1,2,A,-,03,22350,,F,C,C,A,A,H,-,A,A,0,,,,,Y,,-,99,0,1,0,0,0,0,0,0,0,"- ","- ",,,HUMBOLDT,EUREKA,-124.17716305,40.793458190000003
8545760,2018,2018-08-03,1203,2018-01-22,1120,4067,P22,1,5,4,1203,0,0,0,,0,001,BROADWAY,"W WASHINGTON",0.00,,Y,A,-,Y,MEN,1,101,-,-,77.800,I,5,S,N,2,0,1,2,A,-,12,21453,A,N,H,G,A,A,H,-,A,A,0,,Y,,,Y,,L,04,1,0,0,0,0,0,1,0,0,"- ","- ",40.798229217529297,-124.17510223388672,HUMBOLDT,EUREKA,-123.54384613037109,39.788711547851562
8550193,2018,2018-08-03,1203,2018-01-17,1205,4036,P10,3,5,4,1203,0,0,0,,0,001,"4TH ST","V ST",3.00,W,N,B,-,Y,HUM,1,101,-,-,79.402,I,5,S,Y,4,0,1,2,A,-,12,21453,A,N,D,C,A,A,H,-,A,A,0,,,,,Y,,-,"- ",0,0,1,0,0,0,0,0,0,"- ","- ",40.804771423339844,-124.14922332763672,HUMBOLDT,EUREKA,-124.14933776855469,40.804672241210938
8554073,2018,2018-08-03,1203,2018-02-09,2008,4044,P17,5,5,4,1203,0,0,0,,0,001,"4TH ST","K ST",1.00,E,N,A,-,Y,HUM,1,101,-,-,78.792,I,5,S,N,3,0,1,2,A,-,10,21950,A,N,G,B,B,A,H,-,C,D,0,Y,,,,Y,Y,A,01,0,1,0,0,1,0,0,0,0,"- ","- ",,,HUMBOLDT,EUREKA,-124.16070556640625,40.803524017333984
8554077,2018,2018-08-03,1203,2018-02-06,0912,4036,P15,2,5,4,1203,0,0,0,,0,001,"BROADWAY ST","5TH ST",46.00,N,N,A,-,Y,HUM,1,101,-,-,77.980,H,-,S,N,4,0,1,1,A,-,08,22107,,N,E,I,A,A,H,-,A,D,0,,,,,Y,,A,01,0,0,1,0,0,0,0,0,0,"- ","- ",40.801158905029297,-124.17424011230469,HUMBOLDT,EUREKA,-124.17510223388672,40.801010131835938
8557392,2018,2018-08-03,1203,2018-01-25,2202,4044,P16,4,5,4,1203,0,0,0,,0,001,"4TH ST","G ST",0.00,,Y,C,-,Y,HUM,1,101,-,-,78.560,I,5,S,Y,3,0,2,2,A,-,12,21453,A,N,D,C,A,B,H,-,C,A,0,,,,,Y,,A,01,0,2,0,0,0,0,0,0,0,"- ","- ",40.802070617675781,-124.1649169921875,HUMBOLDT,EUREKA,-124.16512298583984,40.802902221679688
8568895,2018,2018-03-15,1203,2018-01-05,1515,4077,P18,5,5,4,1203,0,0,0,,0,001,"5TH ST","N ST",0.00,,Y,A,-,N,,,101,,,,,,,N,3,0,1,2,A,-,10,21950,A,N,H,G,B,A,H,-,A,D,0,Y,,,,Y,,-,,0,1,0,0,1,0,0,0,0,"- ","- ",40.803138732910156,-124.15728759765625,HUMBOLDT,EUREKA,-124.15728759765625,40.803119659423828
8577954,2017,2018-06-18,1205,2017-12-08,1131,0122,,5,5,3,1205,0,0,0,,0,,"KENMAR RD","RT 101",0.00,,Y,A,-,Y,HUM,1,101,-,-,59.666,R,4,S,Y,3,0,1,2,A,-,09,21801,,N,D,C,A,A,H,-,A,A,0,,,,,Y,,A,01,0,1,0,0,0,0,0,0,0,"- ","- ",40.575159999999997,-124.14910999999999,HUMBOLDT,FORTUNA,-124.14954528,40.577091690000003