CASE_ID,ACCIDENT_YEAR,PROC_DATE,JURIS,COLLISION_DATE,COLLISION_TIME,OFFICER_ID,REPORTING_DISTRICT,DAY_OF_WEEK,CHP_SHIFT,POPULATION,CNTY_CITY_LOC,SPECIAL_COND,BEAT_TYPE,CHP_BEAT_TYPE,CITY_DIVISION_LAPD,CHP_BEAT_CLASS,BEAT_NUMBER,PRIMARY_RD,SECONDARY_RD,DISTANCE,DIRECTION,INTERSECTION,WEATHER_1,WEATHER_2,STATE_HWY_IND,CALTRANS_COUNTY,CALTRANS_DISTRICT,STATE_ROUTE,ROUTE_SUFFIX,POSTMILE_PREFIX,POSTMILE,LOCATION_TYPE,RAMP_INTERSECTION,SIDE_OF_HWY,TOW_AWAY,COLLISION_SEVERITY,NUMBER_KILLED,NUMBER_INJURED,PARTY_COUNT,PRIMARY_COLL_FACTOR,PCF_CODE_OF_VIOL,PCF_VIOL_CATEGORY,PCF_VIOLATION,PCF_VIOL_SUBSECTION,HIT_AND_RUN,TYPE_OF_COLLISION,MVIW,PED_ACTION,ROAD_SURFACE,ROAD_COND_1,ROAD_COND_2,LIGHTING,CONTROL_DEVICE,CHP_ROAD_TYPE,PEDESTRIAN_ACCIDENT,BICYCLE_ACCIDENT,MOTORCYCLE_ACCIDENT,TRUCK_ACCIDENT,NOT_PRIVATE_PROPERTY,ALCOHOL_INVOLVED,STWD_VEHTYPE_AT_FAULT,CHP_VEHTYPE_AT_FAULT,COUNT_SEVERE_INJ,COUNT_VISIBLE_INJ,COUNT_COMPLAINT_PAIN,COUNT_PED_KILLED,COUNT_PED_INJURED,COUNT_BICYCLIST_KILLED,COUNT_BICYCLIST_INJURED,COUNT_MC_KILLED,COUNT_MC_INJURED,PRIMARY_RAMP,SECONDARY_RAMP,LATITUDE,LONGITUDE,COUNTY,CITY,POINT_X,POINT_Y
8593476,2018,2018-08-03,1203,2018-01-31,1350,4021,P16,3,5,4,1203,0,0,0,,0,001,"4TH ST","C ST",0.00,,Y,A,-,Y,HUM,1,101,-,-,78.329,I,5,S,Y,3,0,2,3,A,-,08,22100,B,N,B,C,A,A,H,-,A,A,0,,,,,Y,,A,01,0,2,0,0,0,0,0,0,0,"- ","- ",40.802330017089844,-124.16940307617188,HUMBOLDT,EUREKA,-124.16938781738281,40.802318572998047
8593484,2017,2018-06-18,1203,2017-11-16,0000,4042,P22,4,5,4,1203,0,0,0,,0,001,BROADWAY,CLARK,263.00,S,N,B,-,Y,HUM,1,101,-,-,77.620,H,-,S,N,3,0,1,2,A,-,05,21202,A,N,H,G,A,A,H,-,A,D,0,,Y,,,Y,,L,04,0,1,0,0,0,0,1,0,0,"- ","- ",,,HUMBOLDT,EUREKA,-124.17594621000001,40.795817749999998
8596059,2018,2018-05-08,1203,2018-03-21,1720,4078,P18,3,5,4,1203,0,0,0,,0,001,"5TH ST","N ST",169.00,E,N,C,-,N,,,101,,,,,,,N,4,0,2,2,A,-,03,22350,,N,C,C,A,D,H,-,A,D,0,,,,,Y,,A,01,0,0,2,0,0,0,0,0,0,"- ","- ",40.803428649902344,-124.1551513671875,HUMBOLDT,EUREKA,-124.15514373779297,40.803401947021484
8597855,2017,2018-06-18,1203,2017-12-21,1515,4068,P37,4,5,4,1203,0,0,0,,0,002,BROADWAY,"DEL NORTE",167.00,S,N,A,-,Y,HUM,1,101,-,-,77.210,H,-,N,N,4,0,2,2,A,-,03,22350,,N,C,C,A,A,H,-,A,A,0,,,,,Y,,A,01,0,0,2,0,0,0,0,0,0,"- ","- ",40.790680000000002,-124.17885,HUMBOLDT,EUREKA,-124.17908645999999,40.790140579999999
8615362,2018,2018-05-07,1203,2018-04-05,2148,4048,P22,4,5,4,1203,0,0,0,,0,001,BROADWAY,WASHINGTON,38.00,S,N,C,-,N,,,101,,,,,,,Y,3,0,2,1,A,-,03,22350,,N,E,I,A,B,H,-,C,D,0,,,,,Y,,A,01,0,2,0,0,0,0,0,0,0,"- ","- ",40.798091888427734,-124.17521667480469,HUMBOLDT,EUREKA,-124.17516326904297,40.798088073730469
8615628,2018,2018-08-03,1203,2018-03-29,1635,4078,P31,4,5,4,1203,0,0,0,,0,002,BROADWAY,"14TH ST",0.00,,Y,A,-,Y,HUM,1,101,-,-,11.490,I,5,S,Y,4,0,3,2,A,-,03,22350,,N,C,C,A,A,H,-,A,A,0,,,,,Y,,A,01,0,0,3,0,0,0,0,0,0,"- ","- ",40.794120788574219,-124.17682647705078,HUMBOLDT,EUREKA,-123.7958984375,40.120742797851562
8615652,2018,2018-08-03,1203,2018-03-19,1516,4019,P19,1,5,4,1203,0,0,0,,0,001,"4TH ST","U ST",0.00,,Y,A,-,Y,HUM,1,101,-,-,79.345,I,5,S,N,4,0,1,4,A,-,03,22350,,N,C,C,A,A,H,-,A,D,0,,,,Y,Y,,G,25,0,0,1,0,0,0,0,0,0,"- ","- ",40.804679870605469,-124.15067291259766,HUMBOLDT,EUREKA,-124.15041351318359,40.804679870605469
8618680,2018,2018-08-16,1203,2018-04-17,1307,4036,P15,2,5,4,1203,0,0,0,,0,001,"BROADWAY ST","5TH ST",32.00,S,N,B,-,Y,HUM,1,101,-,-,17.802,I,5,N,Y,3,0,1,1,A,-,03,22350,,N,E,I,A,A,H,-,A,D,0,,,,,Y,,A,01,0,1,0,0,0,0,0,0,0,"- ","- ",40.800540924072266,-124.17491912841797,HUMBOLDT,EUREKA,-123.7724609375,40.187950134277344
8624347,2018,2018-08-16,1201,2018-04-05,1446,592,109,4,5,3,1201,0,0,0,,0,00N,"SUNSET AV","H ST",0.00,,Y,C,-,Y,HUM,1,101,-,-,87.144,R,4,S,N,3,0,1,2,A,-,12,22450,A,N,D,C,A,B,H,-,A,D,0,,,,,Y,,A,01,0,1,0,0,0,0,0,0,0,"- ","- ",40.878818511962891,-124.0836181640625,HUMBOLDT,ARCATA,-124.08148193359375,40.881576538085938
8632027,2018,2018-08-16,1203,2018-05-19,2012,4033,P19,6,5,4,1203,0,0,0,,0,001,"RT 101","R ST",0.00,,Y,B,C,Y,HUM,1,101,-,-,79.168,I,5,N,Y,2,0,2,2,A,-,12,21453,A,N,D,C,A,B,H,-,C,A,0,,,Y,,Y,,C,02,1,1,0,0,0,0,0,0,2,"- ","- ",40.803859710693359,-124.15367889404297,HUMBOLDT,EUREKA,-124.15361785888672,40.803878784179688
8632031,2018,2018-08-16,1203,2018-05-23,1325,4019,P15,3,5,4,1203,0,0,0,,0,001,"4TH ST","B ST",33.00,E,N,A,-,Y,HUM,1,101,-,-,78.280,H,-,S,Y,4,0,2,3,A,-,03,22350,,N,C,C,A,A,H,-,A,D,0,,,,,Y,,D,22,0,0,2,0,0,0,0,0,0,"- ","- ",40.802509307861328,-124.17130279541016,HUMBOLDT,EUREKA,-124.17030334472656,40.802181243896484
8634613,2018,2018-08-16,1203,2018-05-26,1432,4067,P16,6,5,4,1203,0,0,0,,0,001,"RT 101","C ST",0.00,,Y,A,-,Y,HUM,1,101,-,-,78.329,I,5,S,N,3,0,1,2,A,-,09,21802,A,N,D,C,A,A,H,-,A,D,0,,,,,Y,,A,07,0,1,0,0,0,0,0,0,0,"- ","- ",40.802330017089844,-124.16938781738281,HUMBOLDT,EUREKA,-124.16938781738281,40.802318572998047
8638949,2018,2018-08-16,1203,2018-05-04,1100,4033,P31,5,5,4,1203,0,0,0,,0,002,"RT 101",WABASH,165.00,N,N,B,-,Y,HUM,1,101,-,-,77.330,H,-,S,N,4,0,1,2,A,-,03,22350,,N,C,C,A,A,H,-,A,A,0,,,,,Y,,A,07,0,0,1,0,0,0,0,0,0,"- ","- ",40.791740417480469,-124.1785888671875,HUMBOLDT,EUREKA,-124.17818450927734,40.791957855224609
8639107,2018,2018-08-16,1203,2018-05-18,1722,4045,P15,5,5,4,1203,0,0,0,,0,001,"4TH ST","B ST",0.00,,Y,B,-,Y,HUM,1,101,-,-,78.272,H,-,S,N,2,0,1,2,A,-,12,22450,A,N,D,G,A,A,H,-,A,A,0,,Y,,,Y,,L,04,1,0,0,0,0,0,1,0,0,"- ","- ",40.802181243896484,-124.17044830322266,HUMBOLDT,EUREKA,-124.17045593261719,40.802158355712891
8639111,2018,2018-08-16,1203,2018-05-31,0750,4075,P69,4,5,4,1203,0,0,0,,0,002,BROADWAY,"SUNSET RD",307.00,N,N,A,-,Y,HUM,1,101,-,-,75.470,H,-,N,N,3,0,1,2,A,-,09,21804,A,N,H,G,A,A,H,-,A,D,0,,Y,,,Y,,L,04,0,1,0,0,0,0,1,0,0,"- ","- ",40.768169403076172,-124.19199371337891,HUMBOLDT,EUREKA,-124.19159698486328,40.7681884765625
8639115,2018,2018-08-16,1203,2018-05-25,1252,4082,P19,5,5,4,1203,0,0,0,,0,001,"4TH ST","R ST",0.00,,Y,A,-,Y,HUM,1,101,-,-,79.168,I,5,S,N,2,0,1,2,A,-,10,21950,A,N,H,B,B,A,H,-,A,A,0,Y,,,,Y,,A,01,1,0,0,0,1,0,0,0,0,"- ","- ",40.804828643798828,-124.15380859375,HUMBOLDT,EUREKA,-124.15364074707031,40.804698944091797
8648496,2018,2020-05-26,1203,2018-12-13,2500,4033,P10,4,5,4,1203,0,0,0,,0,001,"RT 101",V,345.00,E,N,A,-,Y,HUM,1,101,-,-,79.470,H,-,N,N,1,1,0,2,A,-,08,22107,,F,G,B,F,A,H,-,C,D,0,Y,,,,Y,Y,-,99,0,0,0,1,0,0,0,0,0,"- ","- ",40.803871154785156,-124.14929962158203,HUMBOLDT,EUREKA,-124.14796447753906,40.803848266601562
8652216,2018,2018-08-21,1203,2018-06-01,1439,4032,P69,5,5,4,1203,0,0,0,,0,002,BROADWAY,PIERSONS,821.00,N,N,A,-,Y,HUM,1,101,-,-,75.690,H,-,S,N,4,0,1,3,A,-,03,22350,,N,C,C,A,A,H,-,A,A,0,,,,,Y,,A,01,0,0,1,0,0,0,0,0,0,"- ","- ",40.769901275634766,-124.19052886962891,HUMBOLDT,EUREKA,-124.19121551513672,40.771579742431641
8652605,2018,2018-08-21,1203,2018-06-20,1409,4073,P17,3,5,4,1203,0,0,0,,0,001,"5TH ST","J ST",88.00,E,N,B,-,Y,HUM,1,101,-,R,78.750,H,-,N,N,3,0,1,2,A,-,08,22107,,N,B,E,A,A,H,-,A,D,0,,,,,Y,,A,01,0,1,0,0,0,0,0,0,0,"- ","- ",40.802928924560547,-124.16226959228516,HUMBOLDT,EUREKA,-124.16079711914062,40.802631378173828
8652609,2018,2018-08-21,1203,2018-06-06,1201,4075,P37,3,5,4,1203,0,0,0,,0,002,BROADWAY,"WEST DEL NORTE ST",221.00,S,N,A,-,Y,HUM,1,101,-,-,77.200,H,-,N,N,2,0,1,2,A,-,11,21954,A,F,G,B,D,A,H,-,A,D,0,Y,,,,Y,,N,60,1,0,0,0,1,0,0,0,0,"- ","- ",40.790290832519531,-124.17893218994141,HUMBOLDT,EUREKA,-124.17917633056641,40.789981842041016
8658066,2018,2018-09-26,1203,2018-07-20,1825,4063,P66,5,5,4,1203,0,0,0,,0,002,BROADWAY,MCCULLENS,0.00,,Y,A,-,N,,,101,,,,,,,Y,3,0,1,3,A,-,10,21950,A,N,G,B,B,A,H,-,A,A,0,Y,,,,Y,,A,01,0,1,0,0,1,0,0,0,0,"- ","- ",40.774211883544922,-124.19058990478516,HUMBOLDT,EUREKA,-124.19052886962891,40.774196624755859
8667027,2018,2018-08-14,1203,2018-05-06,0105,4076,P18,7,5,4,1203,0,0,0,,0,001,"5TH ST","P ST",35.00,E,N,A,-,Y,HUM,1,101,-,-,79.100,H,-,N,N,3,0,1,2,A,-,11,21954,A,N,G,B,D,A,H,-,C,D,0,Y,,,,Y,,N,60,0,1,0,0,1,0,0,0,0,"- ","- ",40.803199768066406,-124.15487670898438,HUMBOLDT,EUREKA,-124.15493011474609,40.803440093994141
8667148,2018,2018-12-18,1203,2018-07-06,1223,4045,P52,5,5,4,1203,0,0,0,,0,002,BROADWAY,BAYSHORE,19.00,N,N,A,-,Y,HUM,1,101,-,-,76.570,H,-,S,N,2,0,2,2,A,-,09,21804,A,N,D,C,A,A,H,-,A,A,0,,,,,Y,,D,82,2,0,0,0,0,0,0,0,0,"- ","- ",40.782051086425781,-124.18515777587891,HUMBOLDT,EUREKA,-124.18437957763672,40.782051086425781
8676290,2018,2018-12-18,1203,2018-07-17,1654,4088,P69,2,5,4,1203,0,0,0,,0,002,BROADWAY,SUNSET,71.00,S,N,B,-,Y,HUM,1,101,-,-,86.930,H,-,S,N,3,0,1,2,A,-,09,21804,A,N,D,C,A,A,H,-,A,D,0,,,Y,,Y,,A,01,0,1,0,0,0,0,0,0,1,"- ","- ",40.767379760742188,-124.19203186035156,HUMBOLDT,EUREKA,-124.08248901367188,40.878559112548828
8686437,2018,2018-08-30,1203,2018-07-15,1730,4032,P37,7,5,4,1203,0,0,0,,0,002,BROADWAY,"VIGO ST",617.00,N,N,A,-,N,,,101,,,,,,,Y,2,0,1,2,A,-,09,21804,A,N,D,C,A,A,H,-,A,D,0,,,Y,,Y,,D,72,1,0,0,0,0,0,0,0,1,"- ","- ",40.785610198974609,-124.18241119384766,HUMBOLDT,EUREKA,-124.18201446533203,40.785366058349609
8688377,2018,2018-09-18,1203,2018-08-13,1512,4082,P19,1,5,4,1203,0,0,0,,0,001,"5TH ST","R ST",0.00,,Y,A,-,N,,,101,,,,,,,Y,3,0,2,2,A,-,12,21453,,F,D,C,A,A,H,-,A,A,0,,,,,Y,,D,22,0,2,0,0,0,0,0,0,0,"- ","- ",40.803859710693359,-124.15367889404297,HUMBOLDT,EUREKA,-124.15367889404297,40.803874969482422
8688817,2018,2018-12-18,1203,2018-07-30,2133,4036,P2,1,5,4,1203,0,0,0,,0,001,"RT 101","V ST",800.00,E,N,B,-,Y,HUM,1,101,-,-,79.550,H,-,S,N,3,0,1,2,A,-,11,21950,B,N,G,B,E,A,H,-,C,D,0,Y,,,,Y,,N,60,0,1,0,0,1,0,0,0,0,"- ","- ",40.782890319824219,-124.18370056152344,HUMBOLDT,EUREKA,-124.14649200439453,40.804668426513672
8689089,2018,2018-10-23,1203,2018-08-25,2120,4063,P69,6,5,4,1203,0,0,0,,0,002,BROADWAY,SUNSET,270.00,N,N,A,-,Y,HUM,1,101,-,-,75.460,H,-,S,N,3,0,1,2,A,-,11,21954,A,N,G,B,D,A,H,-,C,D,0,Y,,,,Y,Y,A,01,0,1,0,0,1,0,0,0,0,"- ","- ",40.767871856689453,-120.19223022460938,HUMBOLDT,EUREKA,-124.19172668457031,40.768020629882812
8696371,2018,2018-10-23,1203,2018-08-28,1708,4080,P17,2,5,4,1203,0,0,0,,0,001,"5TH ST","H ST",90.00,W,N,A,-,Y,HUM,1,101,-,R,78.610,H,-,N,Y,4,0,2,3,A,-,03,22350,,N,C,C,A,A,H,-,A,A,0,,,,,Y,,A,01,0,0,2,0,0,0,0,0,0,"- ","- ",40.802040100097656,-124.16380310058594,HUMBOLDT,EUREKA,-124.16341400146484,40.802253723144531
8700676,2018,2018-12-17,1203,2018-09-14,1100,4033,P20,5,5,4,1203,0,0,0,,0,003,"O ST","RT 101",43.00,S,N,A,-,Y,HUM,1,101,-,L,79.020,I,5,N,Y,2,0,1,4,A,-,03,22350,,M,C,E,A,A,H,-,A,D,0,,,,,Y,,A,01,1,0,0,0,0,0,0,0,0,"- ","- ",40.798450469970703,-124.14537048339844,HUMBOLDT,EUREKA,-124.15637969970703,40.804012298583984
8709808,2018,2018-12-17,1203,2018-09-20,1829,4042,P19,4,5,4,1203,0,0,0,,0,001,5TH,"T ST",0.00,,Y,A,-,Y,HUM,1,101,-,L,79.288,I,5,S,N,3,0,1,2,A,-,11,21954,A,N,G,B,D,A,H,-,A,D,0,Y,,,,Y,,A,01,0,1,0,0,1,0,0,0,0,"- ","- ",40.803668975830078,-124.15087127685547,HUMBOLDT,EUREKA,-124.151461,40.803863999999997
8715764,2018,2018-10-15,1203,2018-10-01,1624,4044,P51,1,5,4,1203,0,0,0,,0,002,BROADWAY,HIGHLAND,117.00,N,N,B,-,N,,,101,,,,,,,Y,3,0,1,2,A,-,01,23152,A,N,C,C,A,B,H,-,A,A,0,,,,,Y,Y,A,01,0,1,0,0,0,0,0,0,0,"- ","- ",40.782299041748047,-124.18430328369141,HUMBOLDT,EUREKA,-124.18423461914062,40.782253265380859
8727092,2018,2019-01-15,1203,2018-10-07,2140,0635,P22,7,5,4,1203,0,0,0,,0,001,"BROADWAY ST","W CLARK ST",175.00,S,N,A,-,Y,HUM,1,101,-,-,77.640,H,-,N,N,2,0,1,2,A,-,03,22350,,N,H,G,A,A,H,-,C,D,0,,Y,,,Y,,A,01,1,0,0,0,0,0,1,0,0,"- ","- ",40.796348571777344,-124.17584228515625,HUMBOLDT,EUREKA,-124.17563629150391,40.796100616455078
8727203,2018,2019-01-14,1203,2018-09-25,0029,4080,P19,2,5,4,1203,0,0,0,,0,001,"4TH ST","R ST",85.00,W,N,A,-,Y,HUM,1,101,-,-,79.180,H,-,S,Y,2,0,2,2,A,-,11,21954,A,F,G,B,D,A,H,-,C,D,0,Y,,,,Y,Y,N,60,1,1,0,0,1,0,0,0,0,"- ","- ",40.804450988769531,-124.15278625488281,HUMBOLDT,EUREKA,-124.15342712402344,40.804695129394531
8732001,2018,2019-02-25,1203,2018-10-12,2222,4039,P19,5,5,4,1203,0,0,0,,0,001,"R ST","5TH ST",0.00,,Y,A,-,Y,HUM,1,101,-,-,79.168,I,5,N,Y,3,0,2,2,A,-,12,21453,A,N,D,C,A,A,H,-,C,A,0,,,,,Y,,A,07,0,2,0,0,0,0,0,0,0,"- ","- ",40.803859710693359,-124.15367889404297,HUMBOLDT,EUREKA,-124.15361785888672,40.803878784179688
8732629,2018,2018-11-19,1203,2018-10-26,1425,4068,P16,5,5,4,1203,0,0,0,,0,001,"5TH ST","D ST",0.00,,Y,A,-,N,,,101,,,,,,,N,4,0,1,2,A,-,09,21802,A,N,D,D,A,A,H,-,A,A,0,,,,,Y,,A,01,0,0,1,0,0,0,0,0,0,"- ","- ",40.801471710205078,-124.16806793212891,HUMBOLDT,EUREKA,-124.1680908203125,40.801616668701172
8733147,2018,2019-01-15,1203,2018-10-01,1949,4044,P37,1,5,4,1203,0,0,0,,0,002,BROADWAY,"W DEL NORTE",301.00,N,N,B,-,Y,HUM,1,101,-,-,77.190,H,-,N,N,2,0,1,2,A,-,11,21954,A,N,G,B,D,B,H,-,C,D,0,Y,,,,Y,,N,60,1,0,0,0,1,0,0,0,0,"- ","- ",40.790149688720703,-124.1800537109375,HUMBOLDT,EUREKA,-124.17926788330078,40.789825439453125
8735857,2018,2019-02-25,1203,2018-11-30,1540,4077,P52,5,5,4,1203,0,0,0,,0,002,"RT 101","BAYSHORE WY",629.00,N,N,A,-,Y,HUM,1,101,-,-,76.570,H,-,S,Y,3,0,2,2,A,-,08,22107,,N,A,C,A,A,H,-,A,D,0,,,,,Y,,A,07,0,1,1,0,0,0,0,0,0,"- ","- ",40.780670166015625,-124.18570709228516,HUMBOLDT,EUREKA,-124.18437957763672,40.782051086425781
8741827,2018,2018-11-30,1203,2018-11-18,1740,4068,P31,7,5,4,1203,0,0,0,,0,002,BROADWAY,WABASH,210.00,W,N,A,-,N,,,101,,,,,,,Y,3,0,3,4,A,-,01,23153,,N,C,C,A,A,H,-,C,A,0,,,,,Y,Y,A,07,0,2,1,0,0,0,0,0,0,"- ","- ",40.792530059814453,-124.17814636230469,HUMBOLDT,EUREKA,-124.17792510986328,40.792392730712891
8749610,2018,2019-01-25,1203,2018-10-14,1120,4068,P16,7,5,4,1203,0,0,0,,0,001,"4TH ST","D ST",18.00,E,N,A,-,Y,HUM,1,101,-,-,78.400,H,-,N,Y,2,0,1,2,A,-,08,22107,,N,B,C,A,A,H,-,A,A,0,,,Y,,Y,,A,07,1,0,0,0,0,0,0,0,1,"- ","- ",40.802478790283203,-124.16831207275391,HUMBOLDT,EUREKA,-124.16806793212891,40.801616668701172
8749655,2018,2019-01-24,1203,2018-11-16,1451,4078,P31,5,5,4,1203,0,0,0,,0,002,"W WABASH AV",BROADWAY,0.00,,Y,A,-,Y,HUM,1,101,-,-,77.299,I,6,N,N,4,0,2,2,A,-,03,22350,,N,C,C,A,A,H,-,A,A,0,,,,,Y,,A,01,0,0,2,0,0,0,0,0,0,"- ","- ",40.791511535644531,-124.17835998535156,HUMBOLDT,EUREKA,-124.17826843261719,40.791538238525391
8765210,2018,2019-01-24,1203,2018-11-16,2023,4045,P31,5,5,4,1203,0,0,0,,0,002,"WEST WABASH",BROADWAY,7.00,W,N,B,-,Y,HUM,1,101,-,-,77.299,I,6,S,N,3,0,1,2,A,-,11,21954,A,N,G,B,D,A,H,-,C,A,0,Y,,,,Y,,N,60,0,1,0,0,1,0,0,0,0,"- ","- ",40.791740417480469,-124.1785888671875,HUMBOLDT,EUREKA,-124.17844390869141,40.791511535644531
8765264,2018,2019-01-25,1203,2018-12-07,1750,4033,P17,5,5,4,1203,0,0,0,,0,001,4TH,"L ST",0.00,,Y,A,-,Y,HUM,1,101,-,-,78.860,I,5,S,Y,3,0,1,2,A,-,09,21802,A,N,D,C,A,A,H,-,C,A,0,,,,,Y,,A,07,0,1,0,0,0,0,0,0,0,"- ","- ",40.803070068359375,-124.16145324707031,HUMBOLDT,EUREKA,-124.15940856933594,40.803703308105469
8765268,2018,2019-01-25,1203,2018-12-07,0808,4033,P19,5,5,4,1203,0,0,0,,0,001,"RT 101","S ST",11.00,W,N,A,-,Y,HUM,1,101,-,-,79.232,I,6,S,N,2,0,1,2,A,-,10,21950,A,N,G,B,B,A,H,-,B,A,0,Y,,,,Y,,A,01,1,0,0,0,1,0,0,0,0,"- ","- ",40.804450988769531,-124.15278625488281,HUMBOLDT,EUREKA,-124.15251922607422,40.804695129394531
8765272,2018,2019-01-25,1203,2018-12-04,1713,4043,P37,2,5,4,1203,0,0,0,,0,002,"RT 101","BAYSHORE WY",147.00,N,N,A,-,Y,HUM,1,101,-,-,76.590,H,-,S,Y,3,0,3,4,A,-,01,23152,A,N,C,C,A,A,H,-,D,D,0,,,,,Y,Y,A,07,0,3,0,0,0,0,0,0,0,"- ","- ",40.782291412353516,-124.18462371826172,HUMBOLDT,EUREKA,-124.18418884277344,40.782321929931641
8771391,2018,2019-02-25,1203,2018-12-19,2206,4043,P15,3,5,4,1203,0,0,0,,0,001,"RT 101","COMMERCIAL ST",380.00,W,N,A,-,Y,HUM,1,101,-,-,78.040,H,-,N,Y,3,0,1,1,A,-,03,22350,,M,E,I,A,A,H,-,C,D,0,,,,,Y,,A,07,0,1,0,0,0,0,0,0,0,"- ","- ",40.801158905029297,-124.17424011230469,HUMBOLDT,EUREKA,-124.17455291748047,40.80072021484375
8771396,2018,2019-02-25,1203,2018-12-21,1605,4033,P16,5,5,4,1203,0,0,0,,0,001,"4TH ST","E ST",7.00,S,N,F,-,Y,HUM,1,101,-,-,78.442,I,5,S,N,3,0,1,2,A,-,10,21950,A,N,G,B,B,A,H,-,B,A,0,Y,,,,Y,,A,01,0,1,0,0,1,0,0,0,0,"- ","- ",40.802619934082031,-124.16725158691406,HUMBOLDT,EUREKA,-124.16725921630859,40.802604675292969
8779939,2019,2019-03-12,1203,2019-01-02,1619,4068,P17,3,5,4,1203,0,0,0,,0,001,"4TH ST","W ST",0.00,,Y,A,-,Y,HUM,1,101,-,-,78.906,I,5,S,N,2,0,1,2,A,-,01,23153,A,N,G,B,B,A,H,-,A,A,0,Y,,,,Y,Y,D,22,1,0,0,0,1,0,0,0,0,"- ","- ",40.803829193115234,-124.15856170654297,HUMBOLDT,EUREKA,-124.15854644775391,40.803817749023438
8779957,2018,2019-02-25,1203,2018-12-11,2054,4042,P16,2,5,4,1203,0,0,0,,0,001,"4TH ST","D ST",0.00,,Y,B,-,Y,HUM,1,101,-,-,78.397,I,5,N,Y,3,0,1,3,A,-,09,21802,A,N,D,C,A,B,H,-,C,D,0,,,,Y,Y,,A,01,0,1,0,0,0,0,0,0,0,"- ","- ",,,HUMBOLDT,EUREKA,-124.16812896728516,40.801609039306641
8780375,2018,2019-03-27,1203,2018-12-24,2213,4042,P66,1,5,4,1203,0,0,0,,0,002,BROADWAY,MCCULLENS,44.00,W,N,B,-,Y,HUM,1,101,-,-,75.920,H,-,S,N,3,0,2,2,A,-,08,22107,,F,C,C,A,B,H,-,C,A,0,,,,,Y,,A,01,0,2,0,0,0,0,0,0,0,"- ","- ",40.770320892333984,-124.18405914306641,HUMBOLDT,EUREKA,-124.19065856933594,40.774356842041016
8780379,2018,2019-03-27,1203,2018-12-27,1624,0490,P31,4,5,4,1203,0,0,0,,0,002,"BROADWAY ST",WABASH,35.00,N,N,A,-,Y,HUM,1,101,-,-,77.310,H,-,S,N,3,0,1,2,A,-,21,22106,,N,H,C,A,A,H,-,A,D,0,,,,,Y,,A,01,0,1,0,0,0,0,0,0,0,"- ","- ",40.791740417480469,-124.1785888671875,HUMBOLDT,EUREKA,-124.17835235595703,40.791667938232422
8787345,2019,2019-03-12,1203,2019-01-08,1350,4030,P16,2,5,4,1203,0,0,0,,0,001,"4TH ST","H ST",188.00,W,N,A,-,Y,HUM,1,101,-,-,78.570,H,-,S,N,3,0,1,2,A,-,04,21703,,F,C,C,A,A,H,-,A,D,0,,,,,Y,,-,99,0,1,0,0,0,0,0,0,0,"- ","- ",40.798240661621094,-124.17413330078125,HUMBOLDT,EUREKA,-124.1649169921875,40.802928924560547
8787349,2019,2019-03-12,1203,2019-01-01,0711,4048,P51,2,5,4,1203,0,0,0,,0,002,"BROADWAY ST","BROADWAY 3450 ST",0.00,,N,A,-,Y,HUM,1,101,-,-,76.077,I,5,S,Y,3,0,2,2,A,-,12,21453,A,N,D,C,A,A,H,-,B,A,0,,,,,Y,,A,01,0,1,1,0,0,0,0,0,0,"- ","- ",40.776348114013672,-124.19068908691406,HUMBOLDT,EUREKA,-124.19023895263672,40.776412963867188
8789670,2019,2019-03-12,1203,2019-01-23,1713,4078,P37,3,5,4,1203,0,0,0,,0,002,"BROADWAY ST","BAYSHORE WY",0.00,,Y,A,-,Y,HUM,1,101,-,-,76.560,I,5,S,N,4,0,1,3,A,-,09,21802,,N,A,C,A,A,H,-,A,A,0,,,,,Y,,A,07,0,0,1,0,0,0,0,0,0,"- ","- ",40.782291412353516,-124.18462371826172,HUMBOLDT,EUREKA,-124.18447113037109,40.781917572021484
8789674,2019,2019-03-12,1203,2019-01-10,1415,4077,P37,4,5,4,1203,0,0,0,,0,002,BROADWAY,"VIGO ST",0.00,,N,A,-,Y,HUM,1,101,-,-,76.880,H,-,S,N,4,0,1,2,A,-,03,22350,,N,C,C,A,A,H,-,A,D,0,,,,,Y,,D,22,0,0,1,0,0,0,0,0,0,"- ","- ",40.785610198974609,-124.18241119384766,HUMBOLDT,EUREKA,-124.18172454833984,40.785842895507812
8794597,2019,2019-04-23,1203,2019-02-15,1820,4076,P19,5,5,4,1203,0,0,0,,0,001,"4TH ST","S ST",0.00,,Y,C,-,Y,HUM,1,101,-,-,79.231,I,5,S,N,3,0,1,2,A,-,10,21950,A,N,G,B,B,B,H,-,C,D,0,Y,,,,Y,,A,01,0,1,0,0,1,0,0,0,0,"- ","- ",40.804450988769531,-124.15278625488281,HUMBOLDT,EUREKA,-124.15251922607422,40.804695129394531
8794693,2019,2019-04-23,1203,2019-01-24,2214,4044,P19,4,5,4,1203,0,0,0,,0,001,"5TH ST","P ST",58.00,E,N,A,-,Y,HUM,1,101,-,-,79.100,H,-,N,N,4,0,1,2,A,-,11,21950,B,M,G,B,D,A,H,-,C,D,0,Y,,,,Y,Y,N,60,0,0,1,0,1,0,0,0,0,"- ","- ",40.803619384765625,-124.15463256835938,HUMBOLDT,EUREKA,-124.15493011474609,40.803440093994141