CASE_ID,ACCIDENT_YEAR,PROC_DATE,JURIS,COLLISION_DATE,COLLISION_TIME,OFFICER_ID,REPORTING_DISTRICT,DAY_OF_WEEK,CHP_SHIFT,POPULATION,CNTY_CITY_LOC,SPECIAL_COND,BEAT_TYPE,CHP_BEAT_TYPE,CITY_DIVISION_LAPD,CHP_BEAT_CLASS,BEAT_NUMBER,PRIMARY_RD,SECONDARY_RD,DISTANCE,DIRECTION,INTERSECTION,WEATHER_1,WEATHER_2,STATE_HWY_IND,CALTRANS_COUNTY,CALTRANS_DISTRICT,STATE_ROUTE,ROUTE_SUFFIX,POSTMILE_PREFIX,POSTMILE,LOCATION_TYPE,RAMP_INTERSECTION,SIDE_OF_HWY,TOW_AWAY,COLLISION_SEVERITY,NUMBER_KILLED,NUMBER_INJURED,PARTY_COUNT,PRIMARY_COLL_FACTOR,PCF_CODE_OF_VIOL,PCF_VIOL_CATEGORY,PCF_VIOLATION,PCF_VIOL_SUBSECTION,HIT_AND_RUN,TYPE_OF_COLLISION,MVIW,PED_ACTION,ROAD_SURFACE,ROAD_COND_1,ROAD_COND_2,LIGHTING,CONTROL_DEVICE,CHP_ROAD_TYPE,PEDESTRIAN_ACCIDENT,BICYCLE_ACCIDENT,MOTORCYCLE_ACCIDENT,TRUCK_ACCIDENT,NOT_PRIVATE_PROPERTY,ALCOHOL_INVOLVED,STWD_VEHTYPE_AT_FAULT,CHP_VEHTYPE_AT_FAULT,COUNT_SEVERE_INJ,COUNT_VISIBLE_INJ,COUNT_COMPLAINT_PAIN,COUNT_PED_KILLED,COUNT_PED_INJURED,COUNT_BICYCLIST_KILLED,COUNT_BICYCLIST_INJURED,COUNT_MC_KILLED,COUNT_MC_INJURED,PRIMARY_RAMP,SECONDARY_RAMP,LATITUDE,LONGITUDE,COUNTY,CITY,POINT_X,POINT_Y
90018609,2015,2015-10-19,9125,2015-09-09,1000,018958,,3,1,9,1200,0,1,2,,2,022,US-101,"HARPER FORD DRIVEWAY",0.00,,Y,B,-,N,,,101,,,,,,,Y,3,0,2,2,A,-,09,21804,A,N,D,C,A,A,H,-,A,D,0,,,,,Y,,A,07,0,2,0,0,0,0,0,0,0,"- ","- ",40.809570000000001,-124.11411,HUMBOLDT,UNINCORPORATED,-124.1141094,40.809568810000002
90018881,2015,2015-10-19,9126,2015-09-10,0145,019194,,4,3,9,1200,0,1,2,,2,044,"US-101 S/B","HOOKER CREEK ROAD",865.00,S,N,A,-,Y,,,101,,,,,,S,N,3,0,1,1,C,-,18,,,N,H,H,A,A,H,-,C,D,0,,,,,Y,,-,"- ",0,1,0,0,0,0,0,0,0,"- ","- ",40.180210000000002,-123.77769000000001,HUMBOLDT,UNINCORPORATED,-123.77775817,40.180334350000003
90019373,2015,2015-10-19,9125,2015-08-31,1838,013551,,1,2,9,1200,0,1,2,,2,030,"US-101 N/B","HOOKTON RD",598.00,S,N,A,-,Y,,,101,,,,,,N,Y,3,0,1,1,A,-,08,22107,,N,E,I,A,A,H,-,A,D,0,,,,,Y,,A,01,0,1,0,0,0,0,0,0,0,"- ","- ",40.670009999999998,-124.20177,HUMBOLDT,UNINCORPORATED,-124.20199344,40.670056289999998
90019879,2015,2015-10-19,9125,2015-08-26,2155,013551,,3,2,9,1200,0,1,2,,1,024,"US-101 N/B","BAYSIDE CUTOFF",1515.00,S,N,A,-,Y,,,101,,,,,,N,Y,3,0,1,1,A,-,01,23152,F,N,E,I,A,A,H,-,D,D,0,,,,,Y,Y,A,01,0,1,0,0,0,0,0,0,0,"- ","- ",40.8294,-124.08268,HUMBOLDT,UNINCORPORATED,-124.08269438000001,40.829406390000003
90021022,2015,2015-10-19,9126,2015-09-17,0810,021049,,4,1,9,1200,0,1,2,,2,022,"RT 101","BARKDULL RD",2640.00,S,N,B,-,Y,,,101,,,,,,,Y,3,0,3,1,A,-,08,22107,,N,E,I,A,B,H,-,A,D,0,,,,,Y,,A,07,0,3,0,0,0,0,0,0,0,"- ","- ",40.418390000000002,-123.98054,HUMBOLDT,UNINCORPORATED,-123.9804987,40.41841513
90023020,2015,2015-10-19,9125,2015-09-17,1952,020376,,4,2,3,1201,0,1,2,,2,022,"US-101 N/B","ST. LOUIS ROAD",850.00,S,N,A,-,Y,,,101,,,,,,N,Y,3,0,1,4,A,-,03,22350,,N,C,C,A,A,D,-,D,D,0,,,,,Y,,A,07,0,1,0,0,0,0,0,0,0,"- ","- ",40.883920000000003,-124.08049,HUMBOLDT,ARCATA,-124.08044848999999,40.883906340000003
90024811,2015,2015-10-19,9125,2015-06-19,0129,020376,,5,3,4,1203,0,1,2,,1,024,"US-101 S/B","COLE AVENUE",180.00,S,N,A,-,Y,,,101,,,,,,S,Y,1,1,0,1,A,-,01,23152,F,N,F,A,A,A,H,-,C,D,0,,,,,Y,Y,A,01,0,0,0,0,0,0,0,0,0,"- ","- ",40.805399999999999,-124.13419,HUMBOLDT,EUREKA,-124.1341682,40.805526839999999
90025861,2015,2015-10-19,9125,2015-09-19,0200,019948,,6,3,9,1200,0,1,2,,1,024,"US-101 NORTHBOUND","JACOBS AVE",1056.00,N,N,A,-,Y,,,101,,,,,,N,Y,2,0,1,2,A,-,11,21954,A,N,G,B,E,A,H,-,D,A,0,Y,,,,Y,Y,N,60,1,0,0,0,1,0,0,0,0,"- ","- ",40.807980000000001,-124.11721,HUMBOLDT,UNINCORPORATED,-124.11720412,40.807968580000001
90028558,2015,2015-10-19,9125,2015-09-10,0700,020748,,4,1,9,1200,0,1,2,,2,044,"US-101 N/B","MAIN ST",250.00,N,N,A,-,Y,,,101,,,,,,N,Y,4,0,1,2,A,-,03,22350,,N,C,C,A,A,H,-,A,D,0,,,,,Y,,D,22,0,0,1,0,0,0,0,0,0,"- ","- ",40.601109999999998,-124.16965,HUMBOLDT,UNINCORPORATED,-124.16970047,40.601014810000002
90029595,2015,2016-06-09,9125,2015-09-22,0120,015771,,2,3,9,1200,0,1,2,,2,044,"US-101 S/B","LOLETA DRIVE O/C",280.00,N,N,A,-,Y,,,101,,,,,,S,Y,4,0,1,1,A,-,08,22107,,N,E,I,A,A,H,-,C,D,0,,,,,Y,,A,01,0,0,1,0,0,0,0,0,0,"- ","- ",40.642800000000001,-124.20903,HUMBOLDT,UNINCORPORATED,-124.20897290000001,40.642773519999999
90030387,2015,2015-10-19,9125,2015-09-29,1750,020502,,2,2,9,1200,0,1,2,,2,030,"US-101 NB","LOLETA DR OC 4-165",4224.00,N,N,B,-,Y,,,101,,,,,,N,Y,3,0,1,1,A,-,08,22107,,N,E,I,A,A,H,-,A,D,0,,,,,Y,,A,01,0,1,0,0,0,0,0,0,0,"- ","- ",40.651850000000003,-124.21159,HUMBOLDT,UNINCORPORATED,-124.21156774000001,40.651851559999997
90030689,2015,2015-10-19,9126,2015-10-09,1630,021049,9126,5,2,9,1200,0,1,2,,1,066,"RT 101","MILKY WAY",1056.00,N,N,A,-,Y,,,101,,,,,,,Y,4,0,1,2,A,-,03,22350,,N,C,C,A,A,H,-,A,D,0,,,,,Y,,A,01,0,0,1,0,0,0,0,0,0,"- ","- ",40.009650000000001,-123.79047,HUMBOLDT,UNINCORPORATED,-123.79032245000001,40.009701069999998
90033376,2015,2015-10-19,9125,2015-09-01,2010,015771,,2,2,9,1200,0,1,2,,2,045,"US-101 S/B",SR-36,2640.00,N,N,A,-,Y,,,101,,,,,,S,N,1,1,0,2,A,-,08,22107,,F,G,B,E,A,H,-,B,D,0,Y,,,,Y,Y,A,07,0,0,0,1,0,0,0,0,0,"- ","- ",40.555079999999997,-124.14667,HUMBOLDT,UNINCORPORATED,-124.14660431,40.555094080000003
90034522,2015,2015-10-20,9125,2015-10-14,0440,020502,,3,3,9,1200,0,1,2,,2,044,"US-101 N/B","JORDAN CRK BRIDGE #04 0208",3696.00,N,N,A,-,Y,,,101,,,,,,N,Y,4,0,1,1,C,-,18,,,N,H,H,A,A,H,-,D,D,0,,,,,Y,,-,"- ",0,0,1,0,0,0,0,0,0,"- ","- ",40.448639999999997,-124.04016,HUMBOLDT,UNINCORPORATED,-124.04002318000001,40.448778410000003
90044324,2015,2015-11-04,9125,2015-09-13,1915,018064,,7,2,9,1200,0,1,2,,2,016,"US-101 S/B (REDWOOD HIGHWAY)","NEWTON B DRURY SCENIC PKY",15893.00,N,N,A,-,Y,,,101,,,,,,S,Y,1,1,0,1,A,-,08,22107,,N,E,I,A,A,H,-,A,D,0,,,,,Y,,A,01,0,0,0,0,0,0,0,0,0,"- ","- ",41.407409999999999,-124.00234,HUMBOLDT,UNINCORPORATED,-124.00226565,41.407477190000002
9005043,2019,2020-06-04,1203,2019-11-23,1625,4084,P52,6,5,4,1203,0,0,0,,0,002,BROADWAY,BAYSHORE,31.00,S,N,A,-,Y,HUM,1,101,-,-,76.550,H,-,N,N,3,0,1,2,A,-,03,22350,,N,C,C,A,A,H,-,A,A,0,,,,,Y,,D,22,0,1,0,0,0,0,0,0,0,"- ","- ",40.782291412353516,-124.18462371826172,HUMBOLDT,EUREKA,-124.18445587158203,40.781734466552734
90051179,2015,2015-11-16,9126,2015-10-29,1940,020592,,4,2,9,1200,0,1,2,,2,044,"US-101 SOUTHBOUND","DEAN CREEK ROAD",1584.00,N,N,A,-,Y,,,101,,,,,,S,Y,2,0,2,2,A,-,03,22350,,N,D,C,A,A,H,-,D,D,0,,,,,Y,,A,01,1,0,1,0,0,0,0,0,0,"- ","- ",40.146639999999998,-123.80231000000001,HUMBOLDT,UNINCORPORATED,-123.80232837,40.146661090000002
9005118,2019,2020-06-04,1203,2019-11-19,1808,4019,P31,2,5,4,1203,0,0,0,,0,002,BROADWAY,"W WABASH",0.00,,Y,B,-,Y,HUM,1,101,-,-,77.299,H,-,N,N,3,0,1,2,A,-,11,21456,C,N,G,B,B,A,H,-,C,A,0,Y,,,,Y,,N,60,0,1,0,0,1,0,0,0,0,"- ","- ",40.791511535644531,-124.17835235595703,HUMBOLDT,EUREKA,-124.17826843261719,40.791538238525391
90052507,2015,2015-11-17,9125,2015-10-29,1933,020376,,4,2,9,1200,0,1,2,,2,019,"US-101 S/B","SCHOOL ROAD",2640.00,S,N,B,-,Y,,,101,,,,,,S,Y,3,0,1,1,C,-,18,,,N,H,H,A,A,H,-,D,D,0,,,,,Y,,-,"- ",0,1,0,0,0,0,0,0,0,"- ","- ",40.929470000000002,-124.11333,HUMBOLDT,UNINCORPORATED,-124.11337957000001,40.92945186
90054736,2015,2015-11-19,9125,2015-11-16,0935,015572,,1,1,9,1200,0,1,2,,2,030,"US-101 N/B","LOLETA DR",3168.00,N,N,A,-,Y,,,101,,,,,,N,Y,4,0,1,1,A,-,08,22107,,N,E,I,A,A,H,-,A,D,0,,,,,Y,,A,01,0,0,1,0,0,0,0,0,0,"- ","- ",40.652679999999997,-124.21214000000001,HUMBOLDT,UNINCORPORATED,-124.21153385,40.652593019999998
90058309,2015,2015-11-24,9125,2015-11-18,1002,021115,,3,1,9,1200,0,1,2,,1,024,"US-101 N/B @ INDIANOLA CUTOFF","INDIANOLA CUTOFF",0.00,,Y,A,-,Y,,,101,,,,,,N,Y,4,0,1,2,A,-,09,21802,A,N,D,C,A,A,H,-,A,A,0,,,,,Y,,A,01,0,0,1,0,0,0,0,0,0,"- ","- ",40.820239999999998,-124.09308,HUMBOLDT,UNINCORPORATED,-124.09312283,40.820327169999999
90063843,2015,2015-12-02,9125,2015-11-21,1758,020376,,6,2,3,1201,0,1,2,,2,022,"US-101 N/B","WEST END ROAD",200.00,N,N,E,-,Y,,,101,,,,,,N,Y,4,0,1,2,A,-,07,21658,A,N,C,C,A,B,H,-,D,D,0,,,,,Y,,A,07,0,0,1,0,0,0,0,0,0,"- ","- ",40.892519999999998,-124.08086,HUMBOLDT,ARCATA,-124.08082689,40.892536380000003
9006397,2019,2020-08-26,1203,2019-12-18,1717,4019,P2,3,5,4,1203,0,0,0,,0,001,"RT 101","Y ST",448.00,E,N,B,-,Y,HUM,1,101,-,-,79.650,H,-,S,Y,3,0,2,3,A,-,03,22350,,N,C,C,A,B,H,-,D,D,0,,,,,Y,,A,07,0,2,0,0,0,0,0,0,0,"- ","- ",,,HUMBOLDT,EUREKA,-124.14455413818359,40.8046875
90066610,2015,2015-12-07,9125,2015-11-21,0047,020491,,6,3,9,1200,0,1,2,,2,017,"US-101 S/B","REDWOOD TRAILS CIR",2301.00,N,N,B,-,Y,,,101,,,,,,S,Y,4,0,1,2,A,-,05,21460,A,N,A,C,A,B,H,-,D,D,0,,,,,Y,,A,01,0,0,1,0,0,0,0,0,0,"- ","- ",41.232080000000003,-124.08360999999999,HUMBOLDT,UNINCORPORATED,-124.08350865,41.232058369999997
90067101,2015,2015-12-07,9125,2015-11-23,1815,018172,,1,2,9,1200,0,1,2,,2,019,"US-101 N/B","GIUNTOLI LN",528.00,N,N,B,-,Y,,,101,,,,,,N,Y,4,0,1,2,A,-,03,22350,,N,C,C,A,A,C,-,C,D,0,,,,,Y,,A,07,0,0,1,0,0,0,0,0,0,"- ","- ",40.905790000000003,-124.08753,HUMBOLDT,UNINCORPORATED,-124.08747864999999,40.905815519999997
90069716,2015,2015-12-10,9125,2015-11-29,1245,015572,,7,1,9,1200,0,1,2,,2,030,"US-101 N/B","SALMON CREEK BRIDGE",175.00,N,N,A,-,Y,,,101,,,,,,N,N,3,0,1,1,A,-,03,22350,,N,E,I,A,A,H,-,A,D,0,,Y,,,Y,,L,04,0,1,0,0,0,0,1,0,0,"- ","- ",40.666539999999998,-124.20283999999999,HUMBOLDT,UNINCORPORATED,-124.20290738999999,40.666559229999997
90073233,2015,2015-12-15,9125,2015-12-07,2210,015771,,1,3,9,1200,0,1,2,,2,016,US-101,"NEWTON B. DRURY PARKWAY",2640.00,S,N,B,-,Y,,,101,,,,,,,Y,4,0,1,1,A,-,08,22107,,N,E,I,A,B,H,-,D,D,0,,,,,Y,,A,07,0,0,1,0,0,0,0,0,0,"- ","- ",41.341200000000001,-124.03355999999999,HUMBOLDT,UNINCORPORATED,-124.03353306,41.34117071
90076582,2015,2015-12-17,9125,2015-12-11,1220,020696,,5,1,9,1200,0,1,2,,2,019,"US-101 N/B","6TH AVE.",2500.00,N,N,C,-,Y,,,101,,,,,,N,Y,3,0,2,1,A,-,08,22107,,N,F,A,A,B,H,-,A,D,0,,,,,Y,,A,01,0,1,1,0,0,0,0,0,0,"- ","- ",41.043880000000001,-124.11599,HUMBOLDT,UNINCORPORATED,-124.11617778999999,41.043716869999997
90076620,2015,2015-12-17,9125,2015-12-09,0930,020696,,3,1,9,1200,0,1,2,,2,045,"US-101 N/B","WILDWOOD AVE",4050.00,N,N,B,-,Y,,,101,,,,,,N,Y,3,0,1,1,A,-,08,22107,,N,E,I,A,B,H,-,A,D,0,,,,,Y,,D,22,0,1,0,0,0,0,0,0,0,"- ","- ",40.51061,-124.12124,HUMBOLDT,UNINCORPORATED,-124.12105542,40.51080752
90078941,2015,2015-12-21,9125,2015-12-09,1122,020946,,3,1,3,1201,0,1,2,,2,022,"US-101 S/B","SAMOA BLVD",508.00,N,N,B,C,Y,,,101,,,,,,S,Y,3,0,1,1,A,-,01,23152,A,N,E,I,A,B,H,-,A,D,0,,,Y,,Y,Y,C,02,0,1,0,0,0,0,0,0,1,"- ","- ",40.8643,-124.08319,HUMBOLDT,ARCATA,-124.08295982999999,40.864316879999997
90078976,2015,2015-12-21,9126,2015-11-28,2015,020919,,6,2,9,1200,0,1,2,,2,044,"US-101 N/B","DEAN CREEK RD",3696.00,N,N,F,-,Y,,,101,,,,,,N,Y,2,0,5,2,A,-,03,22350,,N,C,C,A,A,H,-,D,D,0,,,,,Y,,A,01,2,2,1,0,0,0,0,0,0,"- ","- ",40.158090000000001,-123.79297,HUMBOLDT,UNINCORPORATED,-123.79302764000001,40.15816556
90079700,2015,2015-12-22,9126,2015-11-14,2500,021109,,6,4,9,1200,0,1,2,,1,066,"US HIGHWAY 101","MILKYWAY LOOP",3168.00,N,N,B,-,Y,,,101,,,,,,,Y,1,1,1,1,A,-,01,23152,A,N,E,I,A,B,H,-,D,D,0,,,,,Y,Y,A,01,1,0,0,0,0,0,0,0,0,"- ","- ",40.019370000000002,-123.79165,HUMBOLDT,UNINCORPORATED,-123.79180402999999,40.019281319999997
90079904,2015,2015-12-22,9125,2015-12-15,0525,018064,,2,3,9,1200,0,1,2,,2,016,"US-101 N/B (REDWOOD HIGHWAY)","NEWTON B DRURY SCENIC PKY",14784.00,N,N,B,F,Y,,,101,,,,,,N,Y,4,0,2,1,A,-,03,22350,,N,E,I,A,C,G,H,D,D,0,,,,,Y,,D,22,0,0,2,0,0,0,0,0,0,"- ","- ",41.370980000000003,-123.99054,HUMBOLDT,UNINCORPORATED,-123.99052596999999,41.370980420000002
90079920,2015,2015-12-22,9125,2015-12-15,0600,018064,,2,1,9,1200,0,1,2,,2,016,"US-101 N/B (REDWOOD HIGHWAY)","NEWTON B DRURY SCENIC PKY",14784.00,N,N,B,-,Y,,,101,,,,,,N,Y,4,0,1,1,A,-,03,22350,,N,D,I,A,C,G,-,D,D,0,,,,,Y,,A,01,0,0,1,0,0,0,0,0,0,"- ","- ",41.370980000000003,-123.99054,HUMBOLDT,UNINCORPORATED,-123.99052596999999,41.370980420000002
90080041,2015,2015-12-22,9125,2015-12-15,0730,015572,,2,1,9,1200,0,1,2,,2,030,"US-101 N/B","PALMER BLVD",528.00,N,N,A,-,Y,,,101,,,,,,N,Y,4,0,1,1,A,-,03,22350,,N,E,I,A,C,H,-,A,D,0,,,,,Y,,D,22,0,0,1,0,0,0,0,0,0,"- ","- ",40.605800000000002,-124.17985,HUMBOLDT,UNINCORPORATED,-124.179919,40.605567620000002
90081249,2015,2015-12-23,9125,2015-12-15,1712,015572,,2,2,9,1200,0,1,2,,2,030,"US-101 S/B, HOOKTON ROAD OFF RAMP","HOOKTON ROAD O/C",528.00,S,N,A,-,Y,,,101,,,,R,,S,Y,2,0,1,1,C,-,18,,,N,E,I,A,A,H,-,A,D,0,,,,,Y,,-,"- ",1,0,0,0,0,0,0,0,0,"- ","- ",40.669870000000003,-124.20234000000001,HUMBOLDT,UNINCORPORATED,-124.20234000000001,40.669870000000003
90081826,2015,2015-12-24,9125,2015-11-22,2058,018172,,7,2,9,1200,0,1,2,,2,019,"US-101 N/B","GIUNTOLI LN",2112.00,N,N,E,-,Y,,,101,,,,,,N,Y,1,1,1,2,A,-,11,21954,A,N,G,B,E,B,H,-,C,A,0,Y,,,,Y,,N,60,0,0,1,1,0,0,0,0,0,"- ","- ",40.909559999999999,-124.08934000000001,HUMBOLDT,UNINCORPORATED,-124.08935074,40.909554479999997
90098023,2015,2016-02-11,9125,2015-11-09,2035,018064,,1,2,9,1200,0,1,2,,2,045,"US-101 S/B (REDWOOD HIGHWAY)",SR-36,1584.00,S,N,A,-,Y,,,101,,,,,,S,Y,1,1,0,1,A,-,05,21651,B,N,E,I,A,A,H,-,D,A,0,,,,,Y,,A,01,0,0,0,0,0,0,0,0,0,"- ","- ",40.543770000000002,-124.14458999999999,HUMBOLDT,UNINCORPORATED,-124.14464633,40.543764199999998
90099557,2015,2016-01-21,9125,2015-12-30,2250,020946,,3,3,9,1200,0,1,2,,2,017,US-101,"NEWTON B DRURY SCENIC PKY",4118.00,S,N,A,-,Y,,,101,,,,,,,Y,2,0,2,1,A,-,08,22107,,N,E,I,A,B,H,-,D,D,0,,,,,Y,,D,22,1,0,1,0,0,0,0,0,0,"- ","- ",41.338320000000003,-124.03176999999999,HUMBOLDT,UNINCORPORATED,-124.03173964,41.338361429999999
90103632,2016,2016-01-27,9125,2016-01-25,1415,015572,,1,2,9,1200,0,1,2,,2,030,"US-101 N/B","ORCHARD AVE U/C",1584.00,S,N,B,C,Y,,,101,,,,,,N,Y,4,0,1,1,A,-,03,22350,,N,E,I,A,B,H,-,A,D,0,,,,,Y,,A,01,0,0,1,0,0,0,0,0,0,"- ","- ",40.716740000000001,-124.21552,HUMBOLDT,UNINCORPORATED,-124.21558229,40.716741409999997
90107841,2016,2016-02-02,9125,2016-01-29,1725,019426,,5,2,9,1200,0,1,2,,2,044,"US-101 N/B","SINGLEY RD",3168.00,S,N,C,-,Y,,,101,,,,,,N,N,4,0,1,2,A,-,03,22350,,N,C,C,A,B,H,-,B,D,0,,,,,Y,,A,01,0,0,1,0,0,0,0,0,0,"- ","- ",40.6173,-124.20071,HUMBOLDT,UNINCORPORATED,-124.20069303,40.617356350000001
90108252,2016,2016-02-03,9125,2016-01-13,1023,020895,,3,1,9,1200,0,1,2,,1,024,"US-101 N/B","INDIANOLA CUTOFF",0.00,,Y,B,C,Y,,,101,,,,,,N,Y,3,0,2,2,A,-,09,21804,A,N,D,C,A,B,H,-,A,D,0,,,,,Y,,A,07,0,1,1,0,0,0,0,0,0,"- ","- ",40.820349999999998,-124.09299,HUMBOLDT,UNINCORPORATED,-124.0930068,40.820384179999998
90109266,2016,2016-02-04,9125,2016-01-28,0805,018958,,4,1,9,1200,0,1,2,,2,016,US-101,"NEWTON B DRURY SCENIC PKY",7920.00,N,N,B,C,N,,,101,,,,,,,Y,3,0,1,1,A,-,08,22107,,N,E,I,A,B,H,-,A,D,0,,,,,Y,,A,07,0,1,0,0,0,0,0,0,0,"- ","- ",41.359409999999997,-124.00148,HUMBOLDT,UNINCORPORATED,-124.00144807,41.359664670000001
90112438,2016,2016-02-10,9125,2016-01-17,2145,013551,,7,2,9,1200,0,1,2,,2,045,"US-101 S/B","STAFFORD RD.",2640.00,S,N,B,-,Y,,,101,,,,,,S,Y,3,0,1,1,A,-,01,23152,A,N,E,I,A,B,H,-,D,D,0,,,,,Y,Y,D,22,0,1,0,0,0,0,0,0,0,"- ","- ",40.453510000000001,-124.04868,HUMBOLDT,UNINCORPORATED,-124.04868481,40.45349427
90113380,2016,2016-02-11,9125,2016-01-29,1315,020696,,5,1,9,1200,0,1,2,,2,016,"US-101 N/B","DAVISON RD.",5280.00,N,N,B,-,Y,,,101,,,,,,N,Y,4,0,1,1,A,-,08,22107,,N,F,A,A,B,H,-,A,D,0,,,,,Y,,A,07,0,0,1,0,0,0,0,0,0,"- ","- ",41.340609999999998,-124.03404999999999,HUMBOLDT,UNINCORPORATED,-124.03384929000001,41.340592600000001
90116398,2016,2016-02-16,9125,2016-02-05,0110,020491,,5,3,9,1200,0,1,2,,2,044,"US-101 SOUTHBOUND","PALMER BLVD",125.00,S,N,A,-,Y,,,101,,,,,,S,Y,2,0,1,1,A,-,01,23152,A,N,E,I,A,A,H,-,D,D,0,,,,,Y,Y,A,01,1,0,0,0,0,0,0,0,0,"- ","- ",40.603619999999999,-124.17627,HUMBOLDT,UNINCORPORATED,-124.1761571,40.603828100000001
90118568,2016,2016-02-18,9125,2016-02-09,1528,020895,,2,2,9,1200,0,1,2,,2,045,"US-101 N/B","VAN DUZEN RIVER",1056.00,S,N,A,-,Y,,,101,,,,,,N,Y,2,0,1,1,A,-,08,22107,,N,E,I,A,A,H,-,A,D,0,,,,,Y,,A,01,1,0,0,0,0,0,0,0,0,"- ","- ",40.534790000000001,-124.1491,HUMBOLDT,UNINCORPORATED,-124.14913635000001,40.53481524
90127105,2016,2016-03-01,9126,2016-02-23,1500,021081,,2,2,9,1200,0,1,2,,2,022,"US-101 S/B","NEWTON RD",0.00,,Y,A,-,Y,,,101,,,,,,S,Y,3,0,1,1,A,-,08,22107,,N,E,I,A,A,H,-,A,D,0,,,,Y,Y,,F,26,0,1,0,0,0,0,0,0,0,"- ","- ",40.321579999999997,-123.92133,HUMBOLDT,UNINCORPORATED,-123.92130385999999,40.321582669999998
90131410,2016,2016-03-08,9125,2016-03-02,0700,014643,,3,1,9,1200,0,1,2,,2,030,"US-101 N/B (REDWOOD HIGHWAY)","ORCHARD AVE",610.00,S,N,A,B,Y,,,101,,,,,,N,Y,4,0,1,1,A,-,08,22107,,N,E,I,A,A,H,-,A,D,0,,,,,Y,,D,22,0,0,1,0,0,0,0,0,0,"- ","- ",40.72287,-124.21523000000001,HUMBOLDT,UNINCORPORATED,-124.21515968999999,40.722862149999997
90131528,2016,2016-03-08,9125,2016-02-23,1040,020895,,2,1,3,1201,0,1,2,,2,022,"US-101 S/B","ST LOIUS RD O/C",70.00,N,N,A,-,Y,,,101,,,,,,S,Y,4,0,1,2,A,-,07,21658,A,N,B,D,A,A,H,-,A,D,0,,,,,Y,,D,22,0,0,1,0,0,0,0,0,0,"- ","- ",40.886719999999997,-124.07998000000001,HUMBOLDT,ARCATA,-124.07986144,40.886707360000003
9013376,2019,2020-08-26,1203,2019-12-24,1710,4019,P69,2,5,4,1203,0,0,0,,0,002,BROADWAY,HILFIKER,303.00,S,N,B,-,Y,HUM,1,101,-,-,79.180,H,-,S,Y,2,0,1,4,A,-,01,23152,E,N,A,C,A,B,H,-,C,D,0,,,,,Y,Y,D,22,1,0,0,0,0,0,0,0,0,"- ","- ",40.771701812744141,-124.19109344482422,HUMBOLDT,EUREKA,-124.15342712402344,40.804695129394531
9013380,2019,2020-06-04,1203,2019-12-20,1812,4103,P16,5,5,4,1203,0,0,0,,0,001,"5TH ST","G ST",86.00,W,N,B,-,Y,HUM,1,101,-,-,78.540,H,-,N,N,3,0,1,2,A,-,03,22350,,N,C,C,A,A,H,-,C,D,0,,,,,Y,,D,22,0,1,0,0,0,0,0,0,0,"- ","- ",40.802101135253906,-124.16519165039062,HUMBOLDT,EUREKA,-124.16535186767578,40.801982879638672
90135547,2016,2016-03-14,9125,2016-02-24,2358,020376,,3,3,9,1200,0,1,2,,2,030,"US-101 N/B","LOLETA DRIVE",370.00,N,N,B,-,Y,,,101,,,,,,N,Y,3,0,1,1,A,-,03,22350,,N,E,I,A,A,H,-,D,D,0,,,,,Y,,A,01,0,1,0,0,0,0,0,0,0,"- ","- ",40.651249999999997,-124.21156999999999,HUMBOLDT,UNINCORPORATED,-124.21148753,40.651273340000003
90135867,2016,2016-03-14,9126,2016-03-05,1545,021168,,6,2,9,1200,0,1,2,,2,022,"US-101 N/B","NEWTON RD",1056.00,S,N,C,-,Y,,,101,,,,,,N,Y,3,0,1,1,A,-,08,22107,,N,E,I,A,B,H,-,A,D,0,,,,,Y,,A,01,0,1,0,0,0,0,0,0,0,"- ","- ",40.31709,-123.91973,HUMBOLDT,UNINCORPORATED,-123.91978252,40.317021400000002
90138868,2016,2016-03-17,9125,2016-03-14,2125,018172,,1,2,9,1200,0,1,2,,2,019,"US-101 N/B FROM GIUNTOLI LN","GIUNTOLI LN",277.00,N,N,B,-,Y,,,101,,,,R,,N,Y,2,0,1,1,A,-,01,23152,A,N,F,A,A,B,H,-,D,D,0,,,,,Y,Y,A,01,1,0,0,0,0,0,0,0,0,"- ","- ",40.90558,-124.08604,HUMBOLDT,UNINCORPORATED,-124.08604,40.90558
90140283,2016,2016-03-21,9125,2016-03-05,0154,020946,,6,3,9,1200,0,1,2,,2,044,"US-101 S/B OFFRAMP TO KENMAR ROAD","KENMAR RD",581.00,N,N,C,G,Y,,,101,,,,R,,S,Y,3,0,1,1,A,-,01,23152,A,N,E,I,A,B,H,-,D,D,0,,,,,Y,Y,A,01,0,1,0,0,0,0,0,0,0,"- ","- ",40.576000000000001,-124.14981,HUMBOLDT,UNINCORPORATED,-124.14981,40.576000000000001
90142777,2016,2016-03-24,9125,2016-03-12,0905,019116,,6,1,9,1200,0,1,2,,2,018,"US-101 NORTHBOUND (REDWOOD HIGHWAY)","PATRICKS POINT DRIVE",528.00,S,N,B,-,Y,,,101,,,,,,N,Y,3,0,1,1,A,-,03,22350,,N,E,I,A,B,H,-,A,D,0,,,,Y,Y,,G,25,0,1,0,0,0,0,0,0,0,"- ","- ",41.133450000000003,-124.14951000000001,HUMBOLDT,UNINCORPORATED,-124.14952597,41.133460659999997