CASE_ID,ACCIDENT_YEAR,PROC_DATE,JURIS,COLLISION_DATE,COLLISION_TIME,OFFICER_ID,REPORTING_DISTRICT,DAY_OF_WEEK,CHP_SHIFT,POPULATION,CNTY_CITY_LOC,SPECIAL_COND,BEAT_TYPE,CHP_BEAT_TYPE,CITY_DIVISION_LAPD,CHP_BEAT_CLASS,BEAT_NUMBER,PRIMARY_RD,SECONDARY_RD,DISTANCE,DIRECTION,INTERSECTION,WEATHER_1,WEATHER_2,STATE_HWY_IND,CALTRANS_COUNTY,CALTRANS_DISTRICT,STATE_ROUTE,ROUTE_SUFFIX,POSTMILE_PREFIX,POSTMILE,LOCATION_TYPE,RAMP_INTERSECTION,SIDE_OF_HWY,TOW_AWAY,COLLISION_SEVERITY,NUMBER_KILLED,NUMBER_INJURED,PARTY_COUNT,PRIMARY_COLL_FACTOR,PCF_CODE_OF_VIOL,PCF_VIOL_CATEGORY,PCF_VIOLATION,PCF_VIOL_SUBSECTION,HIT_AND_RUN,TYPE_OF_COLLISION,MVIW,PED_ACTION,ROAD_SURFACE,ROAD_COND_1,ROAD_COND_2,LIGHTING,CONTROL_DEVICE,CHP_ROAD_TYPE,PEDESTRIAN_ACCIDENT,BICYCLE_ACCIDENT,MOTORCYCLE_ACCIDENT,TRUCK_ACCIDENT,NOT_PRIVATE_PROPERTY,ALCOHOL_INVOLVED,STWD_VEHTYPE_AT_FAULT,CHP_VEHTYPE_AT_FAULT,COUNT_SEVERE_INJ,COUNT_VISIBLE_INJ,COUNT_COMPLAINT_PAIN,COUNT_PED_KILLED,COUNT_PED_INJURED,COUNT_BICYCLIST_KILLED,COUNT_BICYCLIST_INJURED,COUNT_MC_KILLED,COUNT_MC_INJURED,PRIMARY_RAMP,SECONDARY_RAMP,LATITUDE,LONGITUDE,COUNTY,CITY,POINT_X,POINT_Y
90146370,2016,2016-03-28,9126,2016-03-13,0510,020919,,7,3,9,1200,0,1,2,,2,044,"US-101 NORTHBOUND","FRENCH ROAD",4224.00,N,N,B,C,Y,,,101,,,,,,N,Y,4,0,1,1,A,-,03,22350,,N,E,I,A,B,H,-,D,D,0,,,,,Y,,J,48,0,0,1,0,0,0,0,0,0,"- ","- ",40.226500000000001,-123.82876,HUMBOLDT,UNINCORPORATED,-123.82880149,40.226480129999999
90146750,2016,2016-03-29,9125,2016-03-24,1515,014643,,4,2,9,1200,0,1,2,,2,030,"US-101 N/B TO HERRICK AVENUE OFFRAMP","HERRICK AVENUE",12.00,S,N,A,-,Y,,,101,,,,R,,N,N,4,0,1,2,A,-,03,22350,,N,C,C,A,A,H,-,A,A,0,,,,,Y,,A,07,0,0,1,0,0,0,0,0,0,"- ","- ",40.757860000000001,-124.18855000000001,HUMBOLDT,UNINCORPORATED,-124.18855000000001,40.757860000000001
90153265,2016,2016-04-07,9125,2016-04-06,0900,018958,,3,1,9,1200,0,1,2,,2,017,US-101,"DAVISON RD.",528.00,S,N,A,-,N,,,101,,,,,,,Y,4,0,1,2,A,-,03,22350,,N,C,C,A,A,D,-,A,D,0,,,,,Y,,A,01,0,0,1,0,0,0,0,0,0,"- ","- ",41.316279999999999,-124.04121000000001,HUMBOLDT,UNINCORPORATED,-124.04119999,41.316275879999999
90156282,2016,2016-04-12,9125,2016-04-03,2300,020748,,7,3,9,1200,0,1,2,,2,044,"US-101 S/B","SINGLEY RD",1584.00,S,N,A,-,Y,,,101,,,,,,S,Y,3,0,1,1,A,-,01,23152,A,N,E,I,A,B,H,-,D,D,0,,,,,Y,Y,A,01,0,1,0,0,0,0,0,0,0,"- ","- ",40.619340000000001,-124.20447,HUMBOLDT,UNINCORPORATED,-124.20443442,40.619391929999999
90160892,2016,2016-04-19,9125,2016-04-14,0736,014643,,4,1,9,1200,0,1,2,,2,044,"US-101 N/B (REDWOOD HIGHWAY)","PALMER BLVD U/C",528.00,N,N,C,-,Y,,,101,,,,,,N,Y,4,0,1,2,A,-,03,22350,,N,C,C,A,B,H,-,A,D,0,,,,,Y,,A,01,0,0,1,0,0,0,0,0,0,"- ","- ",40.605800000000002,-124.18055,HUMBOLDT,UNINCORPORATED,-124.18056228,40.605758629999997
90164608,2016,2016-04-25,9125,2016-04-09,0410,020895,,6,3,9,1200,0,1,2,,2,018,"US-101 N/B","PATRICKS POINT DR",1320.00,N,N,B,-,Y,,,101,,,,,,N,Y,3,0,1,1,A,-,08,22107,,N,E,I,A,B,H,-,D,D,0,,,,,Y,,A,01,0,1,0,0,0,0,0,0,0,"- ","- ",41.140900000000002,-124.13778000000001,HUMBOLDT,UNINCORPORATED,-124.13759453999999,41.140721149999997
90165030,2016,2016-04-25,9125,2016-04-12,0355,018064,,2,3,9,1200,0,1,2,,2,018,"US-101 N/B (REDWOOD HIGHWAY)","6TH AVE",3696.00,N,N,B,-,Y,,,101,,,,,,N,Y,2,0,1,1,A,-,01,23152,A,N,E,I,A,A,H,-,D,D,0,,,,,Y,Y,D,22,1,0,0,0,0,0,0,0,0,"- ","- ",41.044280000000001,-124.11671,HUMBOLDT,UNINCORPORATED,-124.11668546999999,41.044301300000001
90165876,2016,2016-04-26,9125,2016-04-20,0001,020748,,3,3,9,1200,0,1,2,,2,045,"US-101 NB","METROPOLITAN RD",1056.00,S,N,B,-,Y,,,101,,,,,,N,Y,4,0,1,1,A,-,08,22107,,N,E,I,A,A,H,-,D,D,0,,,,,Y,,A,01,0,0,1,0,0,0,0,0,0,"- ","- ",40.512689999999999,-124.12520000000001,HUMBOLDT,UNINCORPORATED,-124.12514321,40.512840779999998
90167322,2016,2016-04-27,9125,2016-04-24,2225,018064,,7,3,9,1200,0,1,2,,2,017,"US-101 (REDWOOD HIGHWAY)","YACHT CLUB ROAD",2640.00,N,N,A,-,Y,,,101,,,,,,,Y,2,0,2,2,A,-,01,23152,A,N,A,C,A,A,H,-,D,D,0,,,,,Y,Y,A,01,2,0,0,0,0,0,0,0,0,"- ","- ",41.180840000000003,-124.10629,HUMBOLDT,UNINCORPORATED,-124.10625985,41.18084906
9016925,2020,2020-09-28,1203,2020-02-14,1243,4077,P15,5,5,4,1203,0,0,0,,0,001,BROADWAY,"6TH ST",32.00,N,N,A,-,Y,HUM,1,101,-,-,77.910,H,-,S,N,4,0,1,2,A,-,03,22350,,N,C,C,A,-,A,H,A,A,0,,,,,Y,,D,22,0,0,1,0,0,0,0,0,0,"- ","- ",40.799560546875,-124.17386627197266,HUMBOLDT,EUREKA,-124.17514801025391,40.799972534179688
90172063,2016,2016-05-03,9125,2016-04-29,1410,018958,,5,2,9,1200,0,1,2,,2,017,US-101,"BALD HILLS RD",200.00,S,N,A,-,N,,,101,,,,,,,Y,3,0,2,1,A,-,08,22107,,N,E,I,A,A,H,-,A,D,0,,,,,Y,,A,01,0,2,0,0,0,0,0,0,0,"- ","- ",41.301259999999999,-124.04897,HUMBOLDT,UNINCORPORATED,-124.04895268999999,41.301216789999998
90172855,2016,2016-05-04,9126,2016-02-25,0251,020975,,4,3,9,1200,0,1,2,,2,044,"US-101 S/B","SOUTH FORK EEL RIVER BRIDGE #4-65",5597.00,N,N,A,-,Y,,,101,,,,,,S,Y,2,0,2,3,C,-,18,,,N,A,C,A,A,C,-,D,D,0,,,,,Y,,-,"- ",2,0,0,0,0,0,0,0,0,"- ","- ",40.197319999999998,-123.77585999999999,HUMBOLDT,UNINCORPORATED,-123.77586549,40.197316370000003
90172859,2016,2016-05-04,9126,2016-02-25,0250,020975,,4,3,9,1200,0,1,2,,2,044,"US-101 S/B","SOUTH FORK EEL RIVER BRIDGE #4-65",5808.00,N,N,A,-,Y,,,101,,,,,,S,Y,1,1,0,1,A,-,01,23152,A,N,E,I,A,A,H,-,D,D,0,,,,,Y,Y,A,01,0,0,0,0,0,0,0,0,0,"- ","- ",40.198259999999998,-123.77645,HUMBOLDT,UNINCORPORATED,-123.77644626,40.198262290000002
90176189,2016,2016-05-23,9125,2016-05-04,1515,014643,,3,2,9,1200,0,1,2,,2,030,"US-101 S/B (REDWOOD HIGHWAY)","LOLETA DRIVE O/C",3168.00,N,N,B,C,Y,,,101,,,,,,S,Y,3,0,1,2,A,-,17,21711,,N,B,C,A,B,H,-,A,D,0,,,,,Y,,B,07,0,1,0,0,0,0,0,0,0,"- ","- ",40.651150000000001,-124.21169,HUMBOLDT,UNINCORPORATED,-124.21162630000001,40.651165120000002
90179384,2016,2016-05-16,9125,2016-05-02,1253,019426,,1,1,9,1200,0,1,2,,2,019,"US-101 N/B","HILLER RD",1056.00,S,N,A,-,Y,,,101,,,,,,N,Y,3,0,2,1,A,-,08,22107,,N,F,A,A,A,H,-,A,D,0,,,,,Y,,A,07,0,2,0,0,0,0,0,0,0,"- ","- ",40.94023,-124.11627,HUMBOLDT,UNINCORPORATED,-124.11612169999999,40.940228769999997
90179385,2016,2016-05-16,9125,2016-05-01,0325,020696,,7,3,9,1200,0,1,2,,2,044,"US-101 S/B","LOLETA DR",4000.00,N,N,A,-,Y,,,101,,,,,,S,Y,4,0,1,1,A,-,08,22107,,N,E,I,A,A,H,-,C,D,0,,,,,Y,Y,A,01,0,0,1,0,0,0,0,0,0,"- ","- ",40.653970000000001,-124.21108,HUMBOLDT,UNINCORPORATED,-124.21114589,40.654013210000002
90183132,2016,2016-05-19,9125,2016-05-13,0820,019116,,5,1,9,1200,0,1,2,,1,024,"US-101 N/B (REDWOOD HIGHWAY)","INDIANOLA CUTOFF",4224.00,S,N,B,-,Y,,,101,,,,,,N,Y,4,0,1,2,A,-,03,22350,,N,C,C,A,A,H,-,A,D,0,,,,,Y,,A,01,0,0,1,0,0,0,0,0,0,"- ","- ",40.813380000000002,-124.10625,HUMBOLDT,UNINCORPORATED,-124.10634248,40.813559990000002
90186751,2016,2016-05-25,9126,2016-04-11,1149,019456,,1,1,9,1200,0,1,2,,2,022,"RT 101","SR 254 (MYERS FLAT)",8976.00,N,N,A,-,Y,,,101,,,,,,,Y,4,0,1,4,A,-,08,22107,,N,B,C,A,A,H,-,A,D,0,,,,,Y,,A,01,0,0,1,0,0,0,0,0,0,"- ","- ",40.285130000000002,-123.89015000000001,HUMBOLDT,UNINCORPORATED,-123.89015969,40.285098079999997
90187050,2016,2016-05-25,9125,2016-05-11,2100,020502,,3,2,9,1200,0,1,2,,2,044,"US-101 N/B","SINGLEY HILL ROAD",2640.00,N,N,B,-,Y,,,101,,,,,,N,Y,2,0,1,1,A,-,01,23152,A,N,E,I,A,A,H,-,D,D,0,,,,,Y,Y,A,07,1,0,0,0,0,0,0,0,0,"- ","- ",40.62529,-124.21590999999999,HUMBOLDT,UNINCORPORATED,-124.21601416,40.625238930000002
90190659,2016,2016-05-31,9125,2016-05-11,1535,020502,,3,2,9,1200,0,1,2,,2,044,"US-101 S/B","KENMAR ROAD",547.00,N,N,A,-,Y,,,101,,,,,,S,Y,4,0,1,2,A,-,08,22107,,N,C,C,A,A,D,-,A,D,0,,,,,Y,,A,01,0,0,1,0,0,0,0,0,0,"- ","- ",40.577809999999999,-124.14972,HUMBOLDT,UNINCORPORATED,-124.14974137,40.57780348
90192819,2016,2016-06-01,9125,2016-05-25,1640,020502,,3,2,9,1200,0,1,2,,2,044,"US-101 SB","KENMAR RD",792.00,N,N,B,-,Y,,,101,,,,,,S,Y,4,0,1,3,A,-,03,22350,,N,C,C,A,A,H,-,A,D,0,,,,,Y,,A,01,0,0,1,0,0,0,0,0,0,"- ","- ",40.576230000000002,-124.14964999999999,HUMBOLDT,UNINCORPORATED,-124.14935733,40.576293700000001
90195754,2016,2016-06-07,9125,2016-05-17,1750,013551,,2,2,9,1200,0,1,2,,2,044,"US-101 S/B FROM SINGLEY HILL RD.","SINGLEY HILL RD",895.00,S,N,A,-,Y,,,101,,,,R,,S,Y,4,0,1,2,A,-,03,22350,,N,C,C,A,A,H,-,A,D,0,,,,,Y,,A,01,0,0,1,0,0,0,0,0,0,"- ","- ",40.620429999999999,-124.20665,HUMBOLDT,UNINCORPORATED,-124.20665,40.620429999999999
90196024,2016,2016-06-07,9125,2016-05-28,1858,020491,,6,2,9,1200,0,1,2,,2,030,"US-101 N/B","HERRICK AVE",1500.00,S,N,A,-,Y,,,101,,,,,,N,Y,3,0,1,1,A,-,01,23152,A,N,E,I,A,A,H,-,A,D,0,,,,,Y,Y,A,01,0,1,0,0,0,0,0,0,0,"- ","- ",40.752580000000002,-124.19199999999999,HUMBOLDT,UNINCORPORATED,-124.19209197000001,40.752631170000001
90196124,2016,2016-06-07,9125,2016-05-29,2025,013551,,7,2,9,1200,0,1,2,,2,030,"US-101 S/B FROM HERRICK AVE.","ELK RIVER BRIDGE",38.00,N,N,A,-,Y,,,101,,,,R,,S,Y,4,0,1,1,A,-,08,22107,,N,E,I,A,A,H,-,B,D,0,,,,,Y,,A,01,0,0,1,0,0,0,0,0,0,"- ","- ",40.756360000000001,-124.19052000000001,HUMBOLDT,UNINCORPORATED,-124.19052000000001,40.756360000000001
90196948,2016,2016-06-08,9125,2016-06-03,1430,020895,,5,2,9,1200,0,1,2,,2,017,US-101,"VALLEY GREEN CAMP RD",1056.00,S,N,A,-,Y,,,101,,,,,,,N,3,0,1,2,A,-,03,22350,,N,C,C,A,A,H,-,A,D,0,,,Y,,Y,,C,02,0,1,0,0,0,0,0,0,1,"- ","- ",41.322940000000003,-124.03824,HUMBOLDT,UNINCORPORATED,-124.03825951,41.322966170000001
90198052,2016,2016-06-09,9125,2016-06-04,0736,019116,,6,1,9,1200,0,1,2,,2,044,"US-101 NORTHBOUND (REDWOOD HIGHWAY)",SR-211,250.00,N,N,A,-,Y,,,101,,,,,,N,N,3,0,1,1,C,-,18,,,N,H,H,A,A,H,-,A,D,0,,,Y,,Y,,-,"- ",0,1,0,0,0,0,0,0,1,"- ","- ",40.612540000000003,-124.19123999999999,HUMBOLDT,UNINCORPORATED,-124.19130712,40.612453850000001
90202203,2016,2016-06-15,9125,2016-05-30,2002,020946,,1,2,9,1200,0,1,2,,2,019,"US-101 SOUTHBOUND SCHOOL ROAD OFF-RAMP","SCHOOL ROAD",200.00,N,N,A,-,Y,,,101,,,,,,S,Y,3,0,2,1,A,-,01,23152,A,N,E,I,A,A,H,-,A,D,0,,,,,Y,Y,D,22,0,2,0,0,0,0,0,0,0,"- ","- ",40.93439,-124.11577,HUMBOLDT,UNINCORPORATED,-124.11524274999999,40.934586230000001
9020670,2019,2020-06-04,1203,2019-12-01,0145,4076,P37,7,5,4,1203,0,0,0,,0,002,"BROADWAY ST","HENDERSON ST",0.00,,Y,B,-,Y,HUM,1,101,-,-,76.650,I,5,S,N,2,0,1,2,A,-,11,21453,D,F,G,B,B,B,H,-,C,A,0,Y,,,,Y,,N,60,1,0,0,0,1,0,0,0,0,"- ","- ",40.783008575439453,-124.18406677246094,HUMBOLDT,EUREKA,-124.18361663818359,40.783126831054688
90208218,2016,2016-06-23,9125,2016-04-16,2256,020946,,6,3,9,1200,0,1,2,,2,030,"US-101 SOUTHBOUND","HERRICK AVE",1706.00,S,N,A,-,Y,,,101,,,,,,S,Y,1,1,1,2,A,-,11,21956,A,N,G,B,E,A,H,-,D,D,0,Y,,,,Y,Y,N,60,0,1,0,1,0,0,0,0,0,"- ","- ",40.753570000000003,-124.19189,HUMBOLDT,UNINCORPORATED,-124.1918649,40.753556179999997
90208426,2016,2016-06-23,9125,2016-06-10,1548,019116,,5,2,4,1203,0,1,2,,1,024,"US-101 SOUTHBOUND (REDWOOD HIGHWAY)","X ST.",1584.00,N,N,A,-,Y,,,101,,,,,,S,Y,4,0,1,4,A,-,03,22350,,N,C,C,A,A,H,-,A,D,0,,,,,Y,,D,22,0,0,1,0,0,0,0,0,0,"- ","- ",40.805390000000003,-124.14059,HUMBOLDT,EUREKA,-124.14059949,40.805433280000003
9020949,2019,2020-06-04,1203,2019-11-29,0028,4043,P19,5,5,4,1203,0,0,0,,0,001,"RT 101","S ST",114.00,E,N,A,-,Y,HUM,1,101,-,-,79.250,H,-,N,N,2,0,1,2,A,-,11,21954,A,F,G,B,D,A,H,-,C,D,0,Y,,,,Y,Y,N,60,1,0,0,0,1,0,0,0,0,"- ","- ",40.803878784179688,-124.15148162841797,HUMBOLDT,EUREKA,-124.15219116210938,40.803863525390625
90211418,2016,2016-06-28,9125,2016-06-16,0747,019116,,4,1,9,1200,0,1,2,,2,030,"US-101 SOUTHBOUND TO HOOKTON ROAD","HOOKTON ROAD OVER-CROSS",1056.00,S,N,B,-,Y,,,101,,,,R,,S,N,3,0,1,1,A,-,01,23152,A,N,E,I,A,A,H,-,A,D,0,,,,,Y,Y,D,22,0,1,0,0,0,0,0,0,0,"- ","- ",40.670389999999998,-124.20231,HUMBOLDT,UNINCORPORATED,-124.20231,40.670389999999998
90211818,2016,2016-06-29,9126,2016-06-15,1525,021219,,3,2,9,1200,0,1,2,,1,066,"US-101 SOUTHBOUND","BENBOW U/C",3696.00,N,N,A,-,Y,,,101,,,,,,S,Y,4,0,1,1,A,-,08,22107,,N,E,I,A,A,H,-,A,D,0,,,,,Y,,D,22,0,0,1,0,0,0,0,0,0,"- ","- ",40.072609999999997,-123.79058000000001,HUMBOLDT,UNINCORPORATED,-123.79097559,40.072501359999997
90216056,2016,2016-07-05,9126,2016-05-13,1524,021216,,5,2,9,1200,0,1,2,,2,022,"US-101 NORTHBOUND","BARKDULL ROAD",5808.00,S,N,A,-,Y,,,101,,,,,,N,Y,1,1,1,2,A,-,01,23152,E,N,A,C,A,A,H,-,A,D,0,,,,,Y,,A,01,1,0,0,0,0,0,0,0,0,"- ","- ",40.422510000000003,-123.98233,HUMBOLDT,UNINCORPORATED,-123.98213926,40.422538520000003
90219474,2016,2016-07-11,9125,2016-06-15,2340,019948,,3,3,9,1200,0,1,2,,1,024,"US-101 N/B","INDIANOLA CUTOFF",1584.00,N,N,B,-,Y,,,101,,,,,,N,Y,3,0,1,3,A,-,05,21651,B,N,B,C,A,B,H,-,C,D,0,,,,,Y,,D,22,0,1,0,0,0,0,0,0,0,"- ","- ",40.823140000000002,-124.08795000000001,HUMBOLDT,UNINCORPORATED,-124.08796174,40.823157520000002
90224210,2016,2016-07-18,9125,2016-07-03,2115,020748,,7,2,9,1200,0,1,2,,1,024,"US-101 N/B","INDIANOLA CUTOFF",0.00,,Y,A,-,Y,,,101,,,,,,N,N,2,0,1,2,A,-,11,21950,B,N,G,B,E,A,H,-,C,D,0,Y,,,,Y,,N,60,1,0,0,0,1,0,0,0,0,"- ","- ",40.82038,-124.09317,HUMBOLDT,UNINCORPORATED,-124.09313992,40.820318780000001
90224211,2016,2016-07-18,9125,2016-07-03,2116,020748,,7,2,9,1200,0,1,2,,1,024,"US-101 NB","INDIANOLA CUTOFF",0.00,,Y,A,-,Y,,,101,,,,,,N,N,2,0,1,2,C,-,18,,,F,G,B,E,A,H,-,C,D,0,Y,,,,Y,,-,"- ",1,0,0,0,1,0,0,0,0,"- ","- ",40.82038,-124.09317,HUMBOLDT,UNINCORPORATED,-124.09313992,40.820318780000001
90224216,2016,2016-07-18,9125,2016-07-08,1020,020696,,5,1,9,1200,0,1,2,,2,044,"US-101 N/B TO SINGLEY RD.","SINGLEY HILL RD.",80.00,S,N,C,-,Y,,,101,,,,R,,N,Y,3,0,1,1,A,-,08,22107,,N,E,I,A,B,H,-,A,D,0,,,,,Y,,A,01,0,1,0,0,0,0,0,0,0,"- ","- ",40.622369999999997,-124.21238,HUMBOLDT,UNINCORPORATED,-124.21238,40.622369999999997
90224407,2016,2016-07-18,9126,2016-06-24,1345,021216,,5,1,9,1200,0,1,2,,1,066,"US-101 S/B","BENBOW DRIVE",528.00,N,N,A,-,Y,,,101,,,,,,S,Y,3,0,1,1,A,-,08,22107,,N,E,I,A,A,H,-,A,D,0,,,,,Y,,A,01,0,1,0,0,0,0,0,0,0,"- ","- ",40.033000000000001,-123.7837,HUMBOLDT,UNINCORPORATED,-123.78373899,40.032932070000001
90226592,2016,2016-07-20,9125,2016-07-01,2330,021313,,5,3,9,1200,0,1,2,,2,030,"US-101 N/B","HOOKTON ROAD",5646.00,N,N,B,-,Y,,,101,,,,,,N,Y,3,0,1,2,A,-,01,23152,A,N,C,C,A,A,H,-,D,D,0,,,Y,,Y,Y,A,01,0,1,0,0,0,0,0,0,1,"- ","- ",40.6875,-124.20161,HUMBOLDT,UNINCORPORATED,-124.20173373,40.687478149999997
90229448,2016,2016-07-25,9126,2016-06-26,0625,021243,,7,1,9,1200,0,1,2,,2,022,"US-101 N/B",SR-254,267.00,S,N,A,-,Y,,,101,,,,,,N,Y,3,0,1,1,A,-,08,22107,,N,E,I,A,A,H,-,B,D,0,,,,,Y,,D,22,0,1,0,0,0,0,0,0,0,"- ","- ",40.440179999999998,-124.03286,HUMBOLDT,UNINCORPORATED,-124.03285332999999,40.439950699999997
90229558,2016,2016-07-25,9125,2016-07-20,0200,020748,,3,3,9,1200,0,1,2,,2,017,US-101,"MCDONALD CREEK.",2112.00,N,N,A,-,Y,,,101,,,,,,,Y,4,0,1,1,C,-,18,,,N,E,H,A,A,H,-,D,D,0,,,,,Y,,-,"- ",0,0,1,0,0,0,0,0,0,"- ","- ",41.227510000000002,-124.08531000000001,HUMBOLDT,UNINCORPORATED,-124.08530284,41.227504770000003
90237750,2016,2016-08-11,9125,2016-06-27,0205,020946,,1,3,9,1200,0,1,2,,2,019,"US-101 N/B FROM MURRAY ROAD","MURRAY RD",47.00,N,N,A,-,Y,,,101,,,,R,,N,Y,1,1,0,1,A,-,01,23152,A,N,E,I,A,A,B,-,C,D,0,,,,,Y,Y,A,01,0,0,0,0,0,0,0,0,0,"- ","- ",40.95635,-124.11536,HUMBOLDT,UNINCORPORATED,-124.11536,40.95635
90243207,2016,2016-08-11,9125,2016-08-04,1015,018172,,4,1,9,1200,0,1,2,,2,019,"US-101 S/B","HILLER RD",1056.00,N,N,B,-,Y,,,101,,,,,,S,Y,3,0,2,2,A,-,03,22350,,N,C,C,A,A,C,-,A,D,0,,,,,Y,,A,01,0,1,1,0,0,0,0,0,0,"- ","- ",40.945399999999999,-124.11623,HUMBOLDT,UNINCORPORATED,-124.11635157000001,40.945401400000002
90245222,2016,2016-08-15,9125,2016-08-05,1120,018172,,5,1,9,1200,0,1,2,,2,016,"US-101 N/B","NEWTON B DRURY SCENIC PKY",18480.00,S,N,A,-,Y,,,101,,,,,,N,Y,3,0,2,1,A,-,08,22107,,N,E,I,A,A,H,-,A,B,0,,,,,Y,,A,01,0,2,0,0,0,0,0,0,0,"- ","- ",41.426310000000001,-124.00815,HUMBOLDT,UNINCORPORATED,-124.00819108,41.426254
90245946,2016,2016-08-16,9126,2016-07-28,1500,021295,,4,2,9,1200,0,1,2,,2,022,"US-101 S/B","SR-254 MYERS FLAT U/C",11088.00,N,N,A,-,Y,,,101,,,,,,S,N,4,0,1,3,A,-,21,22106,,N,C,C,A,A,D,-,A,A,0,,,,,Y,,M,59,0,0,1,0,0,0,0,0,0,"- ","- ",40.291890000000002,-123.89518,HUMBOLDT,UNINCORPORATED,-123.89521959,40.291918029999998
90247782,2016,2016-08-18,9125,2016-08-06,1028,020895,,6,1,9,1200,0,1,2,,1,024,"US-101 N/B","COLE AVE",1056.00,N,N,B,-,Y,,,101,,,,,,N,Y,3,0,1,1,A,-,08,22107,,N,E,I,A,A,H,-,A,D,0,,,,,Y,Y,D,22,0,1,0,0,0,0,0,0,0,"- ","- ",40.804740000000002,-124.1309,HUMBOLDT,UNINCORPORATED,-124.13089358000001,40.804789640000003
90248256,2016,2016-08-19,9126,2016-07-13,2226,021216,,3,3,9,1200,0,1,2,,2,044,"US-101 N/B","HOOKER CREEK ROAD",8448.00,S,N,A,-,Y,,,101,,,,,,N,Y,2,0,1,1,A,-,01,23152,A,N,E,I,A,A,H,-,C,D,0,,,,,Y,Y,A,01,1,0,0,0,0,0,0,0,0,"- ","- ",40.16254,-123.78731999999999,HUMBOLDT,UNINCORPORATED,-123.78737202000001,40.162601119999998
90249722,2016,2016-08-22,9125,2016-08-17,1700,019243,,3,2,9,1200,0,1,2,,1,024,US-101,"V ST",1584.00,N,N,A,-,Y,,,101,,,,,,,Y,4,0,2,2,A,-,03,22350,,N,C,C,A,A,H,-,A,D,0,,,,,Y,,A,01,0,0,2,0,0,0,0,0,0,"- ","- ",40.80536,-124.13069,HUMBOLDT,UNINCORPORATED,-124.13073892,40.80496617
90255567,2016,2016-08-29,9125,2016-08-18,1136,020464,,4,1,9,1200,0,1,2,,2,030,"US-101 SOUTHBOUND","LOLETA DR",528.00,N,N,A,-,Y,,,101,,,,,,S,Y,3,0,2,1,A,-,08,22107,,N,F,A,A,A,H,-,A,D,0,,,,,Y,,A,01,0,2,0,0,0,0,0,0,0,"- ","- ",40.645299999999999,-124.2086,HUMBOLDT,UNINCORPORATED,-124.20849269999999,40.645318940000003
90257263,2016,2016-08-30,9126,2016-08-18,0720,021243,,4,1,9,1200,0,1,2,,1,066,US-101,"BENBOW DRIVE",6864.00,S,N,A,-,Y,,,101,,,,,,,Y,3,0,1,1,A,-,08,22107,,N,E,I,A,A,H,-,A,D,0,,,,,Y,,D,22,0,1,0,0,0,0,0,0,0,"- ","- ",40.021920000000001,-123.79361,HUMBOLDT,UNINCORPORATED,-123.79352333999999,40.02194566
90258596,2016,2016-09-01,9125,2016-08-23,1455,019243,,2,2,9,1200,0,1,2,,2,017,US-101,"LUNDBLADE ST",0.00,,Y,A,-,Y,,,101,,,,,,,N,3,0,1,2,A,-,09,21802,A,N,D,C,A,A,H,-,A,A,0,,,Y,,Y,,D,22,0,1,0,0,0,0,0,0,1,"- ","- ",41.284599999999998,-124.06273,HUMBOLDT,UNINCORPORATED,-124.06273102,41.28460784
90258733,2016,2016-09-01,9125,2016-08-11,1727,019116,,4,2,4,1203,0,1,2,,1,024,"US-101 SOUTHBOUND (REDWOOD HIGHWAY)","Y STREET",1056.00,N,N,A,-,Y,,,101,,,,,,S,Y,3,0,1,3,A,-,01,23152,A,N,C,C,A,A,H,-,A,D,0,,,,,Y,Y,A,07,0,1,0,0,0,0,0,0,0,"- ","- ",40.804679999999998,-124.14296,HUMBOLDT,EUREKA,-124.14301172,40.804906959999997
90261704,2016,2016-09-06,9126,2016-08-27,0140,021216,,6,3,9,1200,0,1,2,,2,022,"US-101 S/B","SORENSON ROAD",453.00,N,N,A,-,Y,,,101,,,,,,S,Y,3,0,1,1,A,-,08,22107,,N,E,I,A,A,H,-,C,D,0,,,,,Y,,D,22,0,1,0,0,0,0,0,0,0,"- ","- ",40.397770000000001,-123.949,HUMBOLDT,UNINCORPORATED,-123.94883439,40.398028830000001
90266097,2016,2016-09-12,9126,2016-09-07,1210,021168,,3,1,9,1200,0,1,2,,2,022,"US-101 N/B","NEWTON ROAD",1056.00,S,N,A,-,Y,,,101,,,,,,N,Y,3,0,2,1,A,-,08,22107,,N,E,I,A,A,H,-,A,D,0,,,,,Y,,A,01,0,1,1,0,0,0,0,0,0,"- ","- ",40.316470000000002,-123.91887,HUMBOLDT,UNINCORPORATED,-123.91888,40.316452490000003
90267598,2016,2016-09-14,9125,2016-09-07,1715,020895,,3,2,4,1203,0,1,2,,1,024,"US-101 N/B","EUREKA SLOUGH",30.00,N,N,A,-,Y,,,101,,,,,,N,Y,4,0,2,3,A,-,03,22350,,N,C,C,A,A,H,-,A,D,0,,,,,Y,,A,01,0,0,2,0,0,0,0,0,0,"- ","- ",40.804870000000001,-124.14228,HUMBOLDT,EUREKA,-124.14228043999999,40.804872080000003
90270469,2016,2016-09-19,9126,2016-09-07,1640,021168,,3,2,9,1200,0,1,2,,2,044,"US-101 N/B","SALMON CREEK ROAD",528.00,S,N,A,-,Y,,,101,,,,,,N,N,4,0,1,1,A,-,08,22107,,N,E,I,A,A,H,-,A,D,0,,,,Y,Y,,G,79,0,0,1,0,0,0,0,0,0,"- ","- ",40.247059999999998,-123.83153,HUMBOLDT,UNINCORPORATED,-123.83154498,40.247059960000001