CASE_ID,ACCIDENT_YEAR,PROC_DATE,JURIS,COLLISION_DATE,COLLISION_TIME,OFFICER_ID,REPORTING_DISTRICT,DAY_OF_WEEK,CHP_SHIFT,POPULATION,CNTY_CITY_LOC,SPECIAL_COND,BEAT_TYPE,CHP_BEAT_TYPE,CITY_DIVISION_LAPD,CHP_BEAT_CLASS,BEAT_NUMBER,PRIMARY_RD,SECONDARY_RD,DISTANCE,DIRECTION,INTERSECTION,WEATHER_1,WEATHER_2,STATE_HWY_IND,CALTRANS_COUNTY,CALTRANS_DISTRICT,STATE_ROUTE,ROUTE_SUFFIX,POSTMILE_PREFIX,POSTMILE,LOCATION_TYPE,RAMP_INTERSECTION,SIDE_OF_HWY,TOW_AWAY,COLLISION_SEVERITY,NUMBER_KILLED,NUMBER_INJURED,PARTY_COUNT,PRIMARY_COLL_FACTOR,PCF_CODE_OF_VIOL,PCF_VIOL_CATEGORY,PCF_VIOLATION,PCF_VIOL_SUBSECTION,HIT_AND_RUN,TYPE_OF_COLLISION,MVIW,PED_ACTION,ROAD_SURFACE,ROAD_COND_1,ROAD_COND_2,LIGHTING,CONTROL_DEVICE,CHP_ROAD_TYPE,PEDESTRIAN_ACCIDENT,BICYCLE_ACCIDENT,MOTORCYCLE_ACCIDENT,TRUCK_ACCIDENT,NOT_PRIVATE_PROPERTY,ALCOHOL_INVOLVED,STWD_VEHTYPE_AT_FAULT,CHP_VEHTYPE_AT_FAULT,COUNT_SEVERE_INJ,COUNT_VISIBLE_INJ,COUNT_COMPLAINT_PAIN,COUNT_PED_KILLED,COUNT_PED_INJURED,COUNT_BICYCLIST_KILLED,COUNT_BICYCLIST_INJURED,COUNT_MC_KILLED,COUNT_MC_INJURED,PRIMARY_RAMP,SECONDARY_RAMP,LATITUDE,LONGITUDE,COUNTY,CITY,POINT_X,POINT_Y
90270916,2016,2016-09-19,9125,2016-09-13,1255,020502,,2,1,9,1200,0,1,2,,2,044,"US-101 S/B","FINCH CRK RD OC #04-0113",4224.00,N,N,A,-,Y,,,101,,,,,,S,Y,3,0,1,1,A,-,08,22107,,N,E,I,A,A,H,-,A,D,0,,,Y,,Y,,C,02,0,1,0,0,0,0,0,0,1,"- ","- ",40.619190000000003,-124.20424,HUMBOLDT,UNINCORPORATED,-124.20420727,40.619234660000004
90276002,2016,2016-09-26,9125,2016-09-03,2050,020946,,6,2,9,1200,0,1,2,,2,045,"US-101 S/B","KENMAR RD",528.00,S,N,A,-,Y,,,101,,,,,,S,Y,4,0,1,2,A,-,01,23152,A,F,C,C,A,A,H,-,D,D,0,,,,,Y,Y,D,22,0,0,1,0,0,0,0,0,0,"- ","- ",40.570430000000002,-124.1489,HUMBOLDT,UNINCORPORATED,-124.14880239,40.570437040000002
90282414,2016,2016-10-03,9125,2016-09-13,1300,015771,,2,1,9,1200,0,1,2,,2,030,"US-101 N/B","ORCHARD AVENUE U/C",681.00,S,N,A,-,Y,,,101,,,,,,N,Y,3,0,1,1,C,-,18,,,N,H,H,A,A,H,-,A,D,0,,,Y,,Y,,-,"- ",0,1,0,0,0,0,0,0,1,"- ","- ",40.72316,-124.2152,HUMBOLDT,UNINCORPORATED,-124.21512734,40.723151889999997
90282988,2016,2016-10-04,9125,2016-09-09,1530,018172,,5,2,9,1200,0,1,2,,2,017,US-101,"KANE RD",3168.00,S,N,A,-,Y,,,101,,,,,,,Y,2,0,1,2,A,-,03,22350,,N,F,A,A,A,H,-,A,A,0,,,Y,,Y,,C,02,1,0,0,0,0,0,0,0,1,"- ","- ",41.196170000000002,-124.10996,HUMBOLDT,UNINCORPORATED,-124.11003973,41.196216509999999
90287464,2016,2016-10-10,9125,2016-09-21,0016,020603,,3,3,9,1200,0,1,2,,2,030,"US-101 N/B","HERRICK AVE",1320.00,S,N,A,-,Y,,,101,,,,,,N,Y,3,0,1,2,A,-,01,23152,A,M,C,C,A,A,D,-,D,D,0,,,,,Y,Y,A,01,0,1,0,0,0,0,0,0,0,"- ","- ",40.749809999999997,-124.19418,HUMBOLDT,UNINCORPORATED,-124.19420129,40.749833809999998
90291146,2016,2016-10-13,9125,2016-10-04,1745,020603,,2,2,9,1200,0,1,2,,2,019,"US-101 N/B","GIUNTOLI LN",1056.00,N,N,B,-,Y,,,101,,,,,,N,N,4,0,1,3,A,-,03,22350,,N,C,C,A,A,D,-,A,A,0,,,,,Y,,D,22,0,0,1,0,0,0,0,0,0,"- ","- ",40.910559999999997,-124.08978999999999,HUMBOLDT,UNINCORPORATED,-124.08984228,40.910533829999999
90292576,2016,2016-10-17,9126,2016-09-26,0825,021243,,1,1,9,1200,0,1,2,,1,066,"US-101 NORTHBOUND","LAKE BENBOW DRIVE",7920.00,S,N,A,-,Y,,,101,,,,,,N,N,3,0,1,1,C,-,18,,,N,H,J,A,A,D,-,A,D,0,,,,,Y,,-,"- ",0,1,0,0,0,0,0,0,0,"- ","- ",40.048490000000001,-123.78883999999999,HUMBOLDT,UNINCORPORATED,-123.78885649,40.048437749999998
90292639,2016,2016-10-17,9126,2016-09-30,0209,021219,,5,3,9,1200,0,1,2,,1,066,US-101,"LAKE BENBOW DRIVE",528.00,N,N,A,-,Y,,,101,,,,,,,Y,3,0,1,1,A,-,01,23152,A,N,E,I,A,A,H,-,D,A,0,,,,,Y,Y,A,07,0,1,0,0,0,0,0,0,0,"- ","- ",40.035550000000001,-123.79025,HUMBOLDT,UNINCORPORATED,-123.7902462,40.035516090000002
90302644,2016,2016-10-27,9125,2016-10-19,1045,019116,,3,1,4,1203,0,1,2,,1,024,"US-101 SOUTHBOUND (REDWOOD HIGHWAY)","COLE AVENUE",100.00,N,N,A,-,Y,,,101,,,,,,S,Y,4,0,1,2,A,-,03,22350,,N,C,C,A,A,H,-,A,D,0,,,,,Y,,A,01,0,0,1,0,0,0,0,0,0,"- ","- ",40.805289999999999,-124.13247,HUMBOLDT,EUREKA,-124.13247646000001,40.80524862
90319765,2016,2016-11-15,9125,2016-11-05,0050,020464,,6,3,9,1200,0,1,2,,2,044,"US-101 NORTHBOUND","LOLETA DR",600.00,S,N,A,-,Y,,,101,,,,,,N,Y,2,0,1,4,A,-,01,23152,A,N,D,C,A,A,H,-,D,D,0,,,,,Y,Y,D,22,1,0,0,0,0,0,0,0,0,"- ","- ",40.640500000000003,-124.2099,HUMBOLDT,UNINCORPORATED,-124.20994165,40.640520739999999
90321697,2016,2016-11-17,9125,2016-10-23,1648,018064,,7,2,9,1200,0,1,2,,2,044,"US-101 S/B TO SINGLEY HILL OFF RAMP","SINGLEY HILL ROAD",35.00,N,N,A,-,Y,,,101,,,,R,,S,Y,3,0,1,1,A,-,03,22350,,N,F,A,A,A,H,-,A,D,0,,,Y,,Y,,C,02,0,1,0,0,0,0,0,0,1,"- ","- ",40.621110000000002,-124.21028,HUMBOLDT,UNINCORPORATED,-124.21028,40.621110000000002
90322397,2016,2016-11-17,9125,2016-10-24,1358,020624,,1,1,9,1200,0,1,2,,2,016,"US-101 N/B","NEWTON B DRURY SCENIC PKY",3696.00,S,N,C,-,Y,,,101,,,,,,N,Y,4,0,1,2,A,-,03,22350,,N,B,C,A,B,H,-,A,D,0,,,,,Y,,D,22,0,0,1,0,0,0,0,0,0,"- ","- ",41.340580000000003,-124.03386,HUMBOLDT,UNINCORPORATED,-124.03385046,41.340579169999998
90326554,2016,2016-11-21,9125,2016-11-05,0510,020895,,6,3,9,1200,0,1,2,,2,044,"US-101 N/B","MAIN ST",600.00,N,N,A,-,Y,,,101,,,,,,N,Y,4,0,1,1,A,-,08,22107,,N,E,I,A,A,H,-,D,D,0,,,,,Y,,A,01,0,0,1,0,0,0,0,0,0,"- ","- ",40.601469999999999,-124.17068999999999,HUMBOLDT,UNINCORPORATED,-124.17069017,40.601469590000001
90332592,2016,2016-11-29,9125,2016-11-09,0810,013635,,3,1,9,1200,0,1,2,,2,030,US-101,"TOMPKINS HILL RD",1690.00,N,N,A,-,Y,,,101,,,,,,,Y,4,0,2,2,A,-,03,22350,,N,B,C,A,A,H,-,A,D,0,,,,Y,Y,,F,26,0,0,2,0,0,0,0,0,0,"- ","- ",40.710149999999999,-124.21174999999999,HUMBOLDT,UNINCORPORATED,-124.2117611,40.710141489999998
90335512,2016,2016-12-02,9126,2016-11-11,2145,021243,,5,2,9,1200,0,1,2,,2,022,"US-101 SOUTHBOUND","DYERVILLE LOOP ROAD",5280.00,S,N,C,-,Y,,,101,,,,,,S,Y,3,0,1,1,A,-,03,22350,,N,F,A,A,B,H,-,D,D,0,,,,,Y,,A,01,0,1,0,0,0,0,0,0,0,"- ","- ",40.339930000000003,-123.93419,HUMBOLDT,UNINCORPORATED,-123.93417712,40.339925149999999
90335829,2016,2016-12-02,9125,2016-11-26,0815,019243,,6,1,9,1200,0,1,2,,2,016,US-101,"NEWTON B DRURY SCENIC PKY",12672.00,S,N,B,-,Y,,,101,,,,,,,Y,4,0,2,1,A,-,08,22107,,N,E,I,A,B,H,-,A,D,0,,,,,Y,,A,01,0,0,2,0,0,0,0,0,0,"- ","- ",41.435650000000003,-124.02281000000001,HUMBOLDT,UNINCORPORATED,-124.02261243,41.435669570000002
90338766,2016,2016-12-07,9125,2016-11-23,1754,018172,,3,2,9,1200,0,1,2,,2,018,"US-101 N/B","MAIN ST",5280.00,S,N,B,-,Y,,,101,,,,,,N,Y,4,0,1,3,A,-,05,21651,B,N,B,C,A,B,H,-,D,D,0,,,,,Y,,A,01,0,0,1,0,0,0,0,0,0,"- ","- ",41.052630000000001,-124.12432,HUMBOLDT,UNINCORPORATED,-124.12428952,41.052659599999998
90339383,2016,2016-12-07,9125,2016-11-20,1229,018064,,7,1,9,1200,0,1,2,,2,030,"US-101 N/B (REDWOOD HIGHWAY)","KING SALMON U/C",200.00,N,N,B,C,Y,,,101,,,,,,N,Y,4,0,1,2,A,-,03,22350,,N,D,C,A,A,H,-,A,D,0,,,,,Y,,A,01,0,0,1,0,0,0,0,0,0,"- ","- ",40.736840000000001,-124.20948,HUMBOLDT,UNINCORPORATED,-124.20953385999999,40.73689418
90341319,2016,2016-12-09,9125,2016-11-26,0810,018771,,6,1,9,1200,0,1,2,,2,045,"US-101 N/B","S EDGE JORDAN CRK BRIDGE",75.00,N,N,C,-,Y,,,101,,,,,,N,Y,2,0,1,1,A,-,08,22107,,N,E,I,A,B,H,-,A,D,0,,,,,Y,,A,01,1,0,0,0,0,0,0,0,0,"- ","- ",40.442999999999998,-124.0384,HUMBOLDT,UNINCORPORATED,-124.03871171999999,40.442858639999997
90341338,2016,2016-12-09,9125,2016-11-27,0655,020696,,7,1,9,1200,0,1,2,,2,044,"US-101 S/B","SINGLEY RD.",358.00,S,N,C,-,Y,,,101,,,,,,S,Y,4,0,1,1,A,-,08,22107,,N,F,A,A,B,H,-,B,D,0,,,,,Y,,A,01,0,0,1,0,0,0,0,0,0,"- ","- ",40.620429999999999,-124.20910000000001,HUMBOLDT,UNINCORPORATED,-124.20904821000001,40.620872079999998
90341645,2016,2016-12-09,9125,2016-11-30,0550,014643,,3,3,9,1200,0,1,2,,2,044,"US-101 S/B (REDWOOD HIGHWAY)","LOLETA DRIVE O/C",528.00,N,N,B,C,Y,,,101,,,,,,S,Y,4,0,1,1,A,-,08,22107,,M,E,I,A,B,H,-,C,D,0,,,,,Y,,A,01,0,0,1,0,0,0,0,0,0,"- ","- ",40.642569999999999,-124.20918,HUMBOLDT,UNINCORPORATED,-124.20909921000001,40.642526570000001
90342057,2016,2016-12-12,9125,2016-11-25,1533,019116,,5,2,9,1200,0,1,2,,2,045,"US-101 SOUTHBOUND FROM KENMAR ROAD","KENMAR ROAD",120.00,S,N,B,C,Y,,,101,,,,R,,S,Y,3,0,1,1,A,-,01,23152,A,N,F,A,A,B,H,-,A,D,0,,,,,Y,Y,A,07,0,1,0,0,0,0,0,0,0,"- ","- ",40.573900000000002,-124.1498,HUMBOLDT,UNINCORPORATED,-124.1498,40.573900000000002
90344002,2016,2016-12-13,9125,2016-12-07,1643,021450,,3,2,9,1200,0,1,2,,2,044,"US-101 S/B (REDWOOD HIGHWAY)","KENMAR RD",4224.00,S,N,B,C,Y,,,101,,,,,,S,N,4,0,1,2,A,-,01,23152,A,N,C,C,A,B,H,-,C,D,0,,,,,Y,Y,A,01,0,0,1,0,0,0,0,0,0,"- ","- ",40.563090000000003,-124.14807,HUMBOLDT,UNINCORPORATED,-124.14797536,40.563105960000001
90346402,2016,2016-12-16,9126,2016-11-14,0427,021060,,1,3,9,1200,0,1,2,,2,044,"US-101 SOUTHBOUND","HOOKER CREEK ROAD",3696.00,S,N,A,-,Y,,,101,,,,,,S,Y,4,0,1,1,A,-,08,22107,,N,E,I,A,B,H,-,D,D,0,,,,,Y,,A,01,0,0,1,0,0,0,0,0,0,"- ","- ",40.170189999999998,-123.78085,HUMBOLDT,UNINCORPORATED,-123.78125317,40.170197960000003
90346449,2016,2016-12-16,9126,2016-12-09,0635,021102,,5,1,9,1200,0,1,2,,2,044,"US-101 N/B","DEAN CREEK",2320.00,S,N,B,-,Y,,,101,,,,,,N,Y,3,0,2,3,A,-,03,22350,,N,E,I,A,B,C,-,D,D,0,,,,Y,Y,,A,07,0,1,1,0,0,0,0,0,0,"- ","- ",40.135089999999998,-123.80758,HUMBOLDT,UNINCORPORATED,-123.80744435,40.135158060000002
90347873,2016,2016-12-19,9125,2016-11-23,0215,013551,,3,3,9,1200,0,1,2,,2,045,"US-101 N/B","ELL RIVER DRIDGE",35.00,N,N,C,-,Y,,,101,,,,,,N,Y,2,0,1,2,C,-,18,,,N,E,C,A,B,H,-,D,D,0,,,,,Y,,-,"- ",1,0,0,0,0,0,0,0,0,"- ","- ",40.489289999999997,-124.09824,HUMBOLDT,UNINCORPORATED,-124.09810345,40.489251629999998
90347929,2016,2016-12-19,9125,2016-12-01,1035,019243,,4,1,9,1200,0,1,2,,2,018,US-101,"REDWOOD TRAILS CIR",1584.00,N,N,A,-,Y,,,101,,,,,,,Y,2,0,1,1,A,-,08,22107,,N,E,I,A,B,H,-,A,D,0,,,,,Y,,A,01,1,0,0,0,0,0,0,0,0,"- ","- ",41.22936,-124.08417,HUMBOLDT,UNINCORPORATED,-124.08415496000001,41.22935193
90348699,2016,2016-12-20,9126,2016-11-21,1430,021060,,1,2,9,1200,0,1,2,,1,066,"US-101 N/B TO REDWOOD DRIVE","MELVILLE ROAD",368.00,S,N,A,-,Y,,,101,,,,R,,N,Y,3,0,1,1,A,-,03,22350,,N,E,I,A,B,H,-,A,A,0,,,,,Y,,A,07,0,1,0,0,0,0,0,0,0,"- ","- ",40.096739999999997,-123.79491,HUMBOLDT,UNINCORPORATED,-123.79491,40.096739999999997
90348811,2016,2016-12-20,9125,2016-12-07,1348,020603,,3,1,9,1200,0,1,2,,2,022,US-101,"GIUNTOLI LN",450.00,S,N,C,-,Y,,,101,,,,,,,Y,4,0,1,1,A,-,03,22350,,N,E,I,A,B,H,-,A,D,0,,,,,Y,,D,22,0,0,1,0,0,0,0,0,0,"- ","- ",40.902700000000003,-124.08629999999999,HUMBOLDT,UNINCORPORATED,-124.08613737,40.902781040000001
90352384,2016,2016-12-27,9125,2016-11-27,1840,013551,,7,2,9,1200,0,1,2,,2,045,"US-101 S/B","VAN DUZEN RIVER",1056.00,S,N,C,-,Y,,,101,,,,,,S,Y,4,0,1,3,A,-,03,22350,,N,C,C,A,B,H,-,D,D,0,,,,,Y,,A,01,0,0,1,0,0,0,0,0,0,"- ","- ",40.53266,-124.15055,HUMBOLDT,UNINCORPORATED,-124.15056712000001,40.532664830000002
9035389,2020,2020-09-24,1203,2020-02-14,1840,4080,P16,5,5,4,1203,0,0,0,,0,001,"4TH ST","E ST",0.00,,Y,A,-,Y,HUM,1,101,-,-,78.442,I,5,S,Y,3,0,1,2,A,-,12,21453,,N,D,C,A,A,H,-,C,A,0,,,,,Y,,A,07,0,1,0,0,0,0,0,0,0,"- ","- ",40.802600860595703,-124.16719818115234,HUMBOLDT,EUREKA,-124.16725921630859,40.802604675292969
90354809,2016,2016-12-27,9125,2016-12-16,1230,019243,,5,1,9,1200,0,1,2,,2,018,US-101,"BIG LAGOON PARK RD",2640.00,S,N,A,-,Y,,,101,,,,,,,Y,3,0,2,2,A,-,05,21651,A,N,A,C,A,A,H,-,A,D,0,,,,,Y,,A,01,0,1,1,0,0,0,0,0,0,"- ","- ",41.149230000000003,-124.13575,HUMBOLDT,UNINCORPORATED,-124.13579712000001,41.149246329999997
90357796,2016,2016-12-29,9125,2016-12-24,0415,020895,,6,3,9,1200,0,1,2,,2,016,"US-101 N/B","BOYES CREEK AQUEDUCT",2482.00,S,N,A,-,Y,,,101,,,,,,N,Y,4,0,1,1,A,-,08,22107,,N,E,I,A,C,H,-,D,D,0,,,,,Y,,A,01,0,0,1,0,0,0,0,0,0,"- ","- ",41.34131,-124.03349,HUMBOLDT,UNINCORPORATED,-124.03344657,41.341249779999998
90360227,2016,2017-02-13,9125,2016-12-18,1755,020748,,7,2,9,1200,0,1,2,,2,030,"US-101 S/B","TOMPKINS HILL RD",2640.00,S,N,A,-,Y,,,101,,,,,,S,N,4,0,1,2,A,-,07,21658,A,M,B,C,A,A,H,-,D,D,0,,,,,Y,,D,22,0,0,1,0,0,0,0,0,0,"- ","- ",40.699100000000001,-124.20473,HUMBOLDT,UNINCORPORATED,-124.20476977,40.699071519999997
90362076,2017,2017-01-05,9125,2017-01-01,1915,018172,,7,2,9,1200,0,1,2,,2,018,"US-101 N/B","6TH AVE",2112.00,N,N,B,F,Y,,,101,,,,,,N,Y,3,0,1,1,A,-,03,22350,,N,E,I,A,C,H,-,D,D,0,,,,,Y,,A,01,0,1,0,0,0,0,0,0,0,"- ","- ",41.041429999999998,-124.1148,HUMBOLDT,UNINCORPORATED,-124.11488676,41.041387819999997
90365631,2017,2017-02-13,9125,2017-01-01,1825,018064,,7,2,9,1200,0,1,2,,2,030,"US-101 S/B (REDWOOD HIGHWAY)","SPRUCE POINT",2798.00,N,N,F,-,Y,,,101,,,,,,S,Y,2,0,2,4,A,-,03,22350,,N,C,E,E,D,H,-,D,D,0,Y,,,,Y,,A,01,1,1,0,0,2,0,0,0,0,"- ","- ",40.750390000000003,-124.194,HUMBOLDT,UNINCORPORATED,-124.19396161,40.7503496
90365678,2017,2017-01-10,9125,2017-01-02,1440,017077,,1,2,9,1200,0,1,2,,2,044,"US-101 S/B","FINCH CREEK RD",2218.00,N,N,B,C,Y,,,101,,,,,,S,Y,3,0,2,2,A,-,03,22350,,N,E,I,A,B,H,-,A,D,0,,,,,Y,,A,01,0,2,0,0,0,0,0,0,0,"- ","- ",40.615110000000001,-124.19580999999999,HUMBOLDT,UNINCORPORATED,-124.19576769,40.61518864
90365757,2017,2017-01-10,9125,2017-01-02,1535,019426,,1,2,9,1200,0,1,2,,2,030,"US-101 N/B","HOOKTON RD",3168.00,N,N,C,F,Y,,,101,,,,,,N,Y,3,0,4,2,A,-,03,22350,,N,C,C,A,C,H,-,A,D,0,,,,,Y,,A,01,0,4,0,0,0,0,0,0,0,"- ","- ",40.678460000000001,-124.2008,HUMBOLDT,UNINCORPORATED,-124.20097297,40.678480759999999
90365819,2017,2017-01-10,9125,2017-01-02,1420,020603,,1,2,9,1200,0,1,2,,2,044,US-101,"FINCH CREEK RD",410.00,N,N,C,F,Y,,,101,,,,,,,Y,3,0,2,1,A,-,03,22350,,N,E,I,A,C,H,-,A,D,0,,,,,Y,,A,08,0,1,1,0,0,0,0,0,0,"- ","- ",40.613190000000003,-124.19239,HUMBOLDT,UNINCORPORATED,-124.19241096,40.613164480000002
90367100,2017,2017-01-11,9125,2017-01-08,1130,019243,,7,1,9,1200,0,1,2,,2,017,US-101,"OLD STATE HIGHWAY",2112.00,N,N,B,C,Y,,,101,,,,,,,Y,3,0,1,1,A,-,08,22107,,N,E,I,A,B,H,-,A,D,0,,,,,Y,,A,01,0,1,0,0,0,0,0,0,0,"- ","- ",41.25835,-124.09554,HUMBOLDT,UNINCORPORATED,-124.09549111,41.258385750000002
90367864,2017,2017-01-12,9125,2017-01-11,1115,014643,,3,1,9,1200,0,1,2,,2,044,"US-101 N/B FROM SR-36 ONRAMP",SR-36,36.00,N,N,B,C,Y,,,101,,,,R,,N,N,4,0,1,1,A,-,08,22107,,N,E,I,A,B,H,-,A,D,0,,,,Y,Y,,G,25,0,0,1,0,0,0,0,0,0,"- ","- ",40.549140000000001,-124.14418000000001,HUMBOLDT,UNINCORPORATED,-124.14418000000001,40.549140000000001
90368520,2016,2017-01-12,9126,2016-08-05,2220,021219,,5,3,9,1200,0,1,2,,2,022,US-101,"SORENSON ROAD UNDERCROSSING",7920.00,N,N,A,-,Y,,,101,,,,,,,Y,1,1,0,1,A,-,03,22350,,F,E,H,A,A,H,-,D,D,0,,,,,Y,,A,01,0,0,0,0,0,0,0,0,0,"- ","- ",40.414110000000001,-123.96606,HUMBOLDT,UNINCORPORATED,-123.96606696000001,40.414057249999999
90375502,2017,2017-01-23,9125,2017-01-20,0740,018958,,5,1,9,1200,0,3,5,,2,001,US-101,"HILLER RD",2640.00,N,N,B,C,N,,,101,,,,,,,Y,4,0,2,2,A,-,03,22350,,N,C,C,A,B,H,-,A,D,0,,,,,Y,,A,08,0,0,2,0,0,0,0,0,0,"- ","- ",40.946719999999999,-124.11633,HUMBOLDT,UNINCORPORATED,-124.1163395,40.946720069999998
90381135,2017,2017-01-30,9126,2017-01-20,1955,021102,,5,2,9,1200,0,1,2,,2,044,"US-101 SOUTHBOUND","EAGLE POINT VIADUCT",1584.00,S,N,C,-,Y,,,101,,,,,,S,Y,2,0,3,1,A,-,08,22107,,N,E,I,A,B,H,-,D,D,0,,,,,Y,,D,22,1,1,1,0,0,0,0,0,0,"- ","- ",40.268949999999997,-123.85247,HUMBOLDT,UNINCORPORATED,-123.85236881,40.268980319999997
90387648,2017,2017-02-07,9125,2017-01-24,1632,019093,,2,2,9,1200,0,1,2,,2,022,"US-101 N/B","BAYSIDE CUTOFF",0.00,,Y,A,-,Y,,,101,,,,,,N,Y,4,0,1,2,A,-,09,21803,A,N,D,C,A,A,H,-,A,A,0,,,,,Y,,A,07,0,0,1,0,0,0,0,0,0,"- ","- ",40.835030000000003,-124.08179,HUMBOLDT,UNINCORPORATED,-124.08180306,40.835030619999998
90388312,2017,2017-02-08,9125,2017-01-24,1907,021514,,2,2,9,1200,0,3,5,,2,001,"US-101 SB FROM SR 200","SILVA ROAD",366.00,N,N,A,-,Y,,,101,,,,R,,S,N,4,0,1,1,A,-,08,22107,,N,E,I,A,A,H,-,C,A,0,,,,,Y,,A,01,0,0,1,0,0,0,0,0,0,"- ","- ",40.919930000000001,-124.09779,HUMBOLDT,UNINCORPORATED,-124.09779,40.919930000000001
90391341,2017,2017-02-13,9125,2017-01-24,0230,013551,,2,3,9,1200,0,1,2,,2,030,"US-101 N/B","LOLETA DR",1056.00,N,N,A,-,Y,,,101,,,,,,N,Y,3,0,1,1,A,-,01,23152,A,N,E,I,A,A,H,-,D,D,0,,,,,Y,Y,A,01,0,1,0,0,0,0,0,0,0,"- ","- ",40.645420000000001,-124.20829999999999,HUMBOLDT,UNINCORPORATED,-124.20834676,40.64540744
90392654,2017,2017-02-14,9125,2017-02-06,0500,013551,,1,3,9,1200,0,1,2,,2,017,"US-101 N/B","KANE RD",5280.00,S,N,C,-,Y,,,101,,,,,,N,Y,3,0,1,1,A,-,03,22350,,N,F,A,A,B,H,-,D,D,0,,,,,Y,,A,01,0,1,0,0,0,0,0,0,0,"- ","- ",41.190770000000001,-124.10997,HUMBOLDT,UNINCORPORATED,-124.10997356999999,41.190768820000002
90393007,2017,2017-02-14,9126,2017-02-11,0530,021102,,6,3,9,1200,0,1,2,,1,066,US-101,"BENBOW DRIVE",18480.00,S,N,A,-,Y,,,101,,,,,,,Y,3,0,1,1,A,-,08,22107,,N,E,I,A,A,H,-,D,D,0,,,,Y,Y,,G,25,0,1,0,0,0,0,0,0,0,"- ","- ",40.024729999999998,-123.79407,HUMBOLDT,UNINCORPORATED,-123.79401063,40.024717340000002
90399039,2017,2017-02-23,9125,2017-02-21,0145,019093,,2,3,9,1200,0,1,2,,2,044,"US-101 N/B","FORTUNA OVERHEAD",240.00,S,N,B,C,Y,,,101,,,,,,N,Y,3,0,1,1,A,-,08,22107,,N,F,I,A,B,H,-,D,D,0,,,,,Y,,A,01,0,1,0,0,0,0,0,0,0,"- ","- ",40.598480000000002,-124.16679000000001,HUMBOLDT,UNINCORPORATED,-124.16685385,40.598416559999997
90399704,2017,2017-02-24,9126,2017-02-16,0335,021329,,4,3,9,1200,0,1,2,,2,044,"US-101 S/B","DIMMICK ROAD",2640.00,S,N,C,-,Y,,,101,,,,,,S,Y,3,0,1,1,A,-,01,23152,A,N,E,I,A,B,H,-,D,D,0,,,,,Y,Y,D,22,0,1,0,0,0,0,0,0,0,"- ","- ",40.198920000000001,-123.77696,HUMBOLDT,UNINCORPORATED,-123.77691213,40.19895734
9040154,2019,2020-08-26,1203,2019-10-30,1438,4030,P51,3,5,4,1203,0,0,0,,0,002,"RT 101",TRUESDALE,397.00,N,N,A,-,Y,HUM,1,101,-,-,76.090,H,-,S,N,3,0,1,2,A,-,08,22107,,N,C,C,A,A,H,-,A,A,0,,,,,Y,,D,72,0,1,0,0,0,0,0,0,0,"- ","- ",40.776348114013672,-124.19068908691406,HUMBOLDT,EUREKA,-124.19017791748047,40.776611328125
90406519,2017,2017-03-06,9125,2017-02-28,1620,021450,,2,2,9,1200,0,1,2,,2,017,"US-101 S/B","OLD STATE HIGHWAY",5808.00,N,N,A,-,Y,,,101,,,,,,S,Y,3,0,2,1,A,-,08,22107,,N,E,I,A,A,H,-,A,D,0,,,,,Y,,A,08,0,1,1,0,0,0,0,0,0,"- ","- ",41.26652,-124.09781,HUMBOLDT,UNINCORPORATED,-124.0976287,41.266437209999999
90407726,2017,2017-03-16,9126,2017-02-25,1307,021216,,6,1,9,1200,0,1,2,,2,044,"US-101 N/B","REDWOOD DRIVE OVERCROSSING",0.00,,Y,A,-,Y,,,101,,,,,,N,N,1,1,0,2,A,-,11,21954,A,N,G,B,E,A,H,-,A,D,0,Y,,,,Y,,N,60,0,0,0,1,0,0,0,0,0,"- ","- ",40.104880000000001,-123.79516,HUMBOLDT,UNINCORPORATED,-123.79518251,40.104889460000003
90408370,2017,2017-03-08,9126,2017-03-03,1713,021507,,5,2,9,1200,0,1,2,,2,022,"US-101 S/B","S. FORK EEL RIVER BRIDGE #4-124",128.00,N,N,A,-,Y,,,101,,,,,,S,Y,3,0,2,1,A,-,03,22350,,N,E,I,A,A,H,-,A,D,0,,,,,Y,,A,01,0,1,1,0,0,0,0,0,0,"- ","- ",40.266509999999997,-123.87099000000001,HUMBOLDT,UNINCORPORATED,-123.87096059,40.266596819999997
90410977,2017,2017-03-13,9125,2017-03-04,0153,020946,,6,3,9,1200,0,1,2,,2,045,"US-101 S/B",SR-36,805.00,N,N,C,-,Y,,,101,,,,,,S,Y,2,0,1,1,A,-,01,23152,A,N,E,I,A,B,H,-,C,D,0,,,,,Y,Y,D,22,1,0,0,0,0,0,0,0,0,"- ","- ",40.550910000000002,-124.14618,HUMBOLDT,UNINCORPORATED,-124.14587252,40.550966600000002
90413944,2017,2017-03-16,9126,2017-03-13,2300,021329,,1,3,9,1200,0,1,2,,2,022,"US-101 N/B","PESULA ROAD",2640.00,S,N,A,-,Y,,,101,,,,,,N,Y,4,0,1,1,A,-,01,23152,A,N,E,I,A,A,H,-,D,D,0,,,,,Y,Y,A,01,0,0,1,0,0,0,0,0,0,"- ","- ",40.301319999999997,-123.89236,HUMBOLDT,UNINCORPORATED,-123.89244621,40.301300920000003