CASE_ID,ACCIDENT_YEAR,PROC_DATE,JURIS,COLLISION_DATE,COLLISION_TIME,OFFICER_ID,REPORTING_DISTRICT,DAY_OF_WEEK,CHP_SHIFT,POPULATION,CNTY_CITY_LOC,SPECIAL_COND,BEAT_TYPE,CHP_BEAT_TYPE,CITY_DIVISION_LAPD,CHP_BEAT_CLASS,BEAT_NUMBER,PRIMARY_RD,SECONDARY_RD,DISTANCE,DIRECTION,INTERSECTION,WEATHER_1,WEATHER_2,STATE_HWY_IND,CALTRANS_COUNTY,CALTRANS_DISTRICT,STATE_ROUTE,ROUTE_SUFFIX,POSTMILE_PREFIX,POSTMILE,LOCATION_TYPE,RAMP_INTERSECTION,SIDE_OF_HWY,TOW_AWAY,COLLISION_SEVERITY,NUMBER_KILLED,NUMBER_INJURED,PARTY_COUNT,PRIMARY_COLL_FACTOR,PCF_CODE_OF_VIOL,PCF_VIOL_CATEGORY,PCF_VIOLATION,PCF_VIOL_SUBSECTION,HIT_AND_RUN,TYPE_OF_COLLISION,MVIW,PED_ACTION,ROAD_SURFACE,ROAD_COND_1,ROAD_COND_2,LIGHTING,CONTROL_DEVICE,CHP_ROAD_TYPE,PEDESTRIAN_ACCIDENT,BICYCLE_ACCIDENT,MOTORCYCLE_ACCIDENT,TRUCK_ACCIDENT,NOT_PRIVATE_PROPERTY,ALCOHOL_INVOLVED,STWD_VEHTYPE_AT_FAULT,CHP_VEHTYPE_AT_FAULT,COUNT_SEVERE_INJ,COUNT_VISIBLE_INJ,COUNT_COMPLAINT_PAIN,COUNT_PED_KILLED,COUNT_PED_INJURED,COUNT_BICYCLIST_KILLED,COUNT_BICYCLIST_INJURED,COUNT_MC_KILLED,COUNT_MC_INJURED,PRIMARY_RAMP,SECONDARY_RAMP,LATITUDE,LONGITUDE,COUNTY,CITY,POINT_X,POINT_Y
90431670,2017,2017-04-11,9125,2017-04-06,0658,018958,,4,1,9,1200,0,1,2,,2,017,US-101,"S. PRAIRIE CREEK U/C",2112.00,S,N,B,C,N,,,101,,,,,,,Y,2,0,1,1,A,-,08,22107,,N,E,I,A,B,H,-,A,D,0,,,,,Y,,A,08,1,0,0,0,0,0,0,0,0,"- ","- ",41.343330000000002,-124.03104999999999,HUMBOLDT,UNINCORPORATED,-124.03111328,41.343371439999999
90432968,2017,2017-04-12,9126,2017-03-31,1125,021295,,5,1,9,1200,0,1,2,,2,044,"US-101 SOUTHBOUND","DEAN CREEK ROAD",5280.00,N,N,A,-,Y,,,101,,,,,,S,Y,2,0,1,2,A,-,06,21755,,N,B,C,A,A,H,-,A,D,0,,,Y,,Y,,C,02,1,0,0,0,0,0,0,0,1,"- ","- ",40.152299999999997,-123.79519999999999,HUMBOLDT,UNINCORPORATED,-123.79535414999999,40.152327319999998
90433726,2017,2017-04-13,9125,2017-03-12,1209,021450,,7,1,9,1200,0,1,2,,2,030,"US-101 S/B","TOMPKINS HILL ROAD",1056.00,S,N,A,-,Y,,,101,,,,,,S,Y,1,1,1,1,A,-,01,23152,A,N,E,I,A,A,H,-,A,D,0,,,,,Y,Y,A,01,1,0,0,0,0,0,0,0,0,"- ","- ",40.702919999999999,-124.20922,HUMBOLDT,UNINCORPORATED,-124.20916904000001,40.702956489999998
90436866,2017,2017-04-18,9126,2017-04-10,1425,021243,,1,2,9,1200,0,1,2,,2,022,"US-101 SOUTHBOUND","SORENSON ROAD",4752.00,S,N,A,-,Y,,,101,,,,,,S,Y,3,0,1,1,A,-,08,22107,,N,E,I,A,A,H,-,A,D,0,,,,Y,Y,,G,25,0,1,0,0,0,0,0,0,0,"- ","- ",40.392000000000003,-123.93284,HUMBOLDT,UNINCORPORATED,-123.93292112,40.391967970000003
90440347,2017,2017-04-24,9125,2017-04-17,1605,019243,,1,2,9,1200,0,1,2,,2,018,US-101,"6TH AVE",370.00,N,N,B,C,Y,,,101,,,,,,,Y,4,0,1,1,A,-,08,22107,,N,E,I,A,B,H,-,A,D,0,,,,,Y,,A,01,0,0,1,0,0,0,0,0,0,"- ","- ",41.044690000000003,-124.11724,HUMBOLDT,UNINCORPORATED,-124.11720787,41.04471951
90441002,2017,2017-04-24,9126,2017-04-16,0905,021243,,7,1,9,1200,0,1,2,,1,066,"US-101 SOUTHBOUND","BENBOW DRIVE",8448.00,S,N,B,-,Y,,,101,,,,,,S,Y,4,0,1,1,A,-,08,22107,,N,E,I,A,B,H,-,A,D,0,,,,,Y,,A,01,0,0,1,0,0,0,0,0,0,"- ","- ",40.017899999999997,-123.79133,HUMBOLDT,UNINCORPORATED,-123.79135968999999,40.017897609999999
90446153,2017,2017-05-01,9125,2017-04-21,1827,021025,,5,2,9,1200,0,1,2,,2,044,"US-101 S/B","SINGLEY HILL RD UNDERCROSSING",2000.00,S,N,A,-,Y,,,101,,,,,,S,Y,3,0,1,3,A,-,07,21658,A,F,C,C,A,A,H,-,A,D,0,,,,,Y,,D,22,0,1,0,0,0,0,0,0,0,"- ","- ",40.618940000000002,-124.20379,HUMBOLDT,UNINCORPORATED,-124.203794,40.618934340000003
90446503,2017,2017-05-01,9125,2017-04-22,2035,020901,,6,2,9,1200,0,3,5,,2,001,"RT 101","MCDONALD CREEK ROAD",180.00,S,N,A,-,Y,,,101,,,,,,,Y,3,0,2,1,C,-,18,,,N,H,H,A,A,H,-,D,D,0,,,,,Y,,-,"- ",0,1,1,0,0,0,0,0,0,"- ","- ",41.224679999999999,-124.09029,HUMBOLDT,UNINCORPORATED,-124.09030532,41.224711380000002
90446765,2017,2017-05-01,9125,2017-04-26,1600,020624,,3,2,9,1200,0,1,2,,2,022,"US-101 N/B TO GIUNTOLI LN.","GIUNTOLI LN",200.00,S,N,A,-,Y,,,101,,,,R,,N,Y,4,0,2,4,A,-,03,22350,,N,C,C,A,A,H,-,A,D,0,,,,,Y,,A,01,0,0,2,0,0,0,0,0,0,"- ","- ",40.904229999999998,-124.08535000000001,HUMBOLDT,UNINCORPORATED,-124.08535000000001,40.904229999999998
90447267,2017,2017-05-02,9125,2017-04-30,2202,018064,,7,3,9,1200,0,3,5,,2,001,"US-101 S/B (REDWOOD HIGHWAY)","VAN DUZEN RIVER BRIDGE",1056.00,S,N,A,-,Y,,,101,,,,,,S,Y,4,0,1,1,C,-,18,,,N,H,H,A,A,H,-,A,D,0,,,,,Y,,-,"- ",0,0,1,0,0,0,0,0,0,"- ","- ",40.533299999999997,-124.15003,HUMBOLDT,UNINCORPORATED,-124.15026202999999,40.53342241
90449242,2017,2017-05-04,9125,2017-04-30,2200,013551,,7,3,9,1200,0,1,2,,2,045,"US-101 S/B","VAN DUZEN RIVER BRIDGE",0.00,,N,A,-,Y,,,101,,,,,,S,N,4,0,2,1,C,-,18,,,N,H,H,A,A,H,-,D,D,0,,,,,Y,,-,"- ",0,0,2,0,0,0,0,0,0,"- ","- ",40.533340000000003,-124.15033,HUMBOLDT,UNINCORPORATED,-124.15031083,40.533329889999997
90452265,2017,2017-05-09,9126,2017-05-02,0150,021081,,2,3,9,1200,0,1,2,,1,066,"US-101 N/B","BENBOW DRIVE",1056.00,N,N,A,-,Y,,,101,,,,,,N,Y,3,0,1,1,A,-,01,23152,A,N,E,I,A,A,H,-,D,D,0,,,,,Y,Y,D,22,0,1,0,0,0,0,0,0,0,"- ","- ",40.074759999999998,-123.79066,HUMBOLDT,UNINCORPORATED,-123.79075962,40.074808640000001
90455711,2017,2017-05-15,9125,2017-05-07,1710,019243,,7,2,9,1200,0,1,2,,2,019,"US-101 N/B CENTRAL OFF RAMP",SR-200,0.00,,Y,A,-,Y,,,101,,,,R,,N,Y,2,0,1,2,A,-,09,21802,A,N,B,C,A,A,H,-,A,A,0,,,,,Y,,A,01,1,0,0,0,0,0,0,0,0,"- ","- ",40.9193,-124.09463,HUMBOLDT,UNINCORPORATED,-124.09463,40.9193
90462410,2017,2017-06-01,9125,2017-05-14,1335,020603,,7,1,9,1200,0,1,2,,2,044,"S/B US-101","12TH STREET",10.00,S,N,A,-,Y,,,101,,,,,,,N,4,0,1,2,A,-,07,21658,A,N,B,C,A,A,H,-,A,D,0,,,,,Y,,A,01,0,0,1,0,0,0,0,0,0,"- ","- ",40.587760000000003,-124.15527,HUMBOLDT,UNINCORPORATED,-124.1552587,40.58777053
90466237,2017,2017-05-29,9125,2017-05-21,1930,018172,,7,2,9,1200,0,1,2,,2,019,"US-101 N/B","CENTRAL AVE",459.00,N,N,A,-,Y,,,101,,,,,,N,Y,3,0,1,1,C,-,18,,,N,F,A,A,A,H,-,A,D,0,,,,,Y,Y,-,"- ",0,1,0,0,0,0,0,0,0,"- ","- ",40.995229999999999,-124.11394,HUMBOLDT,UNINCORPORATED,-124.11310829999999,40.995056730000002
90468319,2017,2018-10-09,9125,2017-05-18,1347,014643,,4,1,9,1200,0,1,2,,2,044,"US-101 S/B (REDWOOD HIGHWAY)","LOLETA DRIVE O/C",2640.00,S,N,A,-,Y,,,101,,,,,,S,Y,3,0,2,3,A,-,07,21658,A,N,B,C,A,A,H,-,A,D,0,,,,Y,Y,,G,25,0,1,1,0,0,0,0,0,0,"- ","- ",40.63552,-124.21268000000001,HUMBOLDT,UNINCORPORATED,-124.21262016,40.635489700000001
90469338,2017,2017-06-01,9126,2017-05-24,1830,021102,,3,2,9,1200,0,1,2,,2,022,"US-101 NORTHBOUND","SOUTH FORK ROAD",50.00,S,N,A,-,Y,,,101,,,,,,N,Y,4,0,1,1,A,-,08,22107,,N,E,I,A,A,H,-,A,D,0,,,,,Y,,A,01,0,0,1,0,0,0,0,0,0,"- ","- ",40.352969999999999,-123.92812000000001,HUMBOLDT,UNINCORPORATED,-123.92803209,40.352867070000002
90470768,2017,2017-06-05,9125,2017-05-31,1545,020696,,3,2,9,1200,0,1,2,,2,030,"N/B US-101","LOLETA DR.",475.00,N,N,A,-,Y,,,101,,,,,,,Y,2,0,1,1,A,-,08,22107,,N,F,A,A,A,H,-,A,D,0,,,Y,,Y,,C,02,1,0,0,0,0,0,0,0,1,"- ","- ",40.659379999999999,-124.20534000000001,HUMBOLDT,UNINCORPORATED,-124.20541364,40.659427649999998
90476731,2017,2017-06-20,9125,2017-06-10,1518,020696,,6,2,9,1200,0,1,2,,2,044,"US-101 N/B TO SINGLEY RD.","SINGLEY HILL RD",80.00,S,N,A,-,Y,,,101,,,,R,,N,Y,3,0,1,1,A,-,08,22107,,N,E,I,A,A,H,-,A,D,0,,,,,Y,,A,07,0,1,0,0,0,0,0,0,0,"- ","- ",40.622369999999997,-124.21238,HUMBOLDT,UNINCORPORATED,-124.21238,40.622369999999997
90478912,2017,2017-06-15,9125,2017-06-08,0155,013551,,4,3,9,1200,0,1,2,,2,030,"US-101 S/B","LOLETA DR",4260.00,N,N,C,-,Y,,,101,,,,,,S,Y,4,0,1,1,A,-,08,22107,,N,F,A,A,B,H,-,D,D,0,,,,,Y,,A,01,0,0,1,0,0,0,0,0,0,"- ","- ",40.653210000000001,-124.21162,HUMBOLDT,UNINCORPORATED,-124.21156628,40.653194390000003
90486849,2017,2017-06-23,9126,2017-06-16,1510,021216,,5,2,9,1200,0,1,2,,2,044,"US-101 N/B","ALDERPOINT ROAD",2640.00,N,N,A,-,Y,,,101,,,,,,N,Y,3,0,2,2,A,-,08,22107,,N,D,C,A,A,H,-,A,D,0,,,,,Y,,A,07,0,1,1,0,0,0,0,0,0,"- ","- ",40.114310000000003,-123.79304,HUMBOLDT,UNINCORPORATED,-123.79297944,40.114332609999998
90489337,2017,2017-06-28,9125,2017-06-26,1807,021450,,1,2,9,1200,0,1,2,,2,017,US-101,"NEWTON B DRURY SCENIC PKY",3168.00,S,N,A,-,Y,,,101,,,,,,,Y,3,0,1,1,A,-,08,22107,,F,E,I,A,A,H,-,A,D,0,,,,,Y,,D,22,0,1,0,0,0,0,0,0,0,"- ","- ",41.341830000000002,-124.03279999999999,HUMBOLDT,UNINCORPORATED,-124.03277352000001,41.341800429999999
90492723,2017,2017-07-03,9125,2017-06-25,0115,021025,,7,3,9,1200,0,1,2,,2,019,"US-101 N/B","HILLER ROAD OC",1200.00,S,N,A,-,Y,,,101,,,,,,N,Y,3,0,1,1,A,-,01,23152,A,N,F,A,A,A,H,-,C,D,0,,,,,Y,Y,D,22,0,1,0,0,0,0,0,0,0,"- ","- ",40.938470000000002,-124.11606,HUMBOLDT,UNINCORPORATED,-124.11613623,40.938470629999998
90493103,2017,2018-02-21,9125,2017-05-05,0040,020491,,5,3,9,1200,0,1,2,,2,019,"US-101 N/B","AIRPORT RD",1320.00,N,N,A,-,Y,,,101,,,,,,N,Y,1,1,1,3,A,-,11,21954,A,F,G,B,E,A,H,-,C,D,0,Y,,,,Y,Y,N,60,0,1,0,1,0,0,0,0,0,"- ","- ",40.978650000000002,-124.11736000000001,HUMBOLDT,UNINCORPORATED,-124.11734677,40.97865376
90499189,2017,2017-07-12,9125,2017-07-05,0625,019243,,3,1,9,1200,0,1,2,,2,017,"N/B US-101","KANE RD",3168.00,N,N,B,-,Y,,,101,,,,,,,Y,2,0,1,2,A,-,05,21651,A,N,A,C,A,A,H,-,A,D,0,,,,Y,Y,,A,01,1,0,0,0,0,0,0,0,0,"- ","- ",41.213549999999998,-124.10852,HUMBOLDT,UNINCORPORATED,-124.10859968,41.213570660000002
90499420,2017,2017-07-12,9125,2017-07-06,1658,020624,,4,2,9,1200,0,3,5,,2,001,"US-101 N/B","AIRPORT RD.",4224.00,N,N,A,-,Y,,,101,,,,,,N,Y,3,0,1,2,A,-,07,21658,A,N,B,C,A,A,H,-,A,D,0,,,,,Y,,A,01,0,1,0,0,0,0,0,0,0,"- ","- ",40.811630000000001,-124.10996,HUMBOLDT,UNINCORPORATED,-124.10999087,40.811689899999998
90502269,2017,2017-07-17,9126,2017-07-08,2100,021507,,6,2,9,1200,0,1,2,,1,066,"US-101 NORTHBOUND","LAKE BENBOW DRIVE",4224.00,S,N,A,-,Y,,,101,,,,,,N,Y,3,0,2,1,C,-,18,,,N,F,A,A,A,H,-,D,D,0,,,Y,,Y,,-,"- ",0,2,0,0,0,0,0,0,2,"- ","- ",40.055869999999999,-123.79112000000001,HUMBOLDT,UNINCORPORATED,-123.79119941,40.055965059999998
90502333,2017,2017-07-17,9125,2017-07-13,1803,020624,,4,2,9,1200,0,1,2,,2,045,"US-101 NORTHBOUND","METROPOLITAN RD",528.00,S,N,A,-,Y,,,101,,,,,,N,Y,4,0,1,1,A,-,08,22107,,N,F,A,A,A,H,-,A,D,0,,,,,Y,,A,08,0,0,1,0,0,0,0,0,0,"- ","- ",40.522910000000003,-124.14814,HUMBOLDT,UNINCORPORATED,-124.14815378999999,40.522897210000004
90503494,2017,2017-08-08,9126,2017-07-10,0944,021216,,1,1,9,1200,0,1,2,,2,022,"US-101 SOUTHBOUND","NEWTON ROAD",257.00,N,N,A,-,Y,,,101,,,,,,S,Y,1,2,3,1,A,-,08,22107,,N,E,I,A,A,H,-,A,D,0,,,,,Y,,A,07,3,0,0,0,0,0,0,0,0,"- ","- ",40.322130000000001,-123.92169,HUMBOLDT,UNINCORPORATED,-123.9213614,40.322162550000002
90506631,2017,2017-07-24,9125,2017-07-17,2120,018172,,1,2,9,1200,0,3,5,,2,001,"US-101 N/B","NEWTON B DRURY SCENIC PARKWAY",5280.00,S,N,A,-,Y,,,101,,,,,,N,N,2,0,1,2,A,-,05,21202,A,N,B,G,A,A,H,-,B,D,0,,Y,,,Y,,L,04,1,0,0,0,0,0,1,0,0,"- ","- ",41.453200000000002,-124.02898999999999,HUMBOLDT,UNINCORPORATED,-124.02902168999999,41.45313281
90506960,2017,2017-07-24,9125,2017-07-22,0900,018958,,6,1,9,1200,0,1,2,,2,017,US-101,"ROBINSON RD",2640.00,N,N,A,-,N,,,101,,,,,,,Y,4,0,1,1,A,-,08,22107,,N,E,I,A,A,H,-,A,D,0,,,,,Y,,A,01,0,0,1,0,0,0,0,0,0,"- ","- ",41.314100000000003,-124.04268999999999,HUMBOLDT,UNINCORPORATED,-124.0427249,41.314144349999999
90508845,2017,2017-07-26,9125,2017-06-17,0335,021025,,6,3,3,1201,0,1,S,,2,901,"US-101 S/B TO SOUTH G STREET","SAMOA BLVD OC",4140.00,S,N,B,-,Y,,,101,,,,R,,S,Y,1,1,1,1,A,-,01,23152,A,N,E,I,A,A,H,-,C,A,0,,,,,Y,Y,A,08,1,0,0,0,0,0,0,0,0,"- ","- ",40.851329999999997,-124.08242,HUMBOLDT,ARCATA,-124.08242,40.851329999999997
90509293,2017,2017-07-26,9125,2017-07-19,1540,021559,,3,2,9,1200,0,1,2,,2,018,US-101,"REDWOOD TRAILS CIR",5280.00,N,N,A,-,Y,,,101,,,,,,,Y,4,0,1,2,A,-,05,21460,A,N,A,C,A,A,H,-,A,D,0,,,,,Y,,A,01,0,0,1,0,0,0,0,0,0,"- ","- ",41.236469999999997,-124.08376,HUMBOLDT,UNINCORPORATED,-124.08378371000001,41.236481589999997
9050991,2020,2020-11-30,1203,2020-02-14,1444,4077,P10,5,5,4,1203,0,0,0,,0,001,"RT 101","N 6TH",0.00,,Y,A,-,Y,HUM,1,101,-,-,79.654,I,6,N,Y,2,0,1,1,A,-,08,22107,,N,E,J,A,A,H,-,A,D,0,,,,,Y,,A,01,1,0,0,0,0,0,0,0,0,"- ","- ",40.803390502929688,-124.14540863037109,HUMBOLDT,EUREKA,-124.14442443847656,40.804409027099609
90513384,2017,2017-07-31,9125,2017-07-29,0504,020946,,6,3,9,1200,0,1,2,,2,044,"US-101 N/B","LOLETA DRIVE",3453.00,S,N,A,-,Y,,,101,,,,,,N,Y,4,0,2,1,A,-,08,22107,,N,E,I,A,A,H,-,D,D,0,,,,,Y,,A,07,0,0,2,0,0,0,0,0,0,"- ","- ",40.632559999999998,-124.21386,HUMBOLDT,UNINCORPORATED,-124.21387009999999,40.632565190000001
9051578,2020,2020-09-24,1203,2020-01-20,1230,0482,P37,1,5,4,1203,0,0,0,,0,002,BROADWAY,HAWTHORNE,139.00,N,N,A,-,Y,HUM,1,101,-,-,77.170,H,-,N,Y,3,0,1,3,A,-,03,22350,,N,C,C,A,A,H,-,A,A,0,,,,,Y,,A,07,0,1,0,0,0,0,0,0,0,"- ","- ",40.789321899414062,-124.17916107177734,HUMBOLDT,EUREKA,-124.17945098876953,40.789512634277344
9051802,2020,2020-11-09,1203,2020-02-12,1322,4100,P37,3,5,4,1203,0,0,0,,0,002,"W DEL NORTE",BROADWAY,0.00,,Y,A,-,Y,HUM,1,101,-,-,7.240,I,5,S,N,3,0,1,2,A,-,10,21950,,N,G,B,B,A,H,-,A,D,0,Y,,,,Y,,D,22,0,1,0,0,1,0,0,0,0,"- ","- ",40.790470123291016,-124.17933654785156,HUMBOLDT,EUREKA,-123.78962707519531,40.069252014160156
90520138,2017,2017-08-09,9125,2017-06-27,2225,021450,,2,3,9,1200,0,1,2,,2,019,"US-101 N/B","MURRAY RD",2640.00,S,N,A,-,Y,,,101,,,,,,N,Y,1,1,1,2,A,-,01,23152,A,N,A,C,A,A,H,-,D,D,0,,,,,Y,Y,A,07,0,0,1,0,0,0,0,0,0,"- ","- ",40.949129999999997,-124.11609,HUMBOLDT,UNINCORPORATED,-124.11604592,40.949129669999998
90527328,2017,2017-08-23,9125,2017-08-14,1505,018013,,1,2,9,1200,0,1,2,,1,024,"N/B US-101","AIRPORT RD",2640.00,N,N,A,-,Y,,,101,,,,,,,Y,2,0,3,2,A,-,09,21804,A,N,D,C,A,A,H,-,A,D,0,,,,,Y,,A,01,1,2,0,0,0,0,0,0,0,"- ","- ",40.809559999999998,-124.11409999999999,HUMBOLDT,UNINCORPORATED,-124.11410544,40.809570809999997
90527776,2017,2017-08-21,9126,2017-08-11,1715,021102,,5,2,9,1200,0,1,2,,1,066,US-101,"BENBOW DR",19008.00,S,N,A,-,Y,,,101,,,,,,,Y,3,0,4,3,A,-,03,22350,,N,C,C,A,A,H,-,A,D,0,,,,Y,Y,,G,25,0,1,3,0,0,0,0,0,0,"- ","- ",40.022500000000001,-123.79443000000001,HUMBOLDT,UNINCORPORATED,-123.79391473,40.02275101
90528751,2017,2017-08-22,9126,2017-08-14,1320,021722,,1,1,9,1200,0,1,2,,2,044,"US-101 S/B","FRENCH ROAD",9504.00,S,N,A,-,Y,,,101,,,,,,S,Y,3,0,3,4,A,-,05,21651,A,N,A,C,A,A,H,-,A,D,0,,,,,Y,,A,07,0,3,0,0,0,0,0,0,0,"- ","- ",40.210740000000001,-123.7923,HUMBOLDT,UNINCORPORATED,-123.79237421000001,40.210733189999999
90530205,2017,2017-08-24,9125,2017-08-18,0520,021025,,5,3,9,1200,0,3,5,,2,001,"US-101 N/B","METROPOLITAN ROAD",1500.00,S,N,B,E,Y,,,101,,,,,,N,Y,3,0,1,1,A,-,08,22107,,N,E,I,A,A,H,-,D,D,0,,,,Y,Y,,G,25,0,1,0,0,0,0,0,0,0,"- ","- ",40.521529999999998,-124.14675,HUMBOLDT,UNINCORPORATED,-124.14679162,40.52147411
90535021,2017,2017-08-28,9125,2017-08-15,1739,021450,,2,2,9,1200,0,1,2,,2,017,US-101,"HUFFORD RD",275.00,N,N,B,-,Y,,,101,,,,,,,Y,3,0,1,2,A,-,09,21804,A,N,D,C,A,A,H,-,A,D,0,,,,,Y,,A,07,0,1,0,0,0,0,0,0,0,"- ","- ",41.290320000000001,-124.05835,HUMBOLDT,UNINCORPORATED,-124.05832401000001,41.290305490000001
90536152,2017,2017-08-29,9126,2017-07-21,0320,021168,,5,3,9,1200,0,1,2,,2,044,"US-101 N/B","FRENCH ROAD",528.00,N,N,B,-,Y,,,101,,,,,,N,Y,1,2,1,1,A,-,08,22107,,N,E,I,A,A,H,-,C,D,0,,,,,Y,,A,07,1,0,0,0,0,0,0,0,0,"- ","- ",40.219850000000001,-123.82198,HUMBOLDT,UNINCORPORATED,-123.82201514,40.219789290000001
90546015,2017,2017-09-12,9125,2017-09-06,1730,019243,,3,2,9,1200,0,1,2,,2,016,US-101,"NEWTON B DRURY SCENIC PKY",31680.00,N,N,A,-,Y,,,101,,,,,,,Y,3,0,1,1,A,-,08,22107,,N,F,A,A,A,H,-,A,D,0,,,,,Y,,A,07,0,1,0,0,0,0,0,0,0,"- ","- ",41.409590000000001,-124.00299,HUMBOLDT,UNINCORPORATED,-124.00304257000001,41.409578349999997
90546733,2017,2017-09-13,9126,2017-09-06,1610,021102,,3,2,9,1200,0,1,2,,2,044,US-101,"DEAN CREEK ROAD",5280.00,N,N,A,-,Y,,,101,,,,,,,Y,3,0,1,1,A,-,08,22107,,N,E,I,A,A,H,-,A,D,0,,,,,Y,,A,01,0,1,0,0,0,0,0,0,0,"- ","- ",40.15222,-123.79514,HUMBOLDT,UNINCORPORATED,-123.79527813999999,40.152245610000001
90554276,2017,2017-09-22,9126,2017-09-16,1310,021692,,6,1,9,1200,0,1,2,,2,044,"US-101 NORTHBOUND","FRENCH ROAD",20.00,S,N,A,-,Y,,,101,,,,,,N,Y,3,0,1,1,A,-,08,22107,,N,E,I,A,A,H,-,A,D,0,,,,,Y,,A,08,0,1,0,0,0,0,0,0,0,"- ","- ",40.216180000000001,-123.81464,HUMBOLDT,UNINCORPORATED,-123.81464,40.216365019999998
90555804,2017,2017-09-26,9125,2017-09-19,2350,018172,,2,3,9,1200,0,3,5,,2,001,"US-101 N/B","METROPOLITAN RD",1584.00,S,N,B,C,Y,,,101,,,,,,N,Y,2,0,1,1,A,-,08,22107,,N,E,I,A,B,H,-,D,D,0,,,,,Y,,A,01,1,0,0,0,0,0,0,0,0,"- ","- ",40.521050000000002,-124.1461,HUMBOLDT,UNINCORPORATED,-124.14613236,40.521002179999996
90556385,2017,2017-09-26,9126,2017-09-17,1310,021753,,7,1,9,1200,0,1,2,,2,022,"US-101 S/B TO SR-254 (EXIT 656)",SR-254,140.00,E,N,B,-,Y,,,101,,,,R,,S,Y,3,0,3,1,A,-,03,22350,,N,E,I,A,A,H,-,A,A,0,,,,,Y,,A,01,0,1,2,0,0,0,0,0,0,"- ","- ",40.266800000000003,-123.87222,HUMBOLDT,UNINCORPORATED,-123.87222,40.266800000000003
90562065,2017,2017-10-03,9125,2017-09-25,1710,018064,,1,2,9,1200,0,3,5,,2,001,"US-101 N/B (REDWOOD HIGHWAY)","LOLETA DRIVE",200.00,S,N,A,-,Y,,,101,,,,,,N,N,4,0,1,1,A,-,01,23152,A,N,D,I,A,A,H,-,A,B,0,,,,,Y,Y,A,01,0,0,1,0,0,0,0,0,0,"- ","- ",40.64199,-124.20911,HUMBOLDT,UNINCORPORATED,-124.20918574,40.642030679999998
90565172,2017,2017-10-09,9125,2017-09-30,1830,020895,,6,2,3,1201,0,1,2,,2,022,"US-101 N/B",SR-299,1320.00,S,N,A,-,Y,,,101,,,,,,N,N,4,0,1,3,A,-,07,21658,A,M,B,C,A,A,H,-,A,D,0,,,,,Y,,A,01,0,0,1,0,0,0,0,0,0,"- ","- ",40.89396,-124.08159000000001,HUMBOLDT,ARCATA,-124.08155614,40.893976909999999
90567000,2017,2017-10-10,9125,2017-10-03,1300,019243,,2,1,9,1200,0,1,2,,1,024,US-101,"AIRPORT RD",1056.00,S,N,A,-,Y,,,101,,,,,,,Y,4,0,1,2,A,-,03,22350,,N,C,C,A,A,H,-,A,D,0,,,,,Y,,A,07,0,0,1,0,0,0,0,0,0,"- ","- ",40.804960000000001,-124.12586,HUMBOLDT,UNINCORPORATED,-124.12586177,40.804972069999998
90567127,2017,2017-10-10,9125,2017-09-30,0235,021025,,6,3,9,1200,0,1,2,,2,019,"US-101 N/B","HILLER ROAD OC",840.00,S,N,A,-,Y,,,101,,,,,,N,Y,3,0,1,1,A,-,01,23152,A,N,E,I,A,A,H,-,D,D,0,,,,,Y,Y,D,22,0,1,0,0,0,0,0,0,0,"- ","- ",40.939329999999998,-124.11609,HUMBOLDT,UNINCORPORATED,-124.11612913,40.939330320000003
9056880,2020,2020-11-30,1203,2020-03-18,0855,4036,P15,3,5,4,1203,0,0,0,,0,001,BROADWAY,7TH,65.00,S,N,A,-,Y,HUM,1,101,-,-,77.820,H,-,N,N,3,0,1,3,A,-,03,22350,,N,C,C,A,A,H,-,A,D,0,,,,,Y,,D,22,0,1,0,0,0,0,0,0,0,"- ","- ",40.798900604248047,-124.17508697509766,HUMBOLDT,EUREKA,-124.17504119873047,40.798595428466797
90571414,2017,2017-10-16,9125,2017-10-12,1535,016577,,4,2,9,1200,0,1,2,,2,017,US-101,"MCDONALD CREEK RD.",300.00,N,N,A,-,Y,,,101,,,,,,,N,4,0,1,3,A,-,03,22350,,N,C,C,A,A,D,-,A,D,0,,,,,Y,,A,01,0,0,1,0,0,0,0,0,0,"- ","- ",41.223770000000002,-124.09215,HUMBOLDT,UNINCORPORATED,-124.09216486,41.223800799999999
90575366,2017,2017-10-20,9125,2017-10-15,0155,020901,,7,3,9,1200,0,1,2,,2,030,"UNITED STATES HIGHWAY 101","KING SALMON AVE",0.00,,Y,A,-,Y,,,101,,,,,,,Y,3,0,1,1,A,-,01,23152,A,N,E,I,A,A,H,-,C,D,0,,,,,Y,Y,A,01,0,1,0,0,0,0,0,0,0,"- ","- ",40.736269999999998,-124.21066999999999,HUMBOLDT,UNINCORPORATED,-124.21057456,40.736175500000002
90577291,2017,2018-04-25,9126,2017-10-14,1705,021102,,6,2,9,1200,0,1,2,,2,044,"US-101 S/B","FRENCH ROAD",0.00,,Y,A,-,Y,,,101,,,,,,S,Y,4,0,1,2,A,-,08,22107,,N,A,C,A,A,H,-,A,D,0,,,,,Y,,A,01,0,0,1,0,0,0,0,0,0,"- ","- ",40.208939999999998,-123.792,HUMBOLDT,UNINCORPORATED,-123.79208801999999,40.208913189999997