CASE_ID,ACCIDENT_YEAR,PROC_DATE,JURIS,COLLISION_DATE,COLLISION_TIME,OFFICER_ID,REPORTING_DISTRICT,DAY_OF_WEEK,CHP_SHIFT,POPULATION,CNTY_CITY_LOC,SPECIAL_COND,BEAT_TYPE,CHP_BEAT_TYPE,CITY_DIVISION_LAPD,CHP_BEAT_CLASS,BEAT_NUMBER,PRIMARY_RD,SECONDARY_RD,DISTANCE,DIRECTION,INTERSECTION,WEATHER_1,WEATHER_2,STATE_HWY_IND,CALTRANS_COUNTY,CALTRANS_DISTRICT,STATE_ROUTE,ROUTE_SUFFIX,POSTMILE_PREFIX,POSTMILE,LOCATION_TYPE,RAMP_INTERSECTION,SIDE_OF_HWY,TOW_AWAY,COLLISION_SEVERITY,NUMBER_KILLED,NUMBER_INJURED,PARTY_COUNT,PRIMARY_COLL_FACTOR,PCF_CODE_OF_VIOL,PCF_VIOL_CATEGORY,PCF_VIOLATION,PCF_VIOL_SUBSECTION,HIT_AND_RUN,TYPE_OF_COLLISION,MVIW,PED_ACTION,ROAD_SURFACE,ROAD_COND_1,ROAD_COND_2,LIGHTING,CONTROL_DEVICE,CHP_ROAD_TYPE,PEDESTRIAN_ACCIDENT,BICYCLE_ACCIDENT,MOTORCYCLE_ACCIDENT,TRUCK_ACCIDENT,NOT_PRIVATE_PROPERTY,ALCOHOL_INVOLVED,STWD_VEHTYPE_AT_FAULT,CHP_VEHTYPE_AT_FAULT,COUNT_SEVERE_INJ,COUNT_VISIBLE_INJ,COUNT_COMPLAINT_PAIN,COUNT_PED_KILLED,COUNT_PED_INJURED,COUNT_BICYCLIST_KILLED,COUNT_BICYCLIST_INJURED,COUNT_MC_KILLED,COUNT_MC_INJURED,PRIMARY_RAMP,SECONDARY_RAMP,LATITUDE,LONGITUDE,COUNTY,CITY,POINT_X,POINT_Y
90578356,2017,2017-10-25,9125,2017-10-23,1825,018064,,1,2,9,1200,0,3,5,,2,001,"US-101 S/B (REDWOOD HIGHWAY)","NORTH CENTRAL U/C",1584.00,N,N,B,-,Y,,,101,,,,,,S,N,3,0,1,1,A,-,08,22107,,N,E,I,A,A,H,-,A,D,0,,,,,Y,,A,01,0,1,0,0,0,0,0,0,0,"- ","- ",40.999139999999997,-124.11293000000001,HUMBOLDT,UNINCORPORATED,-124.11288991000001,40.999133919999998
90578486,2017,2017-10-25,9125,2017-10-07,2233,020946,,6,3,4,1203,0,1,S,,2,901,"BROADWAY (US-101)","MCCULLENS AVE",0.00,,Y,A,-,Y,,,101,,,,,,,Y,3,0,1,1,B,-,22,,,N,E,I,A,A,H,-,C,A,0,,,,,Y,,J,48,0,1,0,0,0,0,0,0,0,"- ","- ",40.77413,-124.19037,HUMBOLDT,EUREKA,-124.19053443999999,40.774168979999999
90579077,2017,2017-10-26,9125,2017-10-22,0513,020376,,7,3,9,1200,0,1,2,,2,019,"US-101 S/B","MURRAY ROAD",2640.00,N,N,A,-,Y,,,101,,,,,,S,Y,4,0,1,1,C,-,18,,,N,H,H,A,A,H,-,D,D,0,,,,,Y,,-,"- ",0,0,1,0,0,0,0,0,0,"- ","- ",40.960500000000003,-124.11617,HUMBOLDT,UNINCORPORATED,-124.11617909,40.960500099999997
90582271,2017,2017-10-30,9125,2017-10-24,1200,019243,,2,1,9,1200,0,1,2,,2,018,US-101,"KANE RD",3696.00,S,N,A,-,Y,,,101,,,,,,,Y,4,0,1,2,A,-,03,22350,,N,A,C,A,A,H,-,B,D,0,,,,Y,Y,,G,27,0,0,1,0,0,0,0,0,0,"- ","- ",41.194800000000001,-124.1109,HUMBOLDT,UNINCORPORATED,-124.11094826999999,41.194779269999998
90582474,2017,2017-10-30,9125,2017-10-25,1118,014643,,3,1,9,1200,0,1,2,,2,045,"US-101 N/B (REDWOOD HIGHWAY)","S/EDGE OF MURPHY BRIDGE",528.00,N,N,A,-,Y,,,101,,,,,,N,Y,4,0,2,1,A,-,08,22107,,N,E,I,A,A,H,-,A,D,0,,,,,Y,,A,07,0,0,2,0,0,0,0,0,0,"- ","- ",40.492269999999998,-124.09773,HUMBOLDT,UNINCORPORATED,-124.09754033,40.492260600000002
90583427,2017,2017-10-31,9125,2017-10-30,2035,018064,,1,2,9,1200,0,3,5,,2,001,"US-101 N/B (REDWOOD HIGHWAY)","DRAKE HILL ROAD",2640.00,S,N,A,-,Y,,,101,,,,,,N,Y,3,0,1,1,C,-,18,,,N,H,H,A,A,H,-,A,D,0,,,,,Y,,-,"- ",0,1,0,0,0,0,0,0,0,"- ","- ",40.556399999999996,-124.14658,HUMBOLDT,UNINCORPORATED,-124.1466463,40.556389510000002
90587603,2017,2017-11-06,9125,2017-10-29,1205,019426,,7,1,9,1200,0,1,2,,2,045,"US-101 N/B","WILDWOOD AVE",1584.00,N,N,B,-,Y,,,101,,,,,,N,Y,4,0,1,1,A,-,08,22107,,N,E,I,A,B,H,-,A,D,0,,,,,Y,,A,01,0,0,1,0,0,0,0,0,0,"- ","- ",40.508499999999998,-124.11884999999999,HUMBOLDT,UNINCORPORATED,-124.11881523,40.508534019999999
90587999,2017,2017-11-06,9125,2017-11-01,1635,019243,,3,2,9,1200,0,1,2,,2,018,US-101,"KANE RD",5280.00,N,N,B,-,Y,,,101,,,,,,,Y,2,0,2,1,A,-,08,22107,,N,E,I,A,B,H,-,A,D,0,,,,,Y,,A,01,1,1,0,0,0,0,0,0,0,"- ","- ",41.21602,-124.10807,HUMBOLDT,UNINCORPORATED,-124.10793914999999,41.215965199999999
90593900,2017,2017-11-14,9126,2017-11-02,1610,021812,,4,2,9,1200,0,1,2,,2,044,US-101,"NEWTON ROAD",4646.00,N,N,B,-,Y,,,101,,,,,,,Y,2,0,1,1,A,-,08,22107,,N,E,I,A,B,H,-,A,D,0,,,,,Y,,D,22,1,0,0,0,0,0,0,0,0,"- ","- ",40.332639999999998,-123.92806,HUMBOLDT,UNINCORPORATED,-123.92809042,40.3326159
90594029,2017,2017-11-14,9125,2017-11-04,1625,020603,,6,2,9,1200,0,1,2,,2,019,US-101,"CRANNEL ROAD",2112.00,S,N,A,-,Y,,,101,,,,,,,Y,3,0,4,2,A,-,03,22350,,N,C,C,A,A,H,-,A,D,0,,,,,Y,,A,01,0,1,3,0,0,0,0,0,0,"- ","- ",41.009140000000002,-124.11056000000001,HUMBOLDT,UNINCORPORATED,-124.11053545,41.009132149999999
90594162,2017,2017-11-14,9125,2017-11-06,1114,019116,,1,1,9,1200,0,1,2,,1,024,"US-101 NORTHBOUND (REDWOOD HIGHWAY)","KOA DRIVE",0.00,,Y,A,-,Y,,,101,,,,,,N,Y,3,0,1,2,A,-,09,21802,A,N,D,C,A,A,H,-,A,D,0,,,,,Y,,A,07,0,1,0,0,0,0,0,0,0,"- ","- ",40.826180000000001,-124.08461,HUMBOLDT,UNINCORPORATED,-124.08463589,40.826202680000002
90599644,2017,2017-11-21,9126,2017-11-12,1248,021919,,7,1,9,1200,0,1,2,,2,022,"US-101 SOUTHBOUND","WILLIFORD ROAD UNDERCROSSING",288.00,N,N,A,-,Y,,,101,,,,,,S,N,4,0,1,2,A,-,07,21658,A,N,B,C,A,A,H,-,A,D,0,,,,,Y,,A,07,0,0,1,0,0,0,0,0,0,"- ","- ",40.294519999999999,-123.8934,HUMBOLDT,UNINCORPORATED,-123.89357966,40.294588109999999
90600395,2017,2017-11-22,9126,2017-08-01,0150,021295,,2,3,9,1200,0,1,2,,2,022,"US-101 SOUTHBOUND","BARKDULL ROAD U/C",7128.00,S,N,A,-,Y,,,101,,,,,,S,Y,1,2,0,1,A,-,01,23152,F,N,E,I,A,A,H,-,D,D,0,,,,,Y,,A,01,0,0,0,0,0,0,0,0,0,"- ","- ",40.431829999999998,-123.9855,HUMBOLDT,UNINCORPORATED,-123.98543502,40.431859150000001
90601549,2017,2017-11-24,9125,2017-11-15,0510,013551,,3,3,9,1200,0,1,2,,2,019,"US-101 S/B","HILLER RD",300.00,S,N,B,-,Y,,,101,,,,,,S,Y,3,0,1,1,A,-,08,22107,,N,F,A,A,B,H,-,D,D,0,,,,,Y,,A,01,0,1,0,0,0,0,0,0,0,"- ","- ",40.94012,-124.11614,HUMBOLDT,UNINCORPORATED,-124.11639931000001,40.940122590000001
90602838,2017,2017-11-27,9125,2017-11-08,1245,018172,,3,1,9,1200,0,1,2,,2,030,"US-101 S/B","LOLETA DR",5280.00,N,N,B,C,Y,,,101,,,,,,S,Y,3,0,4,2,A,-,08,22107,,N,B,C,A,B,H,-,A,D,0,,,,,Y,,A,01,0,3,1,0,0,0,0,0,0,"- ","- ",40.65551,-124.2097,HUMBOLDT,UNINCORPORATED,-124.20965731,40.655456290000004
90604792,2017,2017-11-29,9125,2017-11-20,1100,019426,,1,1,9,1200,0,1,2,,2,044,"US-101 N/B","WILDWOOD AVE.",1584.00,N,N,B,C,Y,,,101,,,,,,N,Y,3,0,1,1,A,-,03,22350,,N,E,I,A,B,H,-,A,D,0,,,,,Y,,A,01,0,1,0,0,0,0,0,0,0,"- ","- ",40.508070000000004,-124.11818,HUMBOLDT,UNINCORPORATED,-124.11819589,40.508048260000002
90605950,2017,2017-11-30,9126,2017-11-16,1845,021102,,4,2,9,1200,0,1,2,,2,044,"US-101 N/B","DEAN CREEK ROAD",2640.00,N,N,B,C,Y,,,101,,,,,,N,Y,3,0,1,1,A,-,08,22107,,N,E,I,A,B,H,-,D,D,0,,,,,Y,,A,01,0,1,0,0,0,0,0,0,0,"- ","- ",40.150419999999997,-123.79653999999999,HUMBOLDT,UNINCORPORATED,-123.79654798999999,40.150432289999998
90605970,2017,2017-11-30,9125,2017-11-19,1040,019426,,7,1,9,1200,0,1,2,,2,044,"US-101 S/B","FERNBRIDGE DR",199.00,N,N,A,-,Y,,,101,,,,,,S,Y,3,0,1,1,A,-,01,23152,A,N,E,I,A,A,H,-,A,D,0,,,,,Y,Y,D,22,0,1,0,0,0,0,0,0,0,"- ","- ",40.612609999999997,-124.19174,HUMBOLDT,UNINCORPORATED,-124.19173836,40.612611989999998
90609767,2017,2017-12-04,9125,2017-11-19,2244,020624,,7,3,9,1200,0,1,2,,2,045,"US-101 SOUTHBOUND","SOUTH SCOTIA ROAD",33.00,S,N,B,-,Y,,,101,,,,,,S,N,3,0,1,1,A,-,03,22350,,N,E,I,A,B,H,-,D,D,0,,,,,Y,,A,01,0,1,0,0,0,0,0,0,0,"- ","- ",40.4679,-124.09567,HUMBOLDT,UNINCORPORATED,-124.09550926,40.468051809999999
90610153,2017,2017-12-05,9125,2017-12-03,2120,020748,,7,2,9,1200,0,1,2,,2,030,"US-101 NB","LOLETA DR",3696.00,N,N,A,-,Y,,,101,,,,,,N,Y,3,0,1,1,A,-,01,23152,A,N,E,I,A,A,H,-,D,D,0,,,,,Y,Y,D,22,0,1,0,0,0,0,0,0,0,"- ","- ",40.652200000000001,-124.21153,HUMBOLDT,UNINCORPORATED,-124.21157823,40.652199189999997
90612242,2017,2017-12-07,9125,2017-11-30,0744,014643,,4,1,4,1203,0,1,2,,1,024,"US-101 S/B (REDWOOD HIGHWAY)","EUREKA SLOUGH BRIDGE S/EDGE",150.00,N,N,A,B,Y,,,101,,,,,,S,Y,4,0,1,2,A,-,03,22350,,N,C,C,A,A,D,H,A,A,0,,,,,Y,,A,07,0,0,1,0,0,0,0,0,0,"- ","- ",40.805329999999998,-124.14135,HUMBOLDT,EUREKA,-124.1413372,40.805271580000003
90612562,2017,2017-12-07,9126,2017-11-29,0710,021812,,3,1,9,1200,0,1,2,,2,022,"US-101 NORTHBOUND","SORENSON ROAD",5280.00,N,N,B,-,Y,,,101,,,,,,N,Y,4,0,2,1,A,-,08,22107,,N,F,A,A,A,H,-,B,D,0,,,,,Y,,D,22,0,0,2,0,0,0,0,0,0,"- ","- ",40.412889999999997,-123.96271,HUMBOLDT,UNINCORPORATED,-123.9627199,40.412875630000002
90617351,2017,2017-12-14,9126,2017-12-05,2113,021919,,2,2,9,1200,0,1,2,,2,044,"US-101 NORTHBOUND","SR-254 U/C AT MYERS FLAT",1056.00,S,N,A,-,Y,,,101,,,,,,N,Y,4,0,1,1,A,-,08,22107,,N,E,I,A,A,H,-,D,D,0,,,,,Y,,A,01,0,0,1,0,0,0,0,0,0,"- ","- ",40.266330000000004,-123.86731,HUMBOLDT,UNINCORPORATED,-123.86731014999999,40.266330670000002
90621598,2017,2017-12-20,9126,2017-12-13,0430,021919,,3,3,9,1200,0,1,2,,2,022,"US-101 NORTHBOUND","JORDAN ROAD",3696.00,S,N,A,-,Y,,,101,,,,,,N,Y,3,0,1,1,A,-,01,23152,A,N,E,I,A,A,H,-,D,D,0,,,,,Y,Y,D,22,0,1,0,0,0,0,0,0,0,"- ","- ",40.443800000000003,-124.0154,HUMBOLDT,UNINCORPORATED,-124.01540654,40.44384092
90621956,2017,2018-02-21,9126,2017-12-11,1553,021507,,1,2,9,1200,0,1,2,,2,044,"US-101 N/B","FRENCH ROAD",5808.00,N,N,E,-,Y,,,101,,,,,,N,Y,1,1,0,1,A,-,01,23152,A,N,E,I,A,B,H,-,A,D,0,,,,,Y,Y,D,22,0,0,0,0,0,0,0,0,0,"- ","- ",40.230200000000004,-123.83054,HUMBOLDT,UNINCORPORATED,-123.83059381,40.230168020000001
90626109,2017,2017-12-26,9125,2017-12-14,0252,018064,,4,3,3,1201,0,1,2,,2,022,"US-101 S/B (REDWOOD HIGHWAY)","ST. LOUIS ROAD OVERHEAD",276.00,N,N,A,-,Y,,,101,,,,,,S,Y,3,0,1,1,A,-,01,23152,A,N,E,I,A,A,H,-,D,D,0,,,,,Y,Y,A,01,0,1,0,0,0,0,0,0,0,"- ","- ",40.88776,-124.07992,HUMBOLDT,ARCATA,-124.079857,40.887766110000001
90627389,2017,2017-12-27,9125,2017-12-13,2205,013551,,3,3,9,1200,0,1,2,,2,045,"US-101 S/B","METROPOLITAN HTS RD",1056.00,N,N,A,-,Y,,,101,,,,,,S,Y,3,0,1,1,A,-,08,22107,,N,F,A,A,A,H,-,D,D,0,,,,,Y,Y,D,22,0,1,0,0,0,0,0,0,0,"- ","- ",40.52758,-124.15154,HUMBOLDT,UNINCORPORATED,-124.1515338,40.527580610000001
90628851,2017,2017-12-28,9126,2017-12-15,1620,021081,,5,2,9,1200,0,1,2,,1,066,US-101,"MILKY WAY LOOP",528.00,N,N,B,-,Y,,,101,,,,,,,Y,2,0,1,1,A,-,08,22107,,N,E,I,A,B,H,-,D,D,0,,,,,Y,,A,01,1,0,0,0,0,0,0,0,0,"- ","- ",40.019680000000001,-123.79189,HUMBOLDT,UNINCORPORATED,-123.79200652,40.01959145
90637201,2018,2018-01-10,9125,2018-01-03,0235,018172,,3,3,9,1200,0,1,2,,2,045,"US-101 S/B","METROPOLITAN HTS RD",650.00,S,N,A,-,Y,,,101,,,,,,S,Y,2,0,1,1,A,-,01,23152,A,N,E,I,A,A,H,-,C,D,0,,,,,Y,Y,A,08,1,0,0,0,0,0,0,0,0,"- ","- ",40.513259887695312,-124.12686920166016,HUMBOLDT,UNINCORPORATED,-124.12686920166016,40.513267517089844
90639314,2018,2018-01-12,9125,2018-01-04,0110,021025,,4,3,9,1200,0,1,2,,2,030,"US-101 S/B","HOOKTON ROAD OC",3500.00,S,N,B,-,Y,,,101,,,,,,S,Y,4,0,1,1,A,-,01,23152,F,N,E,I,A,B,H,-,D,D,0,,,,,Y,,A,01,0,0,1,0,0,0,0,0,0,"- ","- ",40.670791625976562,-124.2020263671875,HUMBOLDT,UNINCORPORATED,-124.2020263671875,40.670787811279297
90642558,2018,2018-01-18,9125,2018-01-08,1835,018172,,1,2,9,1200,0,1,2,,2,018,"US-101 S/B","CRANNELL RD",2640.00,N,N,B,C,Y,,,101,,,,,,S,N,4,0,2,2,A,-,03,22350,,N,E,I,A,B,H,-,D,D,0,,,,,Y,,A,01,0,0,2,0,0,0,0,0,0,"- ","- ",41.020748138427734,-124.10717010498047,HUMBOLDT,UNINCORPORATED,-124.10708618164062,41.020759582519531
90644384,2018,2018-01-22,9125,2018-01-12,1810,020901,,5,2,9,1200,0,1,2,,2,019,"RT 101","CENTRAL AVE",2640.00,N,N,A,-,Y,,,101,,,,,,,Y,4,0,1,1,A,-,08,22107,,N,E,I,A,B,H,-,E,D,0,,,,,Y,,A,01,0,0,1,0,0,0,0,0,0,"- ","- ",40.925498962402344,-124.10810852050781,HUMBOLDT,UNINCORPORATED,-124.10818481445312,40.925338745117188
90644980,2018,2018-01-22,9125,2018-01-18,2038,018064,,4,2,9,1200,0,3,5,,2,003,"US-101 S/B (REDWOOD HWY)","HERRICK AVENUE",200.00,S,N,A,F,Y,,,101,,,,,,S,Y,3,0,1,1,A,-,03,22350,,N,E,I,A,D,G,H,C,D,0,,,,,Y,,A,01,0,1,0,0,0,0,0,0,0,"- ","- ",40.755870819091797,-124.19065093994141,HUMBOLDT,UNINCORPORATED,-124.19057464599609,40.755825042724609
90651927,2018,2018-01-31,9125,2018-01-13,1900,018064,,6,2,9,1200,0,1,S,,2,035,"US-101 S/B (REDWOOD HIGHWAY)","ORCHARD AVE",3168.00,S,N,A,-,Y,,,101,,,,,,S,N,3,0,1,2,A,-,11,21956,,N,G,B,E,A,H,-,E,D,0,Y,,,,Y,,N,60,0,1,0,0,1,0,0,0,0,"- ","- ",40.712379455566406,-124.21346282958984,HUMBOLDT,UNINCORPORATED,-124.21346282958984,40.712379455566406
90651959,2018,2018-01-31,9125,2018-01-21,1150,016577,,7,1,9,1200,0,1,2,,2,017,US-101,"HAMMOND TRUCK RD",4752.00,N,N,B,C,Y,,,101,,,,,,,Y,3,0,1,1,A,-,03,22350,,N,E,J,A,B,C,-,A,D,0,,,,,Y,,A,01,0,1,0,0,0,0,0,0,0,"- ","- ",41.177101135253906,-124.10418701171875,HUMBOLDT,UNINCORPORATED,-124.10420989990234,41.177078247070312
90652137,2018,2018-01-31,9125,2018-01-19,1410,019116,,5,2,9,1200,0,1,2,,1,024,"US-101 SOUTHBOUND (REDWOOD HIGHWAY)","KOA DRIVE",0.00,,Y,B,-,Y,,,101,,,,,,S,Y,3,0,2,3,A,-,09,21803,A,N,D,C,A,A,H,-,A,D,0,,,,Y,Y,,A,01,0,1,1,0,0,0,0,0,0,"- ","- ",40.827518463134766,-124.08438110351562,HUMBOLDT,UNINCORPORATED,-124.08420562744141,40.827404022216797
90652226,2018,2018-01-31,9125,2018-01-22,0945,019093,,1,1,9,1200,0,1,2,,2,030,"US-101 S/B","HUMBOLDT HILL RD",2000.00,N,N,A,-,Y,,,101,,,,,,S,N,4,0,2,2,A,-,07,21658,A,N,B,C,A,A,H,-,A,D,0,,,,,Y,,D,22,0,0,2,0,0,0,0,0,0,"- ","- ",40.750740051269531,-124.19361877441406,HUMBOLDT,UNINCORPORATED,-124.19359588623047,40.750720977783203
9065512,2020,2020-11-30,1203,2020-03-11,2212,4044,P5,3,5,4,1203,0,0,0,,0,001,"W WASHINGTON ST",BROADWAY,0.00,,Y,A,-,Y,HUM,1,101,-,-,77.800,I,5,S,Y,2,0,3,4,A,-,01,23152,A,N,D,C,A,A,H,-,C,A,0,,,,,Y,Y,D,22,2,1,0,0,0,0,0,0,0,"- ","- ",40.798229217529297,-124.17510223388672,HUMBOLDT,EUREKA,-124.17516326904297,40.798229217529297
90659524,2018,2018-02-12,9125,2018-02-03,2315,020901,,6,3,9,1200,0,1,2,,2,017,"RT 101","KANE RD",2640.00,S,N,A,-,Y,,,101,,,,,,,Y,3,0,1,1,A,-,08,22107,,N,E,I,A,A,H,-,D,D,0,,,,,Y,,A,07,0,1,0,0,0,0,0,0,0,"- ","- ",41.193931579589844,-124.11020660400391,HUMBOLDT,UNINCORPORATED,-124.11024475097656,41.193920135498047
90664905,2018,2018-02-20,9125,2018-02-18,1825,018172,,7,2,9,1200,0,1,2,,2,016,"US-101 N/B","NEWTON B DRURY SCENIC PKY",30624.00,S,N,B,-,Y,,,101,,,,,,N,Y,4,0,1,1,A,-,03,22350,,N,E,I,A,C,H,-,D,D,0,,,,,Y,,A,01,0,0,1,0,0,0,0,0,0,"- ","- ",41.403961181640625,-123.99521636962891,HUMBOLDT,UNINCORPORATED,-123.99517059326172,41.404029846191406
90664992,2018,2018-02-20,9125,2018-02-19,0035,021168,,1,3,9,1200,0,1,2,,2,044,US-101,"PALMER BLVD",220.00,S,N,C,-,Y,,,101,,,,,,,N,3,0,1,1,A,-,08,22107,,N,E,I,A,B,H,-,D,D,0,,,,,Y,,A,07,0,1,0,0,0,0,0,0,0,"- ","- ",40.605861663818359,-124.18141937255859,HUMBOLDT,UNINCORPORATED,-124.18141174316406,40.605880737304688
90665736,2018,2018-02-21,9125,2018-02-18,2315,018172,,7,3,9,1200,0,1,2,,2,019,"US-101 N/B","MURRAY RD",500.00,S,N,B,D,Y,,,101,,,,,,N,Y,4,0,1,1,A,-,03,22350,,N,E,I,A,C,H,-,C,D,0,,,,,Y,,A,07,0,0,1,0,0,0,0,0,0,"- ","- ",40.954841613769531,-124.11628723144531,HUMBOLDT,UNINCORPORATED,-124.11598205566406,40.954841613769531
90669655,2018,2018-02-26,9125,2018-02-18,2229,018172,,7,3,9,1200,0,1,2,,1,024,"US-101 S/B","AIRPORT RD",1056.00,N,N,B,D,Y,,,101,,,,,,S,Y,4,0,1,5,A,-,03,22350,,N,C,E,E,C,C,-,C,D,0,Y,,Y,,Y,,A,01,0,0,1,0,1,0,0,0,0,"- ","- ",40.807510375976562,-124.11882781982422,HUMBOLDT,UNINCORPORATED,-124.11882019042969,40.807491302490234
90669684,2018,2018-02-26,9125,2018-02-20,1207,021450,,2,1,9,1200,0,1,2,,2,022,"US-101 N/B","SAMOA BLVD",5280.00,S,N,B,-,Y,,,101,,,,,,N,Y,4,0,1,1,C,-,18,,,N,E,I,A,A,H,-,A,D,0,,,,,Y,,-,"- ",0,0,1,0,0,0,0,0,0,"- ","- ",40.847080230712891,-124.08174896240234,HUMBOLDT,UNINCORPORATED,-124.08168029785156,40.847080230712891
90669896,2018,2018-02-26,9125,2018-02-25,2110,020748,,7,2,9,1200,0,1,2,,1,024,"US-101 S/B","JACOBY CREEK",900.00,N,N,C,-,Y,,,101,,,,,,S,Y,3,0,1,1,A,-,03,22350,,N,E,I,A,B,H,-,D,D,0,,,,,Y,,A,01,0,1,0,0,0,0,0,0,0,"- ","- ",40.845771789550781,-124.08188629150391,HUMBOLDT,UNINCORPORATED,-124.08209228515625,40.845771789550781
90669974,2018,2018-02-26,9125,2018-02-23,0115,021927,,5,3,9,1200,0,1,2,,2,030,"US-101 N/B","TOMPKINS HILL RD",4043.00,S,N,A,-,Y,,,101,,,,,,N,Y,4,0,1,2,A,-,08,22107,,N,C,E,A,A,H,-,D,D,0,,,,,Y,,A,01,0,0,1,0,0,0,0,0,0,"- ","- ",40.69586181640625,-124.20336151123047,HUMBOLDT,UNINCORPORATED,-124.20344543457031,40.695842742919922
90670502,2018,2018-02-27,9125,2018-02-18,1913,014643,,7,2,3,1201,0,1,2,,2,022,"US-101 S/B (REDWOOD HIGHWAY)","SAMOA BLVD",528.00,S,N,C,F,Y,,,101,,,,,,S,Y,3,0,1,3,A,-,08,22107,,N,E,I,A,C,H,-,D,D,0,,,,,Y,,A,01,0,1,0,0,0,0,0,0,0,"- ","- ",40.861351013183594,-124.08280944824219,HUMBOLDT,ARCATA,-124.08273315429688,40.861354827880859
90670714,2018,2018-02-27,9125,2018-02-18,1916,014643,,7,2,3,1201,0,1,2,,2,022,"US-101 S/B (REDWOOD HIGHWAY)","SAMOA BLVD",528.00,S,N,C,F,Y,,,101,,,,,,S,Y,3,0,1,3,A,-,03,22350,,N,C,C,A,C,H,-,D,D,0,,,,,Y,,A,01,0,1,0,0,0,0,0,0,0,"- ","- ",40.861351013183594,-124.08280944824219,HUMBOLDT,ARCATA,-124.08273315429688,40.861354827880859
90673291,2018,2018-03-01,9126,2018-02-22,1030,021692,,4,1,9,1200,0,1,2,,2,044,"US-101 NORTHBOUND","SR-254 MYER'S FLAT",2640.00,S,N,B,D,Y,,,101,,,,,,N,Y,4,0,1,1,A,-,03,22350,,N,E,I,A,C,H,-,A,D,0,,,,,Y,,D,22,0,0,1,0,0,0,0,0,0,"- ","- ",40.271308898925781,-123.85855102539062,HUMBOLDT,UNINCORPORATED,-123.85858917236328,40.271411895751953
90674231,2018,2018-03-05,9125,2018-02-17,1830,020901,,6,2,9,1200,0,1,2,,2,017,"US-101 SOUTHBOUND TO PATRICK'S POINT DR","PATRICKS POINT DR",50.00,N,N,B,C,Y,,,101,,,,R,,S,Y,3,0,1,1,A,-,01,23152,A,N,E,I,A,B,H,-,D,D,0,,,,,Y,Y,A,01,0,1,0,0,0,0,0,0,0,"- ","- ",41.136329650878906,-124.14704895019531,HUMBOLDT,UNINCORPORATED,-124.14704895019531,41.136329650878906
90674412,2018,2018-03-05,9125,2018-03-03,0200,021025,,6,3,9,1200,0,1,2,,2,022,"US-101 N/B","GIUNTOLI LANE OC",150.00,N,N,B,-,Y,,,101,,,,,,N,Y,3,0,1,1,A,-,01,23152,A,N,E,I,A,B,H,-,D,D,0,,,,,Y,Y,A,01,0,1,0,0,0,0,0,0,0,"- ","- ",40.904930114746094,-124.08693695068359,HUMBOLDT,UNINCORPORATED,-124.08701324462891,40.904891967773438
90675927,2018,2018-03-06,9125,2018-03-01,2217,018064,,4,3,9,1200,0,1,2,,2,030,"US-101 N/B (REDWOOD HIGHWAY)","LOLETA DR",3696.00,N,N,B,-,Y,,,101,,,,,,N,Y,2,0,2,1,A,-,03,22350,,N,E,I,A,C,G,-,A,D,0,,,,,Y,,A,07,1,1,0,0,0,0,0,0,0,"- ","- ",40.651668548583984,-124.21156311035156,HUMBOLDT,UNINCORPORATED,-124.21155548095703,40.651668548583984
90677185,2018,2018-03-07,9125,2018-03-02,1440,21161,,5,2,9,1200,0,3,5,,2,006,US-101,"NEWTON B. DRURY PRKY",5280.00,S,N,A,-,Y,,,101,,,,,,,Y,3,0,1,1,A,-,01,23152,A,N,E,I,A,B,H,-,A,D,0,,,,,Y,Y,A,01,0,1,0,0,0,0,0,0,0,"- ","- ",41.455699920654297,-124.03140258789062,HUMBOLDT,UNINCORPORATED,-124.03142547607422,41.455699920654297
90680925,2018,2018-03-13,9125,2018-03-12,0435,013551,,1,3,9,1200,0,1,2,,2,044,"US-101 S/B","LOLETA DR",6336.00,S,N,A,-,Y,,,101,,,,,,S,Y,3,0,1,1,A,-,01,23152,A,N,E,J,A,A,H,-,D,D,0,,,,,Y,Y,A,01,0,1,0,0,0,0,0,0,0,"- ","- ",40.626140594482422,-124.21652984619141,HUMBOLDT,UNINCORPORATED,-124.21651458740234,40.626140594482422
90685569,2017,2018-03-20,9126,2017-12-31,1717,021507,,7,2,9,1200,0,1,2,,2,044,"US-101 N/B","DIMMICK ROAD",2112.00,N,N,A,-,Y,,,101,,,,,,N,Y,1,1,0,2,A,-,08,22107,,N,A,C,A,A,H,-,A,D,0,,,,,Y,,D,22,0,0,0,0,0,0,0,0,0,"- ","- ",40.209850000000003,-123.79206000000001,HUMBOLDT,UNINCORPORATED,-123.79217715,40.209835079999998
90685921,2018,2018-03-20,9126,2018-03-13,0905,021929,,2,1,9,1200,0,1,2,,2,044,"US-101 SOUTHBOUND","ALDERPOINT ROAD OVERCROSSING",1584.00,N,N,B,C,Y,,,101,,,,,,S,Y,3,0,1,1,A,-,03,22350,,N,E,I,A,B,H,-,A,D,0,,,,,Y,,A,01,0,1,0,0,0,0,0,0,0,"- ","- ",40.110980987548828,-123.79273986816406,HUMBOLDT,UNINCORPORATED,-123.79292297363281,40.111030578613281