CASE_ID,ACCIDENT_YEAR,PROC_DATE,JURIS,COLLISION_DATE,COLLISION_TIME,OFFICER_ID,REPORTING_DISTRICT,DAY_OF_WEEK,CHP_SHIFT,POPULATION,CNTY_CITY_LOC,SPECIAL_COND,BEAT_TYPE,CHP_BEAT_TYPE,CITY_DIVISION_LAPD,CHP_BEAT_CLASS,BEAT_NUMBER,PRIMARY_RD,SECONDARY_RD,DISTANCE,DIRECTION,INTERSECTION,WEATHER_1,WEATHER_2,STATE_HWY_IND,CALTRANS_COUNTY,CALTRANS_DISTRICT,STATE_ROUTE,ROUTE_SUFFIX,POSTMILE_PREFIX,POSTMILE,LOCATION_TYPE,RAMP_INTERSECTION,SIDE_OF_HWY,TOW_AWAY,COLLISION_SEVERITY,NUMBER_KILLED,NUMBER_INJURED,PARTY_COUNT,PRIMARY_COLL_FACTOR,PCF_CODE_OF_VIOL,PCF_VIOL_CATEGORY,PCF_VIOLATION,PCF_VIOL_SUBSECTION,HIT_AND_RUN,TYPE_OF_COLLISION,MVIW,PED_ACTION,ROAD_SURFACE,ROAD_COND_1,ROAD_COND_2,LIGHTING,CONTROL_DEVICE,CHP_ROAD_TYPE,PEDESTRIAN_ACCIDENT,BICYCLE_ACCIDENT,MOTORCYCLE_ACCIDENT,TRUCK_ACCIDENT,NOT_PRIVATE_PROPERTY,ALCOHOL_INVOLVED,STWD_VEHTYPE_AT_FAULT,CHP_VEHTYPE_AT_FAULT,COUNT_SEVERE_INJ,COUNT_VISIBLE_INJ,COUNT_COMPLAINT_PAIN,COUNT_PED_KILLED,COUNT_PED_INJURED,COUNT_BICYCLIST_KILLED,COUNT_BICYCLIST_INJURED,COUNT_MC_KILLED,COUNT_MC_INJURED,PRIMARY_RAMP,SECONDARY_RAMP,LATITUDE,LONGITUDE,COUNTY,CITY,POINT_X,POINT_Y
90687781,2018,2018-03-22,9125,2018-03-17,2350,018064,,6,3,9,1200,0,1,2,,2,016,"US-101 N/B (REDWOOD HIGHWAY)",SANDHOUSE,11616.00,N,N,B,-,Y,,,101,,,,,,N,Y,2,0,2,1,A,-,08,22107,,N,E,I,A,B,H,-,E,D,0,,,,,Y,,A,01,1,1,0,0,0,0,0,0,0,"- ","- ",41.425498962402344,-124.00700378417969,HUMBOLDT,UNINCORPORATED,-124.00702667236328,41.425422668457031
90691629,2018,2018-03-28,9125,2018-03-23,1510,019243,,5,2,9,1200,0,1,2,,2,017,US-101,"REDWOOD TRAILS CIR",1584.00,N,N,B,C,Y,,,101,,,,,,,Y,2,0,2,1,A,-,08,22107,,N,E,I,A,B,H,-,A,D,0,,,,,Y,,A,01,1,0,1,0,0,0,0,0,0,"- ","- ",41.22821044921875,-124.0848388671875,HUMBOLDT,UNINCORPORATED,-124.08482360839844,41.228199005126953
90696521,2018,2018-04-02,9125,2018-03-23,1615,019426,,5,2,9,1200,0,1,2,,2,044,"US-101 S/B","SINGLEY HILL RD",528.00,N,N,C,G,Y,,,101,,,,,,S,Y,4,0,1,1,C,-,18,,,N,E,J,A,B,H,-,A,D,0,,,,,Y,,-,"- ",0,0,1,0,0,0,0,0,0,"- ","- ",40.624198913574219,-124.21549987792969,HUMBOLDT,UNINCORPORATED,-124.21547698974609,40.624229431152344
90696560,2018,2018-04-02,9125,2018-03-27,2100,013551,,2,2,9,1200,0,1,2,,2,030,"US-101 N/B","HOOKTON RD",4752.00,S,N,A,-,Y,,,101,,,,,,N,Y,4,0,2,1,A,-,08,22107,,N,F,A,A,A,H,-,D,D,0,,,,,Y,,A,01,0,0,2,0,0,0,0,0,0,"- ","- ",40.658561706542969,-124.20565795898438,HUMBOLDT,UNINCORPORATED,-124.20576477050781,40.658638000488281
90709298,2018,2018-04-19,9125,2018-04-17,1340,020895,,2,1,9,1200,0,1,2,,1,024,"US-101 N/B","HARPER MOTORS DRIVEWAY",1056.00,N,N,A,-,Y,,,101,,,,,,N,Y,4,0,1,3,A,-,03,22350,,N,C,C,A,A,D,-,A,A,0,,,,,Y,,A,01,0,0,1,0,0,0,0,0,0,"- ","- ",40.810131072998047,-124.11293029785156,HUMBOLDT,UNINCORPORATED,-124.11294555664062,40.810161590576172
9071159,2020,2020-11-13,1203,2020-06-01,2029,4021,P31,1,5,4,1203,0,0,0,,0,002,BROADWAY,WABASH,45.00,N,N,A,-,Y,HUM,1,101,-,-,77.310,H,-,S,Y,3,0,1,2,A,-,03,22350,,N,C,C,A,A,H,-,B,A,0,,,,,Y,,D,22,0,1,0,0,0,0,0,0,0,"- ","- ",,,HUMBOLDT,EUREKA,-124.17835235595703,40.791667938232422
90711707,2018,2018-04-24,9125,2018-04-19,1954,020946,,4,2,9,1200,0,1,2,,2,045,"US-101 S/B","KENMAR RD",1949.00,S,N,A,-,Y,,,101,,,,,,S,N,3,0,1,1,A,-,17,21200,,N,F,A,A,A,H,-,A,D,0,,Y,,,Y,Y,L,04,0,1,0,0,0,0,1,0,0,"- ","- ",40.569381713867188,-124.1488037109375,HUMBOLDT,UNINCORPORATED,-124.14872741699219,40.569385528564453
90711929,2018,2018-04-24,9126,2018-04-12,1150,020886,,4,1,9,1200,0,1,2,,2,044,"US-101 N/B","SALMON CREEK RD",5808.00,S,N,C,F,Y,,,101,,,,,,N,Y,3,0,2,2,A,-,03,22350,,N,A,D,A,B,H,-,A,D,0,,,,,Y,,A,01,0,1,1,0,0,0,0,0,0,"- ","- ",40.235511779785156,-123.83316040039062,HUMBOLDT,UNINCORPORATED,-123.83314514160156,40.235507965087891
90713469,2018,2018-04-26,9126,2018-04-17,1930,021827,,2,2,9,1200,0,1,2,,2,022,US-101,"SORENSON ROAD",5280.00,N,N,A,-,Y,,,101,,,,,,,Y,3,0,1,1,A,-,08,22107,,N,E,I,A,A,D,-,A,A,0,,,,,Y,,A,01,0,1,0,0,0,0,0,0,0,"- ","- ",40.413749694824219,-123.97006988525391,HUMBOLDT,UNINCORPORATED,-123.97006988525391,40.413784027099609
9071740,2020,2020-11-30,1203,2020-03-04,1842,4075,P37,3,5,4,1203,0,0,0,,0,002,BROADWAY,"WEST HAWTHORNE ST",11.00,S,N,B,-,Y,HUM,1,101,-,-,77.130,H,-,N,N,2,0,1,2,A,-,03,22350,,N,C,C,A,A,H,-,C,A,0,,,Y,,Y,,C,02,1,0,0,0,0,0,0,0,1,"- ","- ",40.790149688720703,-124.1800537109375,HUMBOLDT,EUREKA,-124.17980194091797,40.788917541503906
90718344,2018,2018-05-02,9125,2018-04-24,0055,013551,,2,3,9,1200,0,1,2,,2,045,"US-101 N/B","VAN DUZEN RIVER",45.00,N,N,A,-,Y,,,101,,,,,,N,Y,4,0,1,1,C,-,18,,,N,E,J,A,A,H,-,D,D,0,,,,,Y,,-,"- ",0,0,1,0,0,0,0,0,0,"- ","- ",40.539241790771484,-124.14598083496094,HUMBOLDT,UNINCORPORATED,-124.14602661132812,40.539276123046875
9072094,2020,2020-11-30,1203,2020-02-18,1205,4099,P17,2,5,4,1203,0,0,0,,0,001,4TH,L,6.00,E,N,A,-,Y,HUM,1,101,-,-,78.849,I,5,S,Y,3,0,1,2,A,-,09,21802,,F,D,C,A,A,H,-,A,D,0,,,,,Y,,A,01,0,1,0,0,0,0,0,0,0,"- ","- ",40.803680419921875,-124.15960693359375,HUMBOLDT,EUREKA,-124.15961456298828,40.803672790527344
90729765,2018,2018-05-21,9125,2018-05-18,1908,018172,,5,2,9,1200,0,1,2,,2,044,"US-101 S/B FROM FERNBRIDGE DR","FERNBRIDGE DR",320.00,S,N,B,-,Y,,,101,,,,R,,S,Y,3,0,1,2,A,-,01,23152,A,N,A,C,A,A,H,-,A,D,0,,,,,Y,Y,A,07,0,1,0,0,0,0,0,0,0,"- ","- ",40.611518859863281,-124.19090270996094,HUMBOLDT,UNINCORPORATED,-124.19090270996094,40.611518859863281
90730078,2018,2018-05-21,9125,2018-05-06,1235,016577,,7,1,9,1200,0,1,2,,2,044,US-101,SR-36,1056.00,N,N,A,-,Y,,,101,,,,,,,N,4,0,1,2,A,-,07,21658,A,N,B,C,A,A,H,-,A,D,0,,,,,Y,,D,22,0,0,1,0,0,0,0,0,0,"- ","- ",40.551239013671875,-124.14589691162109,HUMBOLDT,UNINCORPORATED,-124.14591979980469,40.551235198974609
90732193,2018,2018-05-23,9125,2018-05-21,0413,020603,,1,3,9,1200,0,1,2,,2,017,US-101,"FOSTER LN",1056.00,S,N,B,-,Y,,,101,,,,,,,Y,4,0,1,1,A,-,08,22107,,N,F,A,A,A,H,-,D,D,0,,,,,Y,,A,01,0,0,1,0,0,0,0,0,0,"- ","- ",41.287250518798828,-124.08354949951172,HUMBOLDT,UNINCORPORATED,-124.08354949951172,41.287227630615234
90732936,2018,2018-05-24,9125,2018-05-16,1116,021989,,3,1,9,1200,0,1,2,,2,016,US-101,"NEWTON B DRURY SCENIC PKY",3696.00,N,N,B,-,Y,,,101,,,,,,,Y,2,0,1,1,A,-,08,22107,,N,E,I,A,B,H,-,D,D,0,,,,,Y,,A,07,1,0,0,0,0,0,0,0,0,"- ","- ",41.358299255371094,-124.00978088378906,HUMBOLDT,UNINCORPORATED,-124.00980377197266,41.358402252197266
90744218,2018,2018-07-27,9125,2018-05-23,1320,018958,,3,1,9,1200,0,1,2,,2,017,US-101,"BALD HILLS RD.",528.00,S,N,B,-,Y,,,101,,,,,,,Y,1,2,1,2,A,-,08,22107,,N,E,I,A,A,H,-,A,D,0,,,,Y,Y,,D,22,0,1,0,0,0,0,0,0,0,"- ","- ",41.299869537353516,-124.05084228515625,HUMBOLDT,UNINCORPORATED,-124.05078887939453,41.299831390380859
90749897,2018,2018-06-18,9125,2018-06-07,1542,020901,,4,2,9,1200,0,1,2,,2,030,"RT 101","FIELDS LANDING DR",300.00,S,N,A,-,Y,,,101,,,,,,,Y,4,0,1,1,A,-,08,22107,,N,F,A,A,A,H,-,A,D,0,,,,,Y,,A,01,0,0,1,0,0,0,0,0,0,"- ","- ",40.719879150390625,-124.21571350097656,HUMBOLDT,UNINCORPORATED,-124.21566772460938,40.719879150390625
90750043,2018,2018-06-18,9126,2018-06-12,0510,021827,,2,3,9,1200,0,1,2,,1,066,US-101,"ENTRANCE TO RICHARDSON GROVE STATE PARK",528.00,S,N,A,-,Y,,,101,,,,,,,Y,2,0,1,1,A,-,08,22107,,N,E,I,A,A,H,-,D,D,0,,,,,Y,,D,23,1,0,0,0,0,0,0,0,0,"- ","- ",40.022308349609375,-123.7938232421875,HUMBOLDT,UNINCORPORATED,-123.79373168945312,40.022342681884766
90754543,2018,2018-06-25,9126,2018-06-15,0535,022004,,5,3,9,1200,0,1,2,,2,044,"US-101 N/B","FRENCH ROAD",2640.00,N,N,B,-,Y,,,101,,,,,,N,Y,3,0,2,1,A,-,08,22107,,N,E,I,A,A,H,-,B,D,0,,,,,Y,,D,22,0,2,0,0,0,0,0,0,0,"- ","- ",40.221488952636719,-123.82402801513672,HUMBOLDT,UNINCORPORATED,-123.82424926757812,40.221275329589844
90755329,2018,2018-06-25,9125,2018-06-18,1623,016577,,1,2,9,1200,0,1,2,,2,045,"US-101 (S/B) TO KENMAR RD.","KENMAR RD.",28.00,N,N,A,-,Y,,,101,,,,R,,,N,4,0,1,2,A,-,21,22106,,N,C,C,A,A,H,-,A,D,0,,,,,Y,,A,01,0,0,1,0,0,0,0,0,0,"- ","- ",40.574790954589844,-124.14945983886719,HUMBOLDT,UNINCORPORATED,-124.14945983886719,40.574790954589844
90755632,2018,2018-06-26,9126,2018-06-19,2005,021219,,2,2,9,1200,0,1,2,,2,022,"US-101 N/B TO SR-254 (MYERS FLAT)","SR-254 MYERS FLAT",528.00,N,N,A,-,Y,,,101,,,,R,,N,N,3,0,1,1,A,-,03,22350,,N,F,A,A,A,H,-,A,D,0,,,Y,,Y,,C,02,0,1,0,0,0,0,0,0,1,"- ","- ",40.26715087890625,-123.87135314941406,HUMBOLDT,UNINCORPORATED,-123.87135314941406,40.26715087890625
90758232,2018,2018-06-28,9125,2018-06-22,1355,022095,,5,1,9,1200,0,1,2,,2,018,"US-101 N/B","SEAWOOD DR",10560.00,N,N,A,-,Y,,,101,,,,,,N,Y,4,0,1,1,C,-,18,,,N,H,H,A,A,H,-,A,D,0,,,,,Y,,-,"- ",0,0,1,0,0,0,0,0,0,"- ","- ",41.126781463623047,-124.15052795410156,HUMBOLDT,UNINCORPORATED,-124.15062713623047,41.126785278320312
90765058,2018,2018-07-09,9125,2018-07-01,1400,019243,,7,2,9,1200,0,1,2,,2,030,"RT 101","LOLETA DR",4224.00,N,N,A,-,Y,,,101,,,,,,,Y,4,0,1,1,A,-,08,22107,,N,E,I,A,A,H,-,A,D,0,,,,,Y,,A,07,0,0,1,0,0,0,0,0,0,"- ","- ",40.654399871826172,-124.21096038818359,HUMBOLDT,UNINCORPORATED,-124.21089172363281,40.654346466064453
90767390,2018,2018-07-11,9125,2018-07-04,1728,019426,,3,2,9,1200,0,1,2,,2,019,"US-101 N/B TO CENTRAL AVENUE","NORTH BANK RD",4.00,S,N,A,-,Y,,,101,,,,R,,N,Y,4,0,2,2,A,-,03,22350,,N,C,C,A,A,H,-,A,D,0,,,,,Y,,A,01,0,0,2,0,0,0,0,0,0,"- ","- ",40.91912841796875,-124.09455871582031,HUMBOLDT,UNINCORPORATED,-124.09455871582031,40.91912841796875
90770667,2018,2018-07-17,9125,2018-07-11,1240,019243,,3,1,9,1200,0,1,2,,2,018,US-101,"BIG LAGOON PARK RD",3168.00,N,N,A,-,Y,,,101,,,,,,,Y,2,0,1,2,A,-,11,21954,A,N,A,B,E,A,H,-,A,D,0,Y,,,,Y,,N,60,1,0,0,0,1,0,0,0,0,"- ","- ",41.159770965576172,-124.11768341064453,HUMBOLDT,UNINCORPORATED,-124.11767578125,41.159744262695312
90771656,2018,2018-07-18,9126,2018-07-15,1945,021827,,7,2,9,1200,0,1,2,,2,022,"US-101 S/B","BARKDULL ROAD",528.00,S,N,A,-,Y,,,101,,,,,,S,N,3,0,2,2,A,-,17,23114,A,N,H,C,A,A,H,-,A,D,0,,,,,Y,,E,22,0,1,1,0,0,0,0,0,0,"- ","- ",40.430980682373047,-123.98500823974609,HUMBOLDT,UNINCORPORATED,-123.98503112792969,40.43096923828125
90772585,2018,2018-07-19,9125,2018-06-07,1027,018958,,4,1,9,1200,0,1,2,,2,017,US-101,"KANE RD.",7920.00,N,N,A,-,N,,,101,,,,,,,Y,1,1,1,1,A,-,01,23152,A,N,E,I,A,A,D,-,A,A,0,,,,,Y,Y,A,08,0,1,0,0,0,0,0,0,0,"- ","- ",41.221118927001953,-124.09654235839844,HUMBOLDT,UNINCORPORATED,-124.09645843505859,41.221004486083984
90776266,2018,2018-07-25,9125,2018-07-19,0935,019116,,4,1,9,1200,0,1,2,,2,017,"US-101 (REDWOOD HIGHWAY)","OLD STATE HIGHWAY",4224.00,N,N,A,-,Y,,,101,,,,,,,Y,3,0,1,2,A,-,01,23152,A,N,A,C,A,A,H,-,A,D,0,,,,,Y,Y,A,07,0,1,0,0,0,0,0,0,0,"- ","- ",41.267078399658203,-124.09725189208984,HUMBOLDT,UNINCORPORATED,-124.09730529785156,41.267108917236328
90779959,2018,2018-07-30,9125,2018-07-25,1410,020491,,3,2,9,1200,0,1,2,,2,022,"US-101 N/B","BAYSIDE CUTTOFF",0.00,,Y,A,-,Y,,,101,,,,,,N,Y,2,0,2,2,A,-,09,21802,A,N,D,C,A,A,H,-,A,A,0,,,,,Y,,A,08,1,1,0,0,0,0,0,0,0,"- ","- ",40.834999084472656,-124.08180236816406,HUMBOLDT,UNINCORPORATED,-124.08180236816406,40.834999084472656
90780052,2018,2018-07-30,9125,2018-07-18,1610,018172,,3,2,9,1200,0,1,2,,2,018,US-101,"KANE RD",3168.00,S,N,A,-,Y,,,101,,,,,,,N,4,0,1,2,A,-,03,22350,,N,E,I,A,A,D,-,A,C,0,,,,Y,Y,,G,25,0,0,1,0,0,0,0,0,0,"- ","- ",41.196308135986328,-124.11002349853516,HUMBOLDT,UNINCORPORATED,-124.10999298095703,41.196296691894531
90780215,2018,2018-07-30,9125,2018-07-28,1712,021450,,6,2,9,1200,0,1,2,,2,044,"US-101 S/B","LOLETA DR",4752.00,S,N,B,-,Y,,,101,,,,,,S,Y,4,0,1,1,C,-,18,,,N,E,I,A,A,H,-,A,D,0,,,,,Y,,-,"- ",0,0,1,0,0,0,0,0,0,"- ","- ",40.629520416259766,-124.21560668945312,HUMBOLDT,UNINCORPORATED,-124.21556854248047,40.629501342773438
90781845,2018,2018-08-01,9125,2018-07-28,1227,016577,,6,1,9,1200,0,1,2,,2,045,US-101,"METROPOLITAN RD. S.",1584.00,S,N,A,-,Y,,,101,,,,,,,Y,4,0,1,1,A,-,08,22107,,N,E,I,A,A,H,-,A,D,0,,,,,Y,,A,01,0,0,1,0,0,0,0,0,0,"- ","- ",40.512550354003906,-124.12566375732422,HUMBOLDT,UNINCORPORATED,-124.12570190429688,40.512496948242188
90782886,2018,2018-08-02,9125,2018-07-30,0005,021559,,1,3,9,1200,0,1,2,,2,017,"US-101 N/B","PATRICKS POINT DR",21120.00,N,N,B,-,Y,,,101,,,,,,N,Y,3,0,1,1,A,-,01,23152,A,N,F,A,A,A,H,-,D,D,0,,,,,Y,Y,D,22,0,1,0,0,0,0,0,0,0,"- ","- ",41.17626953125,-124.10317993164062,HUMBOLDT,UNINCORPORATED,-124.10315704345703,41.176300048828125
90789787,2018,2018-08-13,9125,2018-08-11,0314,020946,,6,3,9,1200,0,1,2,,2,018,"US-101 N/B","WESTHAVEN DR  N",1531.00,S,N,A,-,Y,,,101,,,,,,N,Y,3,0,1,1,A,-,01,23152,A,N,E,I,A,A,H,-,D,D,0,,,,,Y,Y,A,01,0,1,0,0,0,0,0,0,0,"- ","- ",41.028079986572266,-124.10727691650391,HUMBOLDT,UNINCORPORATED,-124.10738372802734,41.028018951416016
9078996,2020,2020-09-18,1203,2020-03-11,1611,4009,P37,3,5,4,1203,0,0,0,,0,002,"BROADWAY ST","BAY SHORE WY",0.00,,Y,A,-,Y,HUM,1,101,-,-,76.560,I,5,S,N,3,0,1,2,A,-,05,21650,1,N,H,G,A,A,H,-,A,A,0,,Y,,,Y,,L,04,0,1,0,0,0,0,1,0,0,"- ","- ",40.782291412353516,-124.18462371826172,HUMBOLDT,EUREKA,-124.18447113037109,40.781917572021484
90792606,2018,2018-08-16,9125,2018-04-26,2050,020901,,4,2,9,1200,0,1,2,,2,019,US-101,SR-200,260.00,N,N,A,-,Y,,,101,,,,,,,N,1,1,0,2,D,-,00,,,F,G,B,E,A,H,-,C,D,0,Y,,,,Y,,-,"- ",0,0,0,1,0,0,0,0,0,"- ","- ",40.919620513916016,-124.09574890136719,HUMBOLDT,UNINCORPORATED,-124.09574890136719,40.919624328613281
90793905,2018,2018-08-20,9125,2018-08-14,1705,019426,,2,2,9,1200,0,1,2,,2,045,"US-101 S/B","METROPOLITAN HTS RD",376.00,S,N,A,-,Y,,,101,,,,,,S,Y,4,0,1,2,A,-,03,22350,,N,C,C,A,A,H,-,A,D,0,,,,,Y,,A,07,0,0,1,0,0,0,0,0,0,"- ","- ",40.513790130615234,-124.12803649902344,HUMBOLDT,UNINCORPORATED,-124.12804412841797,40.513786315917969
90807347,2018,2018-09-06,9125,2018-08-29,0455,013551,,3,3,9,1200,0,1,2,,2,018,"US-101 S/B","PATRICKS POINT DR",6336.00,S,N,A,-,Y,,,101,,,,,,S,Y,3,0,1,1,C,-,18,,,N,E,H,A,A,H,-,D,D,0,,,,,Y,,-,"- ",0,1,0,0,0,0,0,0,0,"- ","- ",41.118801116943359,-124.15155029296875,HUMBOLDT,UNINCORPORATED,-124.15155792236328,41.118804931640625
90807732,2018,2018-09-07,9125,2018-08-30,0125,013551,,4,3,9,1200,0,1,2,,2,030,"US-101 S/B","LOLETA DR",3168.00,N,N,A,-,Y,,,101,,,,,,S,Y,4,0,1,1,A,-,08,22107,,N,E,I,A,A,H,-,D,D,0,,,,,Y,,A,01,0,0,1,0,0,0,0,0,0,"- ","- ",40.648330688476562,-124.2100830078125,HUMBOLDT,UNINCORPORATED,-124.21009826660156,40.648319244384766
90808008,2018,2018-09-07,9125,2018-08-29,0212,013551,,3,3,9,1200,0,1,2,,2,044,US-101,"LOLETA DR",1584.00,S,N,A,-,Y,,,101,,,,,,,Y,3,0,2,2,C,-,18,,,N,E,H,A,A,H,-,D,D,0,,,,Y,Y,,-,"- ",0,2,0,0,0,0,0,0,0,"- ","- ",40.636329650878906,-124.21227264404297,HUMBOLDT,UNINCORPORATED,-124.21221160888672,40.636299133300781
90809129,2018,2018-09-10,9125,2018-08-28,2040,021559,,2,2,9,1200,0,1,2,,2,044,"US-101 S/B","LOLETA DR",836.00,S,N,A,-,Y,,,101,,,,,,S,Y,2,0,2,2,C,-,18,,,N,E,H,A,A,H,-,C,D,0,,,,,Y,,-,"- ",1,0,1,0,0,0,0,0,0,"- ","- ",40.639690399169922,-124.21053314208984,HUMBOLDT,UNINCORPORATED,-124.21052551269531,40.639686584472656
90814321,2018,2018-09-17,9125,2018-09-06,0417,020748,,4,3,9,1200,0,1,2,,2,045,"US-101 N/B","S SCOTIA RD",792.00,N,N,B,-,Y,,,101,,,,,,N,Y,3,0,2,1,C,-,18,,,N,H,H,A,A,H,-,D,D,0,,,,,Y,,-,"- ",0,2,0,0,0,0,0,0,0,"- ","- ",40.470428466796875,-124.09744262695312,HUMBOLDT,UNINCORPORATED,-124.09748077392578,40.47039794921875
90814611,2018,2018-09-17,9125,2018-09-08,1015,022154,,6,1,9,1200,0,1,2,,2,017,US-101,"VALLEY GREEN CAMP RD",250.00,N,N,A,-,Y,,,101,,,,,,,Y,3,0,2,1,A,-,08,22107,,N,E,I,A,A,H,-,A,D,0,,,,,Y,,A,07,0,1,1,0,0,0,0,0,0,"- ","- ",41.325340270996094,-124.03404235839844,HUMBOLDT,UNINCORPORATED,-124.03408050537109,41.325374603271484
90815591,2018,2018-09-18,9125,2018-09-04,0450,020748,,2,3,9,1200,0,1,2,,2,030,"US-101 S/B","TOMPKINS HILL RD",100.00,S,N,A,-,Y,,,101,,,,,,S,Y,4,0,1,1,A,-,08,22107,,N,E,I,A,A,H,-,D,D,0,,,,,Y,,D,22,0,0,1,0,0,0,0,0,0,"- ","- ",40.703819274902344,-124.20966339111328,HUMBOLDT,UNINCORPORATED,-124.20963287353516,40.703826904296875
90815635,2018,2018-09-18,9125,2018-09-04,1645,018172,,2,2,9,1200,0,1,2,,2,016,"US-101 N/B","NEWTON B DRURY SCENIC PKY",27931.00,S,N,A,-,N,,,101,,,,,,N,Y,3,0,2,1,A,-,03,22350,,N,F,A,A,A,H,-,A,D,0,,,Y,,Y,,C,02,0,1,1,0,0,0,0,0,2,"- ","- ",41.407791137695312,-124.00234985351562,HUMBOLDT,UNINCORPORATED,-124.00246429443359,41.407707214355469
90817047,2018,2018-09-19,9126,2018-09-07,1250,021929,,5,1,9,1200,0,1,2,,2,022,"US-101 SOUTHBOUND","SR-254 (MYERS FLAT)",528.00,N,N,A,-,Y,,,101,,,,,,S,Y,2,0,1,1,A,-,08,22107,,N,E,I,A,A,H,-,A,D,0,,,,,Y,,D,22,1,0,0,0,0,0,0,0,0,"- ","- ",40.267791748046875,-123.87275695800781,HUMBOLDT,UNINCORPORATED,-123.87291717529297,40.267566680908203
90818102,2018,2018-10-08,9126,2018-09-13,2200,021812,,4,3,9,1200,0,1,2,,2,022,"US-101 SOUTHBOUND","NEWTON ROAD",2640.00,S,N,A,-,Y,,,101,,,,,,S,N,4,0,1,2,A,-,01,23152,A,M,B,C,A,A,H,-,D,D,0,,,,,Y,Y,A,07,0,0,1,0,0,0,0,0,0,"- ","- ",40.315689086914062,-123.91771697998047,HUMBOLDT,UNINCORPORATED,-123.91771697998047,40.315689086914062
90819609,2018,2018-09-24,9125,2018-09-12,1620,022095,,3,2,3,1201,0,1,2,,2,022,"US-101 N/B","SAMOA BLVD.",2640.00,S,N,A,-,Y,,,101,,,,,,N,N,2,0,1,2,A,-,03,22350,,N,C,E,A,A,H,-,A,D,0,,Y,,,Y,,L,04,1,0,0,0,0,0,1,0,0,"- ","- ",40.855308532714844,-124.08207702636719,HUMBOLDT,ARCATA,-124.08211517333984,40.855308532714844
90820463,2018,2018-09-25,9125,2018-09-16,1430,021559,,7,2,9,1200,0,1,2,,2,017,"US-101 S/B","DAVISON ROAD",1584.00,S,N,A,-,Y,,,101,,,,,,S,Y,2,0,1,1,A,-,03,22350,,N,F,A,A,A,H,-,A,D,0,,,Y,,Y,,C,02,1,0,0,0,0,0,0,0,1,"- ","- ",41.316680908203125,-124.04087829589844,HUMBOLDT,UNINCORPORATED,-124.04100799560547,41.316734313964844
90820927,2018,2018-09-25,9125,2018-09-22,0202,021025,,6,3,9,1200,0,1,2,,2,030,"US-101 S/B TO HUMBOLDT HILL ROAD","TOOBY RD",290.00,N,N,A,-,Y,,,101,,,,R,,S,Y,3,0,1,1,A,-,01,23152,A,N,E,J,A,A,H,-,C,D,0,,,,,Y,Y,A,01,0,1,0,0,0,0,0,0,0,"- ","- ",40.747779846191406,-124.19769287109375,HUMBOLDT,UNINCORPORATED,-124.19769287109375,40.747779846191406
90821856,2018,2018-09-26,9125,2018-09-12,1728,018172,,3,2,9,1200,0,1,2,,1,024,"US-101 N/B","BAYSIDE CUTOFF",528.00,N,N,A,-,Y,,,101,,,,,,N,Y,4,0,1,2,A,-,03,22350,,N,C,C,A,A,H,-,A,D,0,,,,,Y,,A,01,0,0,1,0,0,0,0,0,0,"- ","- ",40.836071014404297,-124.08173370361328,HUMBOLDT,UNINCORPORATED,-124.081787109375,40.836071014404297
90822756,2018,2018-09-27,9125,2018-09-24,1515,018172,,1,2,9,1200,0,1,2,,2,017,US-101,"NEWTON B DRURY SCENIC PKY",3168.00,S,N,A,-,Y,,,101,,,,,,,Y,3,0,1,2,A,-,01,23152,A,M,B,C,A,A,H,-,A,D,0,,,,Y,Y,Y,A,07,0,1,0,0,0,0,0,0,0,"- ","- ",41.340568542480469,-124.03382110595703,HUMBOLDT,UNINCORPORATED,-124.03385162353516,41.340572357177734
90827737,2018,2018-10-03,9125,2018-09-29,1250,018958,,6,1,9,1200,0,1,2,,2,019,"US-101 S/B","SCHOOL RD.",300.00,S,N,B,C,N,,,101,,,,,,S,Y,4,0,1,1,A,-,03,22350,,N,F,A,A,B,H,-,A,D,0,,,,,Y,,D,22,0,0,1,0,0,0,0,0,0,"- ","- ",40.933719635009766,-124.11541748046875,HUMBOLDT,UNINCORPORATED,-124.11500549316406,40.933868408203125
90830700,2018,2018-10-08,9125,2018-09-26,1348,016577,,3,1,9,1200,0,1,2,,2,045,US-101,"VAN DUZEN RIVER",1584.00,S,N,A,-,Y,,,101,,,,,,,Y,3,0,1,1,A,-,08,22107,,N,F,A,A,A,H,-,A,D,0,,,,,Y,,E,22,0,1,0,0,0,0,0,0,0,"- ","- ",40.532798767089844,-124.15058898925781,HUMBOLDT,UNINCORPORATED,-124.15053558349609,40.532783508300781