CASE_ID,ACCIDENT_YEAR,PROC_DATE,JURIS,COLLISION_DATE,COLLISION_TIME,OFFICER_ID,REPORTING_DISTRICT,DAY_OF_WEEK,CHP_SHIFT,POPULATION,CNTY_CITY_LOC,SPECIAL_COND,BEAT_TYPE,CHP_BEAT_TYPE,CITY_DIVISION_LAPD,CHP_BEAT_CLASS,BEAT_NUMBER,PRIMARY_RD,SECONDARY_RD,DISTANCE,DIRECTION,INTERSECTION,WEATHER_1,WEATHER_2,STATE_HWY_IND,CALTRANS_COUNTY,CALTRANS_DISTRICT,STATE_ROUTE,ROUTE_SUFFIX,POSTMILE_PREFIX,POSTMILE,LOCATION_TYPE,RAMP_INTERSECTION,SIDE_OF_HWY,TOW_AWAY,COLLISION_SEVERITY,NUMBER_KILLED,NUMBER_INJURED,PARTY_COUNT,PRIMARY_COLL_FACTOR,PCF_CODE_OF_VIOL,PCF_VIOL_CATEGORY,PCF_VIOLATION,PCF_VIOL_SUBSECTION,HIT_AND_RUN,TYPE_OF_COLLISION,MVIW,PED_ACTION,ROAD_SURFACE,ROAD_COND_1,ROAD_COND_2,LIGHTING,CONTROL_DEVICE,CHP_ROAD_TYPE,PEDESTRIAN_ACCIDENT,BICYCLE_ACCIDENT,MOTORCYCLE_ACCIDENT,TRUCK_ACCIDENT,NOT_PRIVATE_PROPERTY,ALCOHOL_INVOLVED,STWD_VEHTYPE_AT_FAULT,CHP_VEHTYPE_AT_FAULT,COUNT_SEVERE_INJ,COUNT_VISIBLE_INJ,COUNT_COMPLAINT_PAIN,COUNT_PED_KILLED,COUNT_PED_INJURED,COUNT_BICYCLIST_KILLED,COUNT_BICYCLIST_INJURED,COUNT_MC_KILLED,COUNT_MC_INJURED,PRIMARY_RAMP,SECONDARY_RAMP,LATITUDE,LONGITUDE,COUNTY,CITY,POINT_X,POINT_Y
90830862,2018,2018-10-08,9126,2018-09-28,1950,022004,,5,2,9,1200,0,1,2,,1,066,US-101,"BENBOW DRIVE",2640.00,S,N,B,-,Y,,,101,,,,,,,Y,2,0,1,1,A,-,03,22350,,N,E,I,A,A,H,-,D,D,0,,,,,Y,,A,07,1,0,0,0,0,0,0,0,0,"- ","- ",40.033939361572266,-123.793212890625,HUMBOLDT,UNINCORPORATED,-123.79313659667969,40.033935546875
90835175,2018,2018-10-24,9125,2018-10-02,1535,020895,,2,2,9,1200,0,1,2,,1,024,US-101,"INDIANOLA CUTOFF",0.00,,Y,A,-,Y,,,101,,,,,,,Y,3,0,1,2,A,-,09,21801,A,N,D,C,A,A,H,-,A,D,0,,,,,Y,,A,01,0,1,0,0,0,0,0,0,0,"- ","- ",40.820289611816406,-124.09322357177734,HUMBOLDT,UNINCORPORATED,-124.09321594238281,40.820281982421875
90847783,2018,2018-10-29,9125,2018-10-23,0211,020946,,2,3,9,1200,0,1,2,,2,019,"US-101 N/B","SCHOOL ROAD O/C",1800.00,S,N,A,-,Y,,,101,,,,,,N,Y,3,0,1,1,A,-,01,23152,A,N,F,A,A,A,H,-,D,D,0,,,,,Y,Y,A,01,0,1,0,0,0,0,0,0,0,"- ","- ",40.928211212158203,-124.11239624023438,HUMBOLDT,UNINCORPORATED,-124.11246490478516,40.92816162109375
90854522,2018,2018-11-06,9125,2018-11-05,0325,013551,,1,3,9,1200,0,1,2,,2,030,"US-101 S/B","TOMPKINS HILL RD",3168.00,S,N,B,-,Y,,,101,,,,,,S,Y,3,0,1,1,A,-,03,22350,,N,E,H,A,A,H,-,D,D,0,,,,,Y,,D,22,0,1,0,0,0,0,0,0,0,"- ","- ",40.699638366699219,-124.20529174804688,HUMBOLDT,UNINCORPORATED,-124.20523834228516,40.699684143066406
90855580,2018,2018-11-07,9126,2018-10-31,1730,021692,,3,2,9,1200,0,1,2,,1,066,"US-101 SOUTHBOUND","LAKE BENBOW DRIVE",5808.00,N,N,A,-,Y,,,101,,,,,,S,Y,3,0,1,1,A,-,01,23152,A,N,E,I,A,A,H,-,A,D,0,,,,,Y,Y,D,22,0,1,0,0,0,0,0,0,0,"- ","- ",40.081008911132812,-123.7906494140625,HUMBOLDT,UNINCORPORATED,-123.79059600830078,40.081031799316406
90861268,2018,2018-11-15,9125,2018-11-05,0847,021559,,1,1,9,1200,0,1,2,,2,044,"US-101 N/B","PALMER BLVD",1056.00,N,N,A,-,Y,,,101,,,,,,N,Y,4,0,1,2,A,-,03,22350,,N,C,C,A,A,D,-,A,A,0,,,,,Y,,D,22,0,0,1,0,0,0,0,0,0,"- ","- ",40.606010437011719,-124.18119812011719,HUMBOLDT,UNINCORPORATED,-124.18121337890625,40.60595703125
90862849,2018,2018-11-19,9125,2018-11-12,1125,021559,,1,1,9,1200,0,1,2,,2,045,"US-101 N/B","METROPOLITAN HTS RD",0.00,,Y,A,-,Y,,,101,,,,,,N,Y,4,0,1,2,A,-,08,22107,,N,B,C,A,A,H,-,A,D,0,,,,,Y,,D,22,0,0,1,0,0,0,0,0,0,"- ","- ",40.519680023193359,-124.14277648925781,HUMBOLDT,UNINCORPORATED,-124.14282989501953,40.519554138183594
90865006,2018,2018-11-21,9125,2018-11-12,2213,020748,,1,3,9,1200,0,1,2,,2,030,"US-101 N/B","KING SALMON AVE",1500.00,S,N,A,-,Y,,,101,,,,,,N,N,4,0,1,2,A,-,07,21658,A,N,B,C,A,A,H,-,D,D,0,,,,,Y,,A,07,0,0,1,0,0,0,0,0,0,"- ","- ",40.735458374023438,-124.21090698242188,HUMBOLDT,UNINCORPORATED,-124.2109375,40.735488891601562
90868390,2018,2018-11-27,9125,2018-11-20,1150,021559,,2,1,9,1200,0,1,2,,2,045,US-101,"METROPOLITAN HEIGHTS ROAD",3168.00,S,N,A,-,Y,,,101,,,,,,,Y,3,0,1,2,A,-,03,22350,,N,C,C,A,A,H,-,A,D,0,,,,,Y,,A,01,0,1,0,0,0,0,0,0,0,"- ","- ",40.516189575195312,-124.13385009765625,HUMBOLDT,UNINCORPORATED,-124.13385772705078,40.516159057617188
90875477,2018,2018-12-05,9125,2018-11-27,1620,021450,,2,2,9,1200,0,1,2,,2,030,"US-101 S/B","LOLETA DR",3696.00,N,N,B,-,Y,,,101,,,,,,S,Y,3,0,1,1,A,-,08,22107,,N,E,I,A,B,H,-,A,D,0,,,,,Y,,A,07,0,1,0,0,0,0,0,0,0,"- ","- ",40.65203857421875,-124.21183776855469,HUMBOLDT,UNINCORPORATED,-124.21174621582031,40.652042388916016
90876162,2018,2018-12-05,9125,2018-11-28,0804,019116,,3,1,9,1200,0,1,2,,1,024,"US-101 SOUTHBOUND","INDIANOLA CUTOFF",600.00,S,N,B,-,Y,,,101,,,,,,S,Y,2,0,1,1,A,-,08,22107,,N,F,A,A,B,H,-,A,D,0,,,,,Y,,A,01,1,0,0,0,0,0,0,0,0,"- ","- ",40.818679809570312,-124.09638214111328,HUMBOLDT,UNINCORPORATED,-124.09651184082031,40.818935394287109
9087629,2020,2020-11-25,1203,2020-03-18,1221,4109,P19,3,5,4,1203,0,0,0,,0,001,"4TH ST","R ST",90.00,E,N,A,-,Y,HUM,1,101,-,-,79.190,H,-,S,N,2,0,2,3,A,-,11,21954,A,N,G,B,D,A,H,-,A,A,0,Y,,Y,,Y,,N,60,2,0,0,0,1,0,0,0,1,"- ","- ",40.804710388183594,-124.15358734130859,HUMBOLDT,EUREKA,-124.15325164794922,40.804695129394531
90879286,2018,2018-12-10,9125,2018-11-30,0230,022095,,5,3,9,1200,0,1,2,,2,030,"US-101 N/B","LOLETA DR",2112.00,N,N,B,-,Y,,,101,,,,,,N,Y,2,0,1,1,A,-,01,23152,A,N,E,I,A,B,H,-,D,D,0,,,,,Y,Y,A,01,1,0,0,0,0,0,0,0,0,"- ","- ",40.647750854492188,-124.20967102050781,HUMBOLDT,UNINCORPORATED,-124.20960998535156,40.647785186767578
90883624,2018,2018-12-14,9125,2018-12-07,1258,021844,,5,1,9,1200,0,1,2,,2,030,US-101,"HERRICK AVE OVERCROSS",705.00,S,N,A,-,Y,,,101,,,,,,,Y,4,0,1,3,A,-,03,22350,,N,C,C,A,A,H,-,A,A,0,,,,,Y,,D,22,0,0,1,0,0,0,0,0,0,"- ","- ",40.756031036376953,-124.19023895263672,HUMBOLDT,UNINCORPORATED,-124.19019317626953,40.756004333496094
90885956,2018,2018-12-19,9126,2018-12-15,1548,021692,,6,2,9,1200,0,1,2,,2,044,"US-101 N/B","FRENCH ROAD",7920.00,S,N,B,-,Y,,,101,,,,,,N,Y,3,0,1,1,A,-,08,22107,,N,F,A,A,B,H,-,A,D,0,,,,,Y,,A,07,0,1,0,0,0,0,0,0,0,"- ","- ",40.2169189453125,-123.79347991943359,HUMBOLDT,UNINCORPORATED,-123.79338836669922,40.21697998046875
90887357,2018,2018-12-20,9125,2018-12-12,1328,014643,,3,1,9,1200,0,1,2,,2,017,"US-101 (REDWOOD HIGHWAY)","KANE ROAD",6336.00,S,N,A,-,Y,,,101,,,,,,,Y,3,0,1,1,A,-,08,22107,,N,E,I,A,B,H,-,A,D,0,,,,Y,Y,,G,25,0,1,0,0,0,0,0,0,0,"- ","- ",41.188419342041016,-124.10781097412109,HUMBOLDT,UNINCORPORATED,-124.10784912109375,41.188388824462891
90889254,2018,2018-12-24,9125,2018-12-16,1940,019426,,7,2,9,1200,0,1,2,,2,030,"US-101 S/B","HOOKTON RD",3168.00,S,N,B,-,Y,,,101,,,,,,S,N,4,0,1,2,A,-,03,22350,,M,C,C,A,B,H,-,D,D,0,,,,,Y,,D,22,0,0,1,0,0,0,0,0,0,"- ","- ",40.663688659667969,-124.20388793945312,HUMBOLDT,UNINCORPORATED,-124.20388793945312,40.663688659667969
90890039,2018,2018-12-26,9125,2018-12-19,0739,016321,,3,1,9,1200,0,1,2,,2,044,"RT 101","SINGLEY ROAD",2640.00,N,N,B,-,Y,,,101,,,,,,,Y,4,0,1,1,A,-,08,22107,,N,E,I,A,B,H,-,A,D,0,,,,,Y,,D,22,0,0,1,0,0,0,0,0,0,"- ","- ",40.625389099121094,-124.21601104736328,HUMBOLDT,UNINCORPORATED,-124.21607208251953,40.625358581542969
90891699,2018,2018-12-27,9125,2018-12-15,1215,019243,,6,1,9,1200,0,1,2,,2,045,US-101,"KENMAR RD",2112.00,S,N,B,-,Y,,,101,,,,,,,Y,4,0,2,2,A,-,03,22350,,N,C,C,A,A,H,-,A,D,0,,,,,Y,,A,01,0,0,2,0,0,0,0,0,0,"- ","- ",40.569320678710938,-124.14852142333984,HUMBOLDT,UNINCORPORATED,-124.14855194091797,40.569316864013672
90893639,2018,2018-12-28,9125,2018-12-14,1458,018064,,5,2,9,1200,0,1,2,,2,019,"US-101 N/B TO CENTRAL AVENUE OFF RAMP",SR-200,0.00,,Y,B,-,Y,,,101,,,,R,,N,Y,3,0,1,2,A,-,09,21802,A,N,D,C,A,B,H,-,A,D,0,,,,,Y,,A,07,0,1,0,0,0,0,0,0,0,"- ","- ",40.919349670410156,-124.09462738037109,HUMBOLDT,UNINCORPORATED,-124.09462738037109,40.919349670410156
90894697,2018,2018-12-31,9125,2018-12-19,0815,021559,,3,1,9,1200,0,1,2,,2,044,"US-101 N/B","SINGLEY HILL ROAD",2112.00,S,N,A,-,Y,,,101,,,,,,N,Y,4,0,1,1,A,-,03,22350,,N,E,I,A,B,H,-,A,D,0,,,,,Y,,A,08,0,0,1,0,0,0,0,0,0,"- ","- ",40.618961334228516,-124.20365142822266,HUMBOLDT,UNINCORPORATED,-124.20362091064453,40.618999481201172
90901977,2018,2019-03-20,9125,2018-08-01,2500,018958,,3,4,9,1200,0,1,2,,2,030,US-101,"HUMBOLDT HILL O/C",3168.00,N,N,B,-,Y,,,101,,,,,,,N,1,1,0,2,D,-,00,,,F,G,B,E,A,H,-,D,D,0,Y,,,,Y,Y,-,"- ",0,0,0,1,0,0,0,0,0,"- ","- ",40.750450134277344,-124.19387817382812,HUMBOLDT,UNINCORPORATED,-124.19387054443359,40.750438690185547
90902851,2019,2019-01-11,9126,2019-01-01,0925,022004,,2,1,9,1200,0,1,2,,2,044,"US-101 S/B","SR-254 (HOOKER CREEK UNDERCROSSING)",2640.00,N,N,A,-,Y,,,101,,,,,,S,Y,3,0,1,1,A,-,08,22107,,N,E,I,A,A,H,-,A,D,0,,,,,Y,,J,48,0,1,0,0,0,0,0,0,0,"- ","- ",40.188510894775391,-123.77220153808594,HUMBOLDT,UNINCORPORATED,-123.77224731445312,40.18853759765625
9090392,2020,2020-09-23,1203,2020-03-01,1659,4030,P31,7,5,4,1203,0,0,0,,0,002,"W WABASH AV",BROADWAY,0.00,,Y,A,-,Y,HUM,1,101,-,-,77.299,I,5,N,Y,3,0,3,3,A,-,12,21453,A,N,D,C,A,A,H,-,A,A,0,,,,,Y,,A,01,0,2,1,0,0,0,0,0,0,"- ","- ",40.791511535644531,-124.17835235595703,HUMBOLDT,EUREKA,-124.17826843261719,40.791538238525391
90908453,2019,2019-01-22,9125,2019-01-16,1700,018064,,3,2,9,1200,0,1,2,,2,030,"US-101 S/B (REDWOOD HIGHWAY)","ORCHARD AVE",1056.00,S,N,B,C,Y,,,101,,,,,,S,Y,3,0,1,1,A,-,03,22350,,N,F,I,A,B,H,-,D,D,0,,,,,Y,,A,01,0,1,0,0,0,0,0,0,0,"- ","- ",40.718929290771484,-124.21575164794922,HUMBOLDT,UNINCORPORATED,-124.2156982421875,40.718929290771484
90913554,2019,2019-01-28,9125,2019-01-16,1850,022154,,3,2,9,1200,0,1,2,,2,019,US-101,"SCHOOL RD",1056.00,S,N,B,C,Y,,,101,,,,,,,Y,4,0,2,2,A,-,03,22350,,M,C,C,A,B,H,-,D,D,0,,,,,Y,,A,01,0,0,2,0,0,0,0,0,0,"- ","- ",40.929920196533203,-124.11360931396484,HUMBOLDT,UNINCORPORATED,-124.11355590820312,40.929939270019531
90914073,2019,2019-01-28,9125,2019-01-21,1549,020603,,1,2,9,1200,0,1,2,,2,044,US-101,"SINGLEY HILL RD",1056.00,N,N,A,-,Y,,,101,,,,,,,Y,4,0,1,1,A,-,08,22107,,N,E,I,A,A,H,-,A,D,0,,,,,Y,,A,01,0,0,1,0,0,0,0,0,0,"- ","- ",40.62548828125,-124.21602630615234,HUMBOLDT,UNINCORPORATED,-124.21611785888672,40.625457763671875
90921654,2019,2019-02-07,9125,2019-02-05,0515,018958,,2,3,9,1200,0,1,2,,2,019,"S/B US-101","BOYD DRAW BRIDGE",200.00,S,N,A,-,N,,,101,,,,,,,Y,4,0,1,1,A,-,03,22350,,N,E,I,A,C,H,-,C,D,0,,,,,Y,,D,22,0,0,1,0,0,0,0,0,0,"- ","- ",40.912471771240234,-124.09117126464844,HUMBOLDT,UNINCORPORATED,-124.09103393554688,40.91253662109375
90924046,2019,2019-02-11,9126,2019-02-03,1244,021507,,7,1,9,1200,0,1,2,,2,022,"US-101 S/B","BARKDULL ROAD",2112.00,S,N,B,C,Y,,,101,,,,,,S,Y,2,0,2,1,A,-,03,22350,,N,E,I,A,B,H,-,A,D,0,,,,,Y,,A,01,1,1,0,0,0,0,0,0,0,"- ","- ",40.426708221435547,-123.98288726806641,HUMBOLDT,UNINCORPORATED,-123.98292541503906,40.426704406738281
90924659,2019,2019-02-12,9125,2019-02-04,0812,019116,,1,1,9,1200,0,1,2,,2,019,"US-101 SOUTHBOUND (REDWOOD HIGHWAY)","N CENTRAL AVENUE",1056.00,N,N,B,D,Y,,,101,,,,,,S,Y,3,0,2,1,A,-,03,22350,,N,F,A,A,C,H,-,A,D,0,,,,,Y,,A,01,0,2,0,0,0,0,0,0,0,"- ","- ",41.002738952636719,-124.11241149902344,HUMBOLDT,UNINCORPORATED,-124.11235046386719,41.002727508544922
90924701,2019,2019-02-12,9125,2019-02-04,1350,017077,,1,1,9,1200,0,1,2,,2,030,"US-101 S/B","FIELDS LANDING DR",1584.00,S,N,B,F,Y,,,101,,,,,,S,N,4,0,1,1,A,-,03,22350,,N,E,I,A,B,H,-,A,D,0,,,,,Y,,A,07,0,0,1,0,0,0,0,0,0,"- ","- ",40.717838287353516,-124.21573638916016,HUMBOLDT,UNINCORPORATED,-124.21572875976562,40.717838287353516
90927007,2019,2019-02-14,9125,2019-02-04,0840,018172,,1,1,9,1200,0,1,2,,2,019,"US-101 S/B","GIUNTOLI LN",3696.00,N,N,B,F,Y,,,101,,,,,,S,Y,3,0,1,1,A,-,03,22350,,N,E,I,A,C,H,-,A,D,0,,,,,Y,,A,01,0,1,0,0,0,0,0,0,0,"- ","- ",40.912788391113281,-124.09123992919922,HUMBOLDT,UNINCORPORATED,-124.09117889404297,40.912818908691406
90931740,2019,2019-02-22,9126,2019-02-15,0948,021836,,5,1,9,1200,0,1,2,,2,044,"US-101 SOUTHBOUND","SALMON CREEK ROAD",5755.00,N,N,B,C,Y,,,101,,,,,,S,Y,3,0,1,1,A,-,03,22350,,N,E,I,A,B,H,-,A,D,0,,,,,Y,,J,41,0,1,0,0,0,0,0,0,0,"- ","- ",40.264068603515625,-123.84757995605469,HUMBOLDT,UNINCORPORATED,-123.84758758544922,40.264064788818359
90932199,2019,2019-02-22,9125,2019-02-16,1719,020946,,6,2,9,1200,0,1,2,,2,018,"US-101 N/B","6TH STREET O/C",3377.00,N,N,B,-,Y,,,101,,,,,,N,Y,4,0,2,1,A,-,08,22107,,N,E,I,A,B,H,-,B,D,0,,,,,Y,,A,07,0,0,2,0,0,0,0,0,0,"- ","- ",41.044269561767578,-124.11660003662109,HUMBOLDT,UNINCORPORATED,-124.11663055419922,41.044242858886719
90935187,2019,2019-02-27,9125,2019-02-18,0710,019243,,1,1,9,1200,0,1,2,,2,044,"N/B US-101","KENMAR RD",528.00,N,N,A,-,Y,,,101,,,,,,,Y,3,0,1,1,A,-,03,22350,,N,E,I,A,C,H,-,A,D,0,,,,,Y,,A,01,0,1,0,0,0,0,0,0,0,"- ","- ",40.577720642089844,-124.14958953857422,HUMBOLDT,UNINCORPORATED,-124.14954376220703,40.577732086181641
90935394,2019,2019-02-27,9125,2019-02-16,0250,022095,,6,3,9,1200,0,1,2,,2,019,"US-101 N/B","CRANNELL ROAD O/C",120.00,S,N,C,-,Y,,,101,,,,,,N,Y,4,0,1,1,A,-,01,23152,A,N,E,I,A,B,H,-,D,D,0,,,,,Y,Y,A,01,0,0,1,0,0,0,0,0,0,"- ","- ",41.013339996337891,-124.10788726806641,HUMBOLDT,UNINCORPORATED,-124.10794830322266,41.013362884521484
90938623,2019,2019-06-26,9126,2019-01-17,1630,021919,,4,2,9,1200,0,1,2,,2,022,"US-101 SOUTHBOUND","NEWTON ROAD",2112.00,S,N,B,-,Y,,,101,,,,,,S,Y,1,1,1,2,A,-,05,21651,A,N,A,C,A,B,H,-,A,D,0,,,,,Y,,D,22,0,1,0,0,0,0,0,0,0,"- ","- ",40.315399169921875,-123.91708374023438,HUMBOLDT,UNINCORPORATED,-123.9171142578125,40.315334320068359
90938930,2019,2019-03-04,9125,2019-02-25,0835,018958,,1,1,9,1200,0,1,2,,2,030,US-101,"HOOKTON RD O/C",100.00,S,N,B,C,N,,,101,,,,,,,N,3,0,2,1,A,-,03,22350,,N,E,I,A,B,F,-,A,D,0,,,,,Y,,D,22,0,2,0,0,0,0,0,0,0,"- ","- ",40.670188903808594,-124.20217895507812,HUMBOLDT,UNINCORPORATED,-124.20214080810547,40.670181274414062
90941612,2019,2019-03-07,9125,2019-03-01,0115,019426,,5,3,3,1201,0,1,2,,2,022,"US-101 S/B","SOUTH G ST",30.00,E,N,B,-,Y,,,101,,,,,,S,Y,3,0,1,1,A,-,01,23152,A,N,E,I,A,B,H,-,D,D,0,,,,,Y,,D,22,0,1,0,0,0,0,0,0,0,"- ","- ",40.851581573486328,-124.08220672607422,HUMBOLDT,ARCATA,-124.08205413818359,40.851581573486328
90944423,2019,2019-03-12,9125,2019-03-03,1622,021450,,7,2,9,1200,0,1,2,,2,030,"US-101 S/B","HERRICK AVE",694.00,S,N,B,-,Y,,,101,,,,,,S,Y,3,0,1,1,A,-,08,22107,,N,E,I,A,A,H,-,A,D,0,,,,,Y,,A,01,0,1,0,0,0,0,0,0,0,"- ","- ",40.756050109863281,-124.19036102294922,HUMBOLDT,UNINCORPORATED,-124.19042205810547,40.756084442138672
90948732,2019,2019-03-19,9125,2019-03-12,1845,022154,,2,2,9,1200,0,1,2,,2,045,US-101,"METROPOLITAN RD",271.00,S,N,B,-,Y,,,101,,,,,,,Y,4,0,1,1,A,-,08,22107,,N,E,I,A,A,H,-,B,D,0,,,,,Y,,A,07,0,0,1,0,0,0,0,0,0,"- ","- ",40.523700714111328,-124.14885711669922,HUMBOLDT,UNINCORPORATED,-124.14888000488281,40.523681640625
90949919,2019,2019-03-20,9126,2019-03-12,1633,021507,,2,2,9,1200,0,1,2,,1,066,US-101,"MILKY WAY LOOP",1584.00,N,N,B,-,Y,,,101,,,,,,,Y,3,0,3,3,A,-,05,21460,A,N,B,C,A,B,H,-,A,D,0,,,,,Y,,E,22,0,2,1,0,0,0,0,0,0,"- ","- ",40.013099670410156,-123.79094696044922,HUMBOLDT,UNINCORPORATED,-123.79096221923828,40.013099670410156
90951318,2019,2019-03-22,9126,2019-02-10,2050,021929,,7,2,9,1200,0,1,2,,1,066,US-101,"SOUTH BENBOW DRIVE",1267.00,S,N,B,-,Y,,,101,,,,,,,Y,1,1,0,1,A,-,01,23152,A,N,E,I,A,B,H,-,D,D,0,,,,,Y,Y,A,07,0,0,0,0,0,0,0,0,0,"- ","- ",40.035411834716797,-123.78883361816406,HUMBOLDT,UNINCORPORATED,-123.78882598876953,40.035469055175781
90952482,2019,2019-03-25,9125,2019-03-20,1025,014643,,3,1,9,1200,0,1,2,,2,017,"US-101 (REDWOOD HIGHWAY)","KANE ROAD",7920.00,S,N,B,-,Y,,,101,,,,,,,Y,4,0,1,1,A,-,08,22107,,N,E,I,A,B,H,-,A,D,0,,,,,Y,,A,01,0,0,1,0,0,0,0,0,0,"- ","- ",41.184211730957031,-124.10727691650391,HUMBOLDT,UNINCORPORATED,-124.1072998046875,41.184200286865234
90952517,2019,2019-03-25,9125,2019-03-22,1452,021450,,5,2,9,1200,0,1,2,,2,045,"US-101 N/B","METROPOLITAN HTS RD",1056.00,N,N,B,C,Y,,,101,,,,,,N,Y,4,0,1,1,A,-,08,22107,,N,E,I,A,B,H,-,A,D,0,,,,,Y,,A,01,0,0,1,0,0,0,0,0,0,"- ","- ",40.521129608154297,-124.14640045166016,HUMBOLDT,UNINCORPORATED,-124.14637756347656,40.521167755126953
90960037,2019,2019-04-03,9125,2019-03-29,1357,022154,,5,1,9,1200,0,1,2,,2,022,US-101,"HARPER MOTORS ENTRANCE/ EXIT",0.00,,Y,A,-,Y,,,101,,,,,,,Y,4,0,1,2,A,-,09,21804,A,N,D,C,A,A,H,-,A,D,0,,,,,Y,,A,01,0,0,1,0,0,0,0,0,0,"- ","- ",40.809700012207031,-124.11412811279297,HUMBOLDT,UNINCORPORATED,-124.11407470703125,40.809585571289062
90966707,2018,2019-04-12,9125,2018-11-02,0530,021025,,5,3,9,1200,0,1,2,,2,018,"US-101 NORTHBOUND","6TH AVENUE OVER-CROSSING",950.00,N,N,B,-,Y,,,101,,,,,,N,N,1,1,0,2,A,-,11,21954,A,N,G,B,E,A,H,-,D,D,0,Y,,,Y,Y,,N,60,0,0,0,1,0,0,0,0,0,"- ","- ",41.038410186767578,-124.11341857910156,HUMBOLDT,UNINCORPORATED,-124.11345672607422,41.038387298583984
90966784,2019,2019-04-12,9125,2019-01-15,1230,014643,,2,1,9,1200,0,1,2,,2,017,"US-101 (REDWOOD HIGHWAY)","OLD STATE HIGHWAY",2640.00,S,N,B,-,Y,,,101,,,,,,,Y,1,1,2,1,A,-,08,22107,,N,E,I,A,B,H,-,A,A,0,,,,,Y,,A,07,0,2,0,0,0,0,0,0,0,"- ","- ",41.246181488037109,-124.08818817138672,HUMBOLDT,UNINCORPORATED,-124.08817291259766,41.246181488037109
9096944,2020,2020-09-18,1203,2020-03-15,1720,4080,P66,7,5,4,1203,0,0,0,,0,002,"BROADWAY ST","MCCULLENS AV",0.00,,Y,A,-,Y,HUM,1,101,-,-,75.910,I,5,N,Y,4,0,1,2,A,-,08,22107,,N,B,C,A,A,H,-,A,A,0,,,,,Y,,A,01,0,0,1,0,0,0,0,0,0,"- ","- ",40.774219512939453,-124.19058990478516,HUMBOLDT,EUREKA,-124.19052124023438,40.774211883544922
90972045,2019,2019-04-22,9125,2019-04-02,1352,019116,,2,1,9,1200,0,1,2,,2,016,"US-101 SOUTHBOUND","NEWTON B DRURY SCENIC PARKWAY",5808.00,N,N,B,-,Y,,,101,,,,,,S,Y,2,0,1,1,A,-,01,23152,A,N,F,A,A,B,H,-,A,D,0,,,,,Y,Y,A,01,1,0,0,0,0,0,0,0,0,"- ","- ",41.357799530029297,-124.01260375976562,HUMBOLDT,UNINCORPORATED,-124.01239776611328,41.357494354248047
90979638,2019,2019-05-01,9125,2019-04-21,1600,021025,,7,2,3,1201,0,1,2,,2,022,"US-101 S/B","SAMOA BLVD OC",260.00,S,N,A,-,Y,,,101,,,,,,S,Y,4,0,1,1,A,-,03,22350,,N,F,I,A,A,H,-,A,A,0,,,,,Y,,D,22,0,0,1,0,0,0,0,0,0,"- ","- ",40.86199951171875,-124.08329772949219,HUMBOLDT,ARCATA,-124.08278656005859,40.862037658691406
90980038,2019,2019-05-01,9125,2019-04-17,1843,018064,,3,2,9,1200,0,1,2,,2,030,"US-101 S/B (REDWOD HIGHWAY)","SALMON CREEK BRIDGE",0.00,,Y,A,-,Y,,,101,,,,,,S,Y,3,0,1,1,A,-,01,23152,F,N,E,I,A,A,H,-,A,D,0,,,,,Y,,A,07,0,1,0,0,0,0,0,0,0,"- ","- ",40.667091369628906,-124.20291900634766,HUMBOLDT,UNINCORPORATED,-124.20292663574219,40.667091369628906
90980067,2019,2019-05-02,9126,2019-04-22,1130,021836,,1,1,9,1200,0,1,2,,2,044,US-101,"DIMMICK RD",2904.00,S,N,B,-,Y,,,101,,,,,,,Y,3,0,2,1,A,-,01,23152,G,N,E,I,A,A,H,-,D,D,0,,,,,Y,Y,D,22,0,2,0,0,0,0,0,0,0,"- ","- ",40.196521759033203,-123.77513885498047,HUMBOLDT,UNINCORPORATED,-123.77513885498047,40.196517944335938
90980997,2019,2019-05-02,9125,2019-04-23,1636,018064,,2,2,9,1200,0,1,2,,2,030,"US-101 S/B (REDWOOD HIGHWAY)","LOLETA DRIVE",1584.00,N,N,A,-,Y,,,101,,,,,,S,N,2,0,1,2,A,-,02,22400,A,N,C,G,A,A,H,-,A,D,0,,Y,,,Y,,L,04,1,0,0,0,0,0,1,0,0,"- ","- ",40.647899627685547,-124.20992279052734,HUMBOLDT,UNINCORPORATED,-124.20986938476562,40.647930145263672
90983339,2019,2019-05-07,9125,2019-05-03,2347,021450,,5,3,9,1200,0,1,2,,2,045,"US-101 N/B","WILDWOOD AVE",2640.00,N,N,A,-,Y,,,101,,,,,,N,Y,3,0,1,1,A,-,08,22107,,N,E,I,A,A,H,-,D,D,0,,,,,Y,,A,07,0,1,0,0,0,0,0,0,0,"- ","- ",40.508190155029297,-124.11830139160156,HUMBOLDT,UNINCORPORATED,-124.11833190917969,40.508148193359375