CASE_ID,ACCIDENT_YEAR,PROC_DATE,JURIS,COLLISION_DATE,COLLISION_TIME,OFFICER_ID,REPORTING_DISTRICT,DAY_OF_WEEK,CHP_SHIFT,POPULATION,CNTY_CITY_LOC,SPECIAL_COND,BEAT_TYPE,CHP_BEAT_TYPE,CITY_DIVISION_LAPD,CHP_BEAT_CLASS,BEAT_NUMBER,PRIMARY_RD,SECONDARY_RD,DISTANCE,DIRECTION,INTERSECTION,WEATHER_1,WEATHER_2,STATE_HWY_IND,CALTRANS_COUNTY,CALTRANS_DISTRICT,STATE_ROUTE,ROUTE_SUFFIX,POSTMILE_PREFIX,POSTMILE,LOCATION_TYPE,RAMP_INTERSECTION,SIDE_OF_HWY,TOW_AWAY,COLLISION_SEVERITY,NUMBER_KILLED,NUMBER_INJURED,PARTY_COUNT,PRIMARY_COLL_FACTOR,PCF_CODE_OF_VIOL,PCF_VIOL_CATEGORY,PCF_VIOLATION,PCF_VIOL_SUBSECTION,HIT_AND_RUN,TYPE_OF_COLLISION,MVIW,PED_ACTION,ROAD_SURFACE,ROAD_COND_1,ROAD_COND_2,LIGHTING,CONTROL_DEVICE,CHP_ROAD_TYPE,PEDESTRIAN_ACCIDENT,BICYCLE_ACCIDENT,MOTORCYCLE_ACCIDENT,TRUCK_ACCIDENT,NOT_PRIVATE_PROPERTY,ALCOHOL_INVOLVED,STWD_VEHTYPE_AT_FAULT,CHP_VEHTYPE_AT_FAULT,COUNT_SEVERE_INJ,COUNT_VISIBLE_INJ,COUNT_COMPLAINT_PAIN,COUNT_PED_KILLED,COUNT_PED_INJURED,COUNT_BICYCLIST_KILLED,COUNT_BICYCLIST_INJURED,COUNT_MC_KILLED,COUNT_MC_INJURED,PRIMARY_RAMP,SECONDARY_RAMP,LATITUDE,LONGITUDE,COUNTY,CITY,POINT_X,POINT_Y
90986139,2019,2019-05-10,9125,2019-05-01,1635,018064,,3,2,9,1200,0,1,2,,2,044,"US-101 N/B (REDWOOD HIGHWAY)","SINGLEY HILL ROAD",1056.00,S,N,A,-,Y,,,101,,,,,,N,Y,2,0,1,1,A,-,08,22107,,N,E,I,A,A,H,-,A,D,0,,,,,Y,,A,01,1,0,0,0,0,0,0,0,0,"- ","- ",40.620399475097656,-124.20583343505859,HUMBOLDT,UNINCORPORATED,-124.20584869384766,40.620338439941406
90988294,2019,2019-05-20,9125,2019-01-22,0623,019116,,2,1,9,1200,0,1,2,,2,030,"US-101 NORTHBOUND","HUMBOLDT HILL ROAD OVERCORSSING",1584.00,N,N,B,-,Y,,,101,,,,,,N,Y,1,1,0,6,A,-,11,21954,A,N,G,B,E,B,H,-,C,D,0,Y,,,,Y,Y,N,60,0,0,0,1,0,0,0,0,0,"- ","- ",40.748420715332031,-124.19580078125,HUMBOLDT,UNINCORPORATED,-124.19579315185547,40.748409271240234
90988373,2019,2019-05-14,9125,2019-05-14,0540,014643,,2,3,9,1200,0,1,2,,2,017,"US-101 (REDWOOD HIGHWAY)","MCDONALD CREEK RD",1056.00,S,N,A,-,Y,,,101,,,,,,,Y,4,0,1,1,C,-,18,,,N,H,H,A,A,H,-,D,D,0,,,,,Y,,-,"- ",0,0,1,0,0,0,0,0,0,"- ","- ",41.222648620605469,-124.09432220458984,HUMBOLDT,UNINCORPORATED,-124.09431457519531,41.222640991210938
90997519,2019,2019-05-28,9125,2019-05-23,0535,014643,,4,3,9,1200,0,1,2,,2,017,"US-101 (REDWOOD HIGHWAY)","MCDONALD CREEK RD",1056.00,S,N,A,-,Y,,,101,,,,,,,Y,4,0,2,1,C,-,18,,,N,H,H,A,A,H,-,D,D,0,,,,,Y,,-,"- ",0,0,2,0,0,0,0,0,0,"- ","- ",41.220081329345703,-124.0982666015625,HUMBOLDT,UNINCORPORATED,-124.09825897216797,41.220058441162109
90997544,2019,2019-05-28,9125,2019-05-26,0520,021450,,7,3,9,1200,0,1,2,,2,017,"US-101 S/B","NEWTON B DRURY SCENIC PKY",20064.00,S,N,C,-,Y,,,101,,,,,,S,N,4,0,1,1,C,-,18,,,N,H,H,A,B,H,-,D,D,0,,,,,Y,,-,"- ",0,0,1,0,0,0,0,0,0,"- ","- ",41.424560546875,-124.00476837158203,HUMBOLDT,UNINCORPORATED,-124.00473022460938,41.424812316894531
91008013,2019,2019-06-11,9125,2019-05-31,1330,020717,,5,1,9,1200,0,1,2,,2,044,"US-101 N/B FROM LOLETA DRIVE W/B","LOLETA DRIVE",57.00,N,N,B,-,Y,,,101,,,,R,,N,Y,2,0,1,1,A,-,01,23152,A,N,E,I,A,A,H,-,A,D,0,,,,,Y,Y,D,22,1,0,0,0,0,0,0,0,0,"- ","- ",40.642040252685547,-124.20867156982422,HUMBOLDT,UNINCORPORATED,-124.20867156982422,40.642040252685547
91013380,2019,2019-06-19,9125,2019-05-09,2500,014643,,4,4,9,1200,0,1,2,,2,017,"US-101 (REDWOOD HIGHWAY)","DAVIDSON ROAD",3168.00,S,N,A,-,Y,,,101,,,,,,,Y,4,0,1,1,A,-,08,22107,,N,E,I,A,A,H,-,A,D,0,,,,,Y,,A,07,0,0,1,0,0,0,0,0,0,"- ","- ",41.314018249511719,-124.04311370849609,HUMBOLDT,UNINCORPORATED,-124.04302215576172,41.313911437988281
91019050,2019,2019-06-27,9125,2019-06-11,1215,014643,,2,1,9,1200,0,1,2,,2,019,"US-101 S/B (REDWOOD HIGHWAY)","LITTLE RIVER BRIDGE",1056.00,S,N,A,-,Y,,,101,,,,,,S,Y,2,0,1,1,A,-,08,22107,,N,F,A,A,A,H,-,A,D,0,,,,,Y,,A,01,1,0,0,0,0,0,0,0,0,"- ","- ",41.016620635986328,-124.10700225830078,HUMBOLDT,UNINCORPORATED,-124.10700988769531,41.016624450683594
91023813,2019,2019-07-03,9125,2019-06-27,1010,020748,,4,1,9,1200,0,1,2,,2,030,"US-101 S/B","FIELDS LANDING DR",300.00,S,N,A,-,Y,,,101,,,,,,S,N,3,0,1,1,A,-,08,22107,,N,F,A,A,A,H,-,A,D,0,,Y,,,Y,,L,04,0,1,0,0,0,0,1,0,0,"- ","- ",40.721240997314453,-124.21569061279297,HUMBOLDT,UNINCORPORATED,-124.21552276611328,40.721218109130859
91025952,2019,2019-07-08,9125,2019-06-28,1620,022154,,5,2,9,1200,0,1,2,,2,022,US-101,"KOA DRIVE",528.00,S,N,A,-,N,,,101,,,,,,,N,4,0,1,2,A,-,07,21658,A,N,B,C,A,A,H,-,A,D,0,,,,,Y,,D,22,0,0,1,0,0,0,0,0,0,"- ","- ",40.825778961181641,-124.08554077148438,HUMBOLDT,UNINCORPORATED,-124.08551025390625,40.825756072998047
91027116,2019,2019-07-09,9125,2019-07-07,1340,020717,,7,1,9,1200,0,1,2,,2,017,US-101,"SKUNK CABBAGE ROAD",197.00,S,N,A,-,Y,,,101,,,,,,,Y,3,0,2,2,A,-,05,21460,A,N,B,C,A,A,H,-,A,D,0,,,,,Y,,A,01,0,2,0,0,0,0,0,0,0,"- ","- ",41.305271148681641,-124.04441833496094,HUMBOLDT,UNINCORPORATED,-124.04440307617188,41.305286407470703
9102963,2020,2020-11-09,1203,2020-05-18,1145,4082,P15,1,5,4,1203,0,0,0,,0,001,"W 5TH ST","COMMERCIAL ST",294.00,W,N,A,-,Y,HUM,1,101,-,-,78.050,H,-,N,Y,2,0,1,1,A,-,03,22350,,N,F,A,A,A,H,-,A,D,0,,,,Y,Y,,G,85,1,0,0,0,0,0,0,0,0,"- ","- ",,,HUMBOLDT,EUREKA,-124.17440032958984,40.800739288330078
91031058,2019,2019-07-15,9126,2019-07-05,2205,021722,,5,3,9,1200,0,1,2,,1,066,US-101,"RICHARDSON GROVE STATE PARK",2112.00,N,N,B,-,Y,,,101,,,,,,,Y,3,0,1,1,A,-,01,23152,G,N,F,A,A,A,H,-,C,D,0,,,,,Y,Y,A,08,0,1,0,0,0,0,0,0,0,"- ","- ",40.028789520263672,-123.79396057128906,HUMBOLDT,UNINCORPORATED,-123.79396057128906,40.028789520263672
91032232,2019,2019-07-17,9126,2019-07-09,2250,021812,,2,3,9,1200,0,1,2,,1,066,"US-101 NORTHBOUND","SPROWEL CREEK ROAD OVERCROSSING",6230.00,S,N,B,-,Y,,,101,,,,,,N,Y,2,0,1,1,A,-,08,22107,,N,E,I,A,A,H,-,D,D,0,,,,,Y,,A,08,1,0,0,0,0,0,0,0,0,"- ","- ",40.083671569824219,-123.790283203125,HUMBOLDT,UNINCORPORATED,-123.79034423828125,40.083683013916016
9103491,2020,2020-11-09,1203,2020-05-13,1150,4082,P15,3,5,4,1203,0,0,0,,0,001,"W 5TH ST","COMMERCIAL ST",294.00,W,N,B,-,Y,HUM,1,101,-,-,78.050,H,-,N,Y,2,0,1,1,A,-,03,22350,,N,F,A,A,B,H,-,A,D,0,,,,Y,Y,,G,25,1,0,0,0,0,0,0,0,0,"- ","- ",40.801280975341797,-124.17417144775391,HUMBOLDT,EUREKA,-124.17440032958984,40.800739288330078
91035267,2019,2019-07-22,9125,2019-07-13,0430,021025,,6,3,9,1200,0,1,2,,2,045,"US-101 N/B","N SCOTIA SEP",50.00,N,N,A,-,Y,,,101,,,,,,N,N,3,0,1,2,C,-,18,,,N,H,H,A,A,H,-,D,D,0,,,,,Y,,-,"- ",0,1,0,0,0,0,0,0,0,"- ","- ",40.4898681640625,-124.09784698486328,HUMBOLDT,UNINCORPORATED,-124.09792327880859,40.489891052246094
91035680,2019,2019-07-23,9126,2019-07-16,0115,021722,,2,3,9,1200,0,1,2,,2,022,"US-101 S/B","SORENSON ROAD",2112.00,S,N,B,-,Y,,,101,,,,,,S,Y,3,0,1,1,A,-,08,22107,,N,E,I,A,A,H,-,D,D,0,,,,,Y,,D,22,0,1,0,0,0,0,0,0,0,"- ","- ",40.395580291748047,-123.93984222412109,HUMBOLDT,UNINCORPORATED,-123.93980407714844,40.395908355712891
91037683,2019,2019-07-25,9125,2019-07-21,1947,021450,,7,2,9,1200,0,1,2,,2,030,"US-101 S/B TO TOMPKINS HILL RD OFFRAMP","TOMPKINS HILL RD",1056.00,W,N,B,-,Y,,,101,,,,R,,S,N,4,0,1,1,A,-,08,22107,,N,E,I,A,A,H,-,A,D,0,,,,,Y,,A,08,0,0,1,0,0,0,0,0,0,"- ","- ",40.706871032714844,-124.21038818359375,HUMBOLDT,UNINCORPORATED,-124.21038818359375,40.706871032714844
91039757,2019,2019-07-26,9125,2019-07-17,1456,022284,,3,2,9,1200,0,1,2,,2,016,"US-101 N/B","DEL NORTE COUNTY LINE",5280.00,S,N,A,-,Y,,,101,,,,,,N,Y,3,0,1,1,A,-,08,22107,,N,E,I,A,A,H,-,A,D,0,,,,,Y,,A,01,0,1,0,0,0,0,0,0,0,"- ","- ",41.450450897216797,-124.02577972412109,HUMBOLDT,UNINCORPORATED,-124.02582550048828,41.450428009033203
91041366,2019,2019-07-30,9126,2019-07-27,1210,021836,,6,1,9,1200,0,1,2,,2,044,"US-101 N/B","DEAN CREEK",6547.00,S,N,A,-,Y,,,101,,,,,,N,Y,3,0,1,1,C,-,18,,,N,H,H,A,A,H,-,A,D,0,,,,,Y,,-,"- ",0,1,0,0,0,0,0,0,0,"- ","- ",40.128341674804688,-123.79930114746094,HUMBOLDT,UNINCORPORATED,-123.79934692382812,40.128299713134766
91042656,2019,2019-07-31,9125,2019-07-19,1648,021168,,5,2,9,1200,0,1,2,,2,017,"US-101 S/B","VALLEY GREEN CAMP RD",528.00,S,N,A,-,Y,,,101,,,,,,S,Y,4,0,1,2,A,-,05,21460,A,N,B,C,A,A,H,-,A,D,0,,,,,Y,,A,07,0,0,1,0,0,0,0,0,0,"- ","- ",41.323101043701172,-124.03800964355469,HUMBOLDT,UNINCORPORATED,-124.03801727294922,41.323116302490234
91046377,2019,2019-08-06,9125,2019-07-30,1721,021450,,2,2,9,1200,0,1,2,,2,019,"US-101 N/B TO CENTRAL AVE OFF-RAMP",SR-200,0.00,,Y,A,-,Y,,,101,,,,R,,N,Y,3,0,1,2,A,-,09,21802,A,N,D,C,A,A,H,-,A,D,0,,,,,Y,,D,22,0,1,0,0,0,0,0,0,0,"- ","- ",40.919189453125,-124.09461975097656,HUMBOLDT,UNINCORPORATED,-124.09461975097656,40.919189453125
91047534,2019,2019-08-07,9126,2019-07-31,1205,021919,,3,1,9,1200,0,1,2,,1,066,US-101,"BENBOW DRIVE",8448.00,S,N,A,-,Y,,,101,,,,,,,Y,4,0,1,1,A,-,08,22107,,N,E,I,A,A,H,-,D,D,0,,,,,Y,,A,01,0,0,1,0,0,0,0,0,0,"- ","- ",40.017848968505859,-123.79122924804688,HUMBOLDT,UNINCORPORATED,-123.79135131835938,40.017841339111328
91047868,2019,2019-08-08,9125,2019-07-27,1613,022284,,6,2,9,1200,0,1,2,,2,044,"US-101 S/B","12TH ST",197.00,N,N,A,-,Y,,,101,,,,,,S,Y,2,0,1,1,A,-,01,23152,A,N,E,I,A,A,H,-,A,D,0,,,,,Y,Y,D,22,1,0,0,0,0,0,0,0,0,"- ","- ",40.588230133056641,-124.15570068359375,HUMBOLDT,UNINCORPORATED,-124.15567779541016,40.588245391845703
91048860,2019,2019-08-09,9125,2019-07-31,0130,022095,,3,3,9,1200,0,1,2,,2,016,"US-101 SOUTHBOUND","CAL-BARREL ROAD",3696.00,N,N,A,-,Y,,,101,,,,,,S,Y,3,0,1,1,A,-,08,22107,,N,E,I,A,A,H,-,D,D,0,,,,,Y,,A,08,0,1,0,0,0,0,0,0,0,"- ","- ",41.393039703369141,-123.99359130859375,HUMBOLDT,UNINCORPORATED,-123.99352264404297,41.393020629882812
91054552,2019,2019-08-19,9125,2019-08-10,1550,021168,,6,2,9,1200,0,1,2,,2,019,US-101,"MURRAY ROAD",528.00,N,N,A,-,Y,,,101,,,,,,,Y,3,0,1,2,A,-,08,22107,,N,F,A,A,A,H,-,A,D,0,,,,,Y,,A,01,0,1,0,0,0,0,0,0,0,"- ","- ",40.958858489990234,-124.11595916748047,HUMBOLDT,UNINCORPORATED,-124.11593627929688,40.958858489990234
91060163,2019,2019-08-27,9125,2019-08-17,1823,021450,,6,2,9,1200,0,1,2,,2,019,"US-101 N/B TO CENTRAL AVENUE OFF-RAMP",SR-200,0.00,,Y,A,-,Y,,,101,,,,R,,N,Y,4,0,2,2,A,-,09,21802,A,N,D,C,A,A,H,-,A,D,0,,,,,Y,,A,01,0,0,2,0,0,0,0,0,0,"- ","- ",40.919189453125,-124.09454345703125,HUMBOLDT,UNINCORPORATED,-124.09454345703125,40.919189453125
91065563,2019,2019-09-03,9125,2019-08-18,2011,020901,,7,2,9,1200,0,1,2,,2,045,US-101,"SHIVELY RD",1300.00,S,N,A,-,Y,,,101,,,,,,,Y,2,0,1,2,A,-,05,21651,A,N,B,C,A,A,H,-,E,D,0,,,,,Y,,A,08,1,0,0,0,0,0,0,0,0,"- ","- ",40.457378387451172,-124.06764984130859,HUMBOLDT,UNINCORPORATED,-124.06766510009766,40.457366943359375
91065612,2019,2019-09-03,9125,2019-08-21,2040,020748,,3,2,9,1200,0,1,2,,2,045,"US-101 S/B","SHIVELY RD",3168.00,N,N,A,-,Y,,,101,,,,,,S,N,3,0,1,2,A,-,08,22107,,N,C,G,A,A,H,-,D,D,0,,Y,,,Y,,A,07,0,1,0,0,0,0,1,0,0,"- ","- ",40.461418151855469,-124.08477020263672,HUMBOLDT,UNINCORPORATED,-124.08476257324219,40.461460113525391
91066361,2019,2019-09-03,9126,2019-08-27,0430,021722,,2,3,9,1200,0,1,2,,1,066,US-101,"BENBOW DRIVE",3168.00,S,N,A,-,Y,,,101,,,,,,,Y,4,0,1,1,A,-,08,22107,,N,F,A,A,A,H,-,C,D,0,,,,,Y,,A,01,0,0,1,0,0,0,0,0,0,"- ","- ",40.035541534423828,-123.78951263427734,HUMBOLDT,UNINCORPORATED,-123.78951263427734,40.035537719726562
9106826,2020,2020-11-09,1203,2020-05-15,1219,4065,P37,5,5,4,1203,0,0,0,,0,002,"BROADWAY ST","VIGO ST",0.00,,Y,A,-,Y,HUM,1,101,-,-,76.740,H,-,S,N,3,0,1,2,A,-,03,22350,,N,C,C,A,A,H,-,A,A,0,,,,,Y,,A,01,0,1,0,0,0,0,0,0,0,"- ","- ",40.7843017578125,-124.18359375,HUMBOLDT,EUREKA,-124.18284606933594,40.784164428710938
9106851,2020,2020-11-13,1203,2020-05-16,0920,4065,P31,6,5,4,1203,0,0,0,,0,002,"BROADWAY ST","14TH ST",0.00,,Y,B,-,Y,HUM,1,101,-,-,77.480,H,-,N,Y,3,0,3,2,A,-,01,23152,A,N,C,C,A,A,H,-,A,A,0,,,,,Y,,A,01,0,2,1,0,0,0,0,0,0,"- ","- ",40.794109344482422,-124.17671203613281,HUMBOLDT,EUREKA,-124.17684936523438,40.793998718261719
9107063,2020,2020-10-05,1203,2020-08-19,1621,4065,P2,3,5,4,1203,0,0,0,,0,001,"RT 101","MILE MARKER 80",329.00,E,N,A,-,Y,,,101,,,,,,,Y,4,0,1,3,A,-,03,22350,,N,C,C,A,A,H,-,A,D,0,,,,,Y,,A,01,0,0,1,0,0,0,0,0,0,"- ","- ",40.802249908447266,-124.16371154785156,HUMBOLDT,EUREKA,-124.16370391845703,40.802211761474609
91070745,2019,2019-09-09,9125,2019-09-02,1545,021450,,1,2,9,1200,0,1,2,,2,019,"US-101 N/B TO CENTRAL AVENUE OFF-RAMP",SR-200,0.00,,Y,B,-,Y,,,101,,,,R,,N,Y,4,0,3,3,A,-,09,21802,A,N,D,C,A,A,H,-,A,D,0,,,,,Y,,A,01,0,0,3,0,0,0,0,0,0,"- ","- ",40.919200897216797,-124.09464263916016,HUMBOLDT,UNINCORPORATED,-124.09464263916016,40.919200897216797
9107100,2020,2020-12-02,1203,2020-09-07,1526,4068,P10,1,5,4,1203,0,0,0,,0,001,"5TH ST","V ST",0.00,,Y,A,-,Y,HUM,1,101,-,-,79.402,I,5,N,Y,3,0,2,2,A,-,12,21453,A,N,D,C,A,A,H,-,A,A,0,,,,,Y,,A,01,0,1,1,0,0,0,0,0,0,"- ","- ",40.803871154785156,-124.14929962158203,HUMBOLDT,EUREKA,-124.14929962158203,40.803852081298828
91071124,2019,2019-09-10,9126,2019-09-03,1050,021102,,2,1,9,1200,0,1,2,,1,066,"US-101 S/B","SPROWEL CREEK ROAD",528.00,S,N,A,-,Y,,,101,,,,,,S,Y,3,0,1,1,A,-,08,22107,,N,E,I,A,A,H,-,A,D,0,,,,,Y,,A,07,0,1,0,0,0,0,0,0,0,"- ","- ",40.09429931640625,-123.79434967041016,HUMBOLDT,UNINCORPORATED,-123.79430389404297,40.094356536865234
9107226,2020,2020-09-22,1203,2020-05-30,1638,4043,P18,6,5,4,1203,0,0,0,,0,001,"RT 101","N ST",99.00,E,N,C,-,Y,HUM,1,101,-,-,79.000,H,-,N,N,2,0,1,3,A,-,11,21954,A,N,G,B,E,B,G,-,A,D,0,Y,,,,Y,,N,60,1,0,0,0,1,0,0,0,0,"- ","- ",40.802989959716797,-124.15836334228516,HUMBOLDT,EUREKA,-124.15679168701172,40.803184509277344
91073264,2019,2019-09-12,9125,2019-09-04,1725,021844,,3,2,9,1200,0,1,2,,1,024,"N/B US-101","INDIANOLA CUTOFF",6864.00,S,N,A,-,Y,,,101,,,,,,,Y,3,0,1,2,A,-,01,23152,A,N,D,C,A,A,H,-,A,A,0,,,,,Y,Y,D,22,0,1,0,0,0,0,0,0,0,"- ","- ",40.809589385986328,-124.11416625976562,HUMBOLDT,UNINCORPORATED,-124.11415100097656,40.809547424316406
9107627,2020,2020-11-09,1203,2020-05-04,2053,4076,P69,1,5,4,1203,0,0,0,,0,002,"RT 101","HILFIKER LN",320.00,S,N,A,-,Y,HUM,1,101,-,-,75.680,H,-,N,Y,2,0,1,1,A,-,03,22350,,N,E,J,A,A,H,-,C,D,0,,,Y,,Y,,C,02,1,0,0,0,0,0,0,0,1,"- ","- ",,,HUMBOLDT,EUREKA,-124.19109344482422,40.771450042724609
91078607,2019,2019-09-19,9125,2019-08-01,2500,019243,,4,4,9,1200,0,1,2,,2,018,US-101,"BIG LAGOON PARK ROAD",12144.00,N,N,B,-,Y,,,101,,,,,,,Y,1,1,0,1,A,-,01,23152,,N,E,I,A,A,H,-,D,D,0,,,,,Y,Y,D,22,0,0,0,0,0,0,0,0,0,"- ","- ",41.178298950195312,-124.10552978515625,HUMBOLDT,UNINCORPORATED,-124.10546112060547,41.178337097167969
91082022,2019,2019-09-24,9125,2019-09-16,1335,020717,,1,1,9,1200,0,1,2,,2,044,"N/B US-101","METROPOLITAN ROAD",1584.00,N,N,A,-,Y,,,101,,,,,,,Y,3,0,1,2,A,-,08,22107,,N,B,C,A,A,H,-,A,D,0,,,,,Y,,A,07,0,1,0,0,0,0,0,0,0,"- ","- ",40.528839111328125,-124.15125274658203,HUMBOLDT,UNINCORPORATED,-124.15131378173828,40.528850555419922
91092057,2019,2019-10-07,9126,2019-09-25,2158,021929,,3,2,9,1200,0,1,2,,2,022,"US-101 NORTHBOUND","ENGLEWOOD UNDERCROSSING",5808.00,S,N,A,-,Y,,,101,,,,,,N,Y,2,0,1,2,A,-,03,22350,,N,C,C,A,A,H,-,D,D,0,,,Y,,Y,,C,02,1,0,0,0,0,0,0,0,1,"- ","- ",40.382160186767578,-123.92854309082031,HUMBOLDT,UNINCORPORATED,-123.9285888671875,40.382144927978516
91107780,2019,2019-10-28,9125,2019-10-17,1233,016577,,4,1,3,1201,0,1,2,,2,022,"US-101 (NB) TO GIUNTOLI LN.","GIUNTOLI LN.",220.00,S,N,B,-,Y,,,101,,,,R,,,Y,4,0,1,2,A,-,03,22350,,N,C,C,A,B,H,-,A,D,0,,,,,Y,,A,01,0,0,1,0,0,0,0,0,0,"- ","- ",40.904178619384766,-124.08535003662109,HUMBOLDT,ARCATA,-124.08535003662109,40.904178619384766
91119003,2019,2019-11-13,9125,2019-11-01,0712,022402,,5,1,9,1200,0,1,2,,2,019,US-101,"MAIN ST",5280.00,N,N,A,-,Y,,,101,,,,,,,Y,3,0,1,1,C,-,18,,,N,E,I,A,A,H,-,B,D,0,,,,,Y,,-,"- ",0,1,0,0,0,0,0,0,0,"- ","- ",41.078090667724609,-124.14322662353516,HUMBOLDT,UNINCORPORATED,-124.14324188232422,41.078086853027344
91120236,2019,2019-11-14,9125,2019-10-25,2029,022154,,5,2,9,1200,0,1,2,,2,044,US-101,"FERNBRIDGE DR",1056.00,N,N,A,-,Y,,,101,,,,,,,Y,3,0,2,3,A,-,01,23152,A,F,D,C,A,A,H,-,D,D,0,,,,,Y,Y,D,22,0,1,1,0,0,0,0,0,0,"- ","- ",40.614521026611328,-124.19471740722656,HUMBOLDT,UNINCORPORATED,-124.19467926025391,40.614593505859375
91123011,2019,2019-11-18,9125,2019-11-09,2030,022297,,6,2,9,1200,0,3,5,,2,001,"US-101 S/B FROM PATRICK'S POINT DRIVE","PATRICKS POINT DR",60.00,S,N,A,-,Y,,,101,,,,R,,S,N,2,0,1,1,C,-,18,,,N,H,A,A,A,H,-,D,D,0,,,,,Y,,-,"- ",1,0,0,0,0,0,0,0,0,"- ","- ",41.136329650878906,-124.14714050292969,HUMBOLDT,UNINCORPORATED,-124.14714050292969,41.136329650878906
91129911,2019,2019-11-26,9125,2019-11-19,0121,022095,,2,3,9,1200,0,1,2,,1,024,"US-101 SOUTHBOUND","5151 N. US-101 (CA REDWOOD COMPANY)",0.00,,Y,C,-,Y,,,101,,,,,,S,N,2,0,1,2,A,-,11,21954,A,N,G,B,D,B,H,-,D,D,0,Y,,,,Y,,N,60,1,0,0,0,1,0,0,0,0,"- ","- ",40.813720703125,-124.10668182373047,HUMBOLDT,UNINCORPORATED,-124.106689453125,40.813735961914062
91131417,2019,2019-11-27,9126,2019-11-23,0815,021846,,6,1,9,1200,0,1,2,,2,044,"US-101 N/B","HOOKER CREEK RD",7920.00,S,N,A,-,Y,,,101,,,,,,N,Y,3,0,1,1,A,-,08,22107,,N,E,I,A,A,H,-,A,D,0,,,,,Y,,A,01,0,1,0,0,0,0,0,0,0,"- ","- ",40.161159515380859,-123.79002380371094,HUMBOLDT,UNINCORPORATED,-123.79004669189453,40.161205291748047
91133136,2019,2019-12-02,9126,2019-11-20,0220,021507,,3,3,9,1200,0,1,2,,1,066,"US-101 SOUTHBOUND","BENBOW DRIVE",1056.00,N,N,A,-,Y,,,101,,,,,,S,Y,4,0,2,1,A,-,03,22350,,N,H,H,A,A,H,-,D,D,0,,,,,Y,,A,01,0,0,2,0,0,0,0,0,0,"- ","- ",40.072708129882812,-123.79096221923828,HUMBOLDT,UNINCORPORATED,-123.79103088378906,40.07269287109375
91134302,2019,2019-12-03,9125,2019-11-26,1743,018064,,2,2,9,1200,0,1,2,,2,030,"US-101 N/B (REDWOOD HIGHWAY)","KING SALMON AVE",1056.00,S,N,C,G,Y,,,101,,,,,,N,Y,2,0,2,2,A,-,03,22350,,N,E,I,A,B,C,-,E,D,0,,,,,Y,,A,01,2,0,0,0,0,0,0,0,0,"- ","- ",40.730560302734375,-124.21433258056641,HUMBOLDT,UNINCORPORATED,-124.21432495117188,40.730560302734375
91145247,2019,2019-12-17,9125,2019-12-09,1815,021559,,1,2,9,1200,0,1,2,,1,024,"US-101 N/B","INDIANOLA CUTOFF",0.00,,Y,A,-,Y,,,101,,,,,,N,Y,2,0,1,2,A,-,12,22450,A,N,D,C,A,A,H,-,C,A,0,,,,,Y,,A,01,1,0,0,0,0,0,0,0,0,"- ","- ",40.820289611816406,-124.09327697753906,HUMBOLDT,UNINCORPORATED,-124.09326171875,40.820259094238281
91146687,2019,2019-12-18,9126,2019-12-07,1034,022033,,6,1,9,1200,0,1,2,,2,022,"US-101 N/B","NEWTON ROAD",5808.00,S,N,B,C,Y,,,101,,,,,,N,Y,3,0,1,1,A,-,03,22350,,N,E,I,A,B,H,-,A,D,0,,,,,Y,,A,07,0,1,0,0,0,0,0,0,0,"- ","- ",40.309249877929688,-123.90508270263672,HUMBOLDT,UNINCORPORATED,-123.90547943115234,40.308811187744141
91150984,2019,2019-12-23,9125,2019-12-11,1920,022314,,3,2,9,1200,0,1,2,,2,045,US-101,"WILDWOOD AVE",5280.00,N,N,B,C,Y,,,101,,,,,,,Y,4,0,1,1,A,-,08,22107,,N,E,I,A,B,H,-,D,D,0,,,,,Y,Y,A,01,0,0,1,0,0,0,0,0,0,"- ","- ",40.510540008544922,-124.12088775634766,HUMBOLDT,UNINCORPORATED,-124.12083435058594,40.510593414306641
91153135,2019,2019-12-26,9125,2019-12-18,1820,021450,,3,2,9,1200,0,1,2,,2,044,"US-101 S/B","SINGLEY RD",1056.00,N,N,C,-,Y,,,101,,,,,,S,Y,3,0,2,2,A,-,07,21658,A,N,D,C,A,B,H,-,C,D,0,,,,,Y,,A,01,0,1,1,0,0,0,0,0,0,"- ","- ",40.622211456298828,-124.2130126953125,HUMBOLDT,UNINCORPORATED,-124.21297454833984,40.622264862060547