CASE_ID,ACCIDENT_YEAR,PROC_DATE,JURIS,COLLISION_DATE,COLLISION_TIME,OFFICER_ID,REPORTING_DISTRICT,DAY_OF_WEEK,CHP_SHIFT,POPULATION,CNTY_CITY_LOC,SPECIAL_COND,BEAT_TYPE,CHP_BEAT_TYPE,CITY_DIVISION_LAPD,CHP_BEAT_CLASS,BEAT_NUMBER,PRIMARY_RD,SECONDARY_RD,DISTANCE,DIRECTION,INTERSECTION,WEATHER_1,WEATHER_2,STATE_HWY_IND,CALTRANS_COUNTY,CALTRANS_DISTRICT,STATE_ROUTE,ROUTE_SUFFIX,POSTMILE_PREFIX,POSTMILE,LOCATION_TYPE,RAMP_INTERSECTION,SIDE_OF_HWY,TOW_AWAY,COLLISION_SEVERITY,NUMBER_KILLED,NUMBER_INJURED,PARTY_COUNT,PRIMARY_COLL_FACTOR,PCF_CODE_OF_VIOL,PCF_VIOL_CATEGORY,PCF_VIOLATION,PCF_VIOL_SUBSECTION,HIT_AND_RUN,TYPE_OF_COLLISION,MVIW,PED_ACTION,ROAD_SURFACE,ROAD_COND_1,ROAD_COND_2,LIGHTING,CONTROL_DEVICE,CHP_ROAD_TYPE,PEDESTRIAN_ACCIDENT,BICYCLE_ACCIDENT,MOTORCYCLE_ACCIDENT,TRUCK_ACCIDENT,NOT_PRIVATE_PROPERTY,ALCOHOL_INVOLVED,STWD_VEHTYPE_AT_FAULT,CHP_VEHTYPE_AT_FAULT,COUNT_SEVERE_INJ,COUNT_VISIBLE_INJ,COUNT_COMPLAINT_PAIN,COUNT_PED_KILLED,COUNT_PED_INJURED,COUNT_BICYCLIST_KILLED,COUNT_BICYCLIST_INJURED,COUNT_MC_KILLED,COUNT_MC_INJURED,PRIMARY_RAMP,SECONDARY_RAMP,LATITUDE,LONGITUDE,COUNTY,CITY,POINT_X,POINT_Y
91154853,2019,2019-12-30,9125,2019-08-27,0058,022297,,2,3,9,1200,0,1,2,,2,044,"US-101 N/B","US-101 S/B TO MAIN STREET OFFRAMP",100.00,S,N,A,-,Y,,,101,,,,,,N,Y,1,1,0,2,A,-,11,21954,A,N,G,B,E,A,H,-,D,D,0,Y,,,,Y,,N,60,0,0,0,1,0,0,0,0,0,"- ","- ",40.599411010742188,-124.1678466796875,HUMBOLDT,UNINCORPORATED,-124.16783905029297,40.599418640136719
91159069,2019,2020-01-03,9126,2019-12-29,2145,021929,,7,2,9,1200,0,1,2,,2,022,"US-101 NORTHBOUND","SR-254 (MYERS FLAT)",4752.00,N,N,A,-,Y,,,101,,,,,,N,Y,3,0,1,1,A,-,01,23152,A,N,F,A,A,B,H,-,D,D,0,,,,,Y,Y,A,01,0,1,0,0,0,0,0,0,0,"- ","- ",40.278110504150391,-123.88513946533203,HUMBOLDT,UNINCORPORATED,-123.88508605957031,40.278160095214844
91161039,2019,2020-01-07,9125,2019-12-29,1201,019116,,7,1,9,1200,0,1,2,,2,030,"US-101 NORTHBOUND","TOMPKINS HILL ROAD",1056.00,N,N,B,C,Y,,,101,,,,,,N,Y,3,0,1,1,C,-,18,,,N,E,I,A,B,H,-,A,D,0,,,,,Y,,-,"- ",0,1,0,0,0,0,0,0,0,"- ","- ",40.714031219482422,-124.21446990966797,HUMBOLDT,UNINCORPORATED,-124.21450042724609,40.714004516601562
91161788,2019,2020-01-08,9125,2019-12-21,1855,016577,,6,2,9,1200,0,1,2,,2,030,"US-101 (NB)","HOOKTON RD.",528.00,N,N,B,C,Y,,,101,,,,,,,Y,4,0,1,3,A,-,01,23152,F,F,B,C,A,B,H,-,D,D,0,,,,,Y,,A,01,0,0,1,0,0,0,0,0,0,"- ","- ",40.673820495605469,-124.20156097412109,HUMBOLDT,UNINCORPORATED,-124.20149230957031,40.673812866210938
91166321,2019,2020-01-15,9126,2019-11-27,1255,022425,,3,1,9,1200,0,1,2,,2,044,"US-101 N/B","SALMON CREEK ROAD OVERCROSSING",3168.00,S,N,C,F,Y,,,101,,,,,,N,Y,1,1,2,2,A,-,03,22350,,N,A,C,A,C,H,-,A,D,0,,,,,Y,,A,07,1,1,0,0,0,0,0,0,0,"- ","- ",40.242691040039062,-123.83159637451172,HUMBOLDT,UNINCORPORATED,-123.83152008056641,40.242691040039062
91167003,2020,2020-01-16,9126,2020-01-01,1238,022420,,3,1,9,1200,0,1,2,,2,044,"US-101 S/B","DEAN CREEK ROAD UNDERCROSSING",1056.00,S,N,A,-,Y,,,101,,,,,,S,Y,2,0,1,1,A,-,08,22107,,N,E,I,A,B,H,-,A,D,0,,,,,Y,,A,07,1,0,0,0,0,0,0,0,0,"- ","- ",40.132320404052734,-123.80478668212891,HUMBOLDT,UNINCORPORATED,-123.80476379394531,40.132358551025391
91170571,2020,2020-01-22,9125,2020-01-14,0838,016714,,2,1,9,1200,0,1,2,,2,030,"US-101 N/B TO HERRICK AVE. OFF-RAMP","ELK RIVER RD.",138.00,W,N,C,-,Y,,,101,,,,R,,N,N,4,0,2,2,A,-,03,22350,,N,C,C,A,B,H,-,A,A,0,,,,,Y,,D,22,0,0,2,0,0,0,0,0,0,"- ","- ",40.757820129394531,-124.18855285644531,HUMBOLDT,UNINCORPORATED,-124.18855285644531,40.757820129394531
91171496,2020,2020-01-23,9125,2020-01-16,1450,019243,,4,2,9,1200,0,1,2,,2,019,"N/B US-101",SR-200,0.00,,Y,B,-,Y,,,101,,,,,,,Y,4,0,1,2,A,-,09,21801,A,N,D,C,A,B,H,-,A,A,0,,,,,Y,,A,07,0,0,1,0,0,0,0,0,0,"- ","- ",40.919219970703125,-124.09462738037109,HUMBOLDT,UNINCORPORATED,-124.09470367431641,40.919124603271484
91172956,2020,2020-01-24,9125,2020-01-17,0010,020946,,5,3,9,1200,0,1,2,,2,030,"US-101 N/B","ORCHARD AVE",3083.00,S,N,C,-,Y,,,101,,,,,,N,Y,3,0,1,1,A,-,08,22107,,N,F,A,A,B,H,-,C,D,0,,,,,Y,,A,07,0,1,0,0,0,0,0,0,0,"- ","- ",40.716220855712891,-124.21552276611328,HUMBOLDT,UNINCORPORATED,-124.21553802490234,40.716217041015625
91173140,2020,2020-01-24,9125,2020-01-14,0110,021919,,2,3,9,1200,0,1,2,,2,019,"US-101 SOUTHBOUND (REDWOOD HIGHWAY)","CLAM BEACH DR",1584.00,N,N,A,-,Y,,,101,,,,,,S,Y,2,0,1,1,A,-,08,22107,,N,E,I,A,B,H,-,D,D,0,,,Y,,Y,,C,02,1,0,0,0,0,0,0,0,1,"- ","- ",41.017238616943359,-124.10664367675781,HUMBOLDT,UNINCORPORATED,-124.10688781738281,41.017276763916016
91176324,2020,2020-01-29,9125,2020-01-24,0215,020946,,5,3,9,1200,0,1,2,,2,017,US-101,"BALD HILLS RD",484.00,S,N,C,-,Y,,,101,,,,,,,Y,3,0,1,1,A,-,08,22107,,N,E,I,A,B,H,-,D,D,0,,,,,Y,Y,D,22,0,1,0,0,0,0,0,0,0,"- ","- ",41.300979614257812,-124.04937744140625,HUMBOLDT,UNINCORPORATED,-124.04940032958984,41.301017761230469
91176669,2020,2020-01-30,9125,2020-01-17,1600,020717,,5,2,9,1200,0,1,2,,2,019,US-101,"MURRAY ROAD",2640.00,S,N,B,-,Y,,,101,,,,,,,Y,3,0,1,1,A,-,08,22107,,N,F,A,A,B,H,-,A,D,0,,,,,Y,,A,07,0,1,0,0,0,0,0,0,0,"- ","- ",40.947429656982422,-124.11640930175781,HUMBOLDT,UNINCORPORATED,-124.1163330078125,40.947429656982422
91179634,2020,2020-02-04,9125,2020-01-28,1420,019243,,2,2,9,1200,0,1,2,,2,018,US-101,"KANE RD",6336.00,S,N,B,-,Y,,,101,,,,,,,Y,4,0,1,1,A,-,08,22107,,N,E,I,A,A,H,-,A,D,0,,,,,Y,,A,07,0,0,1,0,0,0,0,0,0,"- ","- ",41.188259124755859,-124.10765075683594,HUMBOLDT,UNINCORPORATED,-124.10771179199219,41.188224792480469
91180810,2020,2020-02-05,9126,2020-01-29,1844,022033,,3,2,9,1200,0,1,2,,2,044,"US-101 S/B","FRENCH ROAD",5808.00,S,N,B,-,Y,,,101,,,,,,S,Y,3,0,1,1,A,-,08,22107,,N,H,H,A,A,H,-,D,D,0,,,,,Y,,A,01,0,1,0,0,0,0,0,0,0,"- ","- ",40.219478607177734,-123.79782867431641,HUMBOLDT,UNINCORPORATED,-123.79782104492188,40.219512939453125
91185577,2020,2020-02-12,9126,2020-02-01,0753,021836,,6,1,9,1200,0,1,2,,2,022,"US-101 NORTHBOUND","WILLIFORD RD",2376.00,S,N,B,-,Y,,,101,,,,,,N,Y,2,0,3,1,A,-,08,22107,,N,E,I,A,B,H,-,A,D,0,,,,,Y,,A,07,2,0,1,0,0,0,0,0,0,"- ","- ",40.288299560546875,-123.89610290527344,HUMBOLDT,UNINCORPORATED,-123.89601898193359,40.288337707519531
91187972,2020,2020-02-18,9125,2020-01-14,1810,020491,,2,2,9,1200,0,1,2,,1,024,"US-101 N/B (REDWOOD HIGHWAY)","INDIANOLA CUTOFF",0.00,,Y,B,-,Y,,,101,,,,,,N,Y,1,1,0,2,A,-,09,21801,A,N,D,C,A,B,H,-,C,D,0,,,,,Y,,A,07,0,0,0,0,0,0,0,0,0,"- ","- ",40.820301055908203,-124.09320068359375,HUMBOLDT,UNINCORPORATED,-124.09319305419922,40.820289611816406
91188327,2020,2020-02-18,9125,2020-02-15,1335,022402,,6,1,9,1200,0,1,2,,2,030,"US-101 S/B","HOOKTON ROAD",5808.00,S,N,A,-,Y,,,101,,,,,,S,N,4,0,1,1,C,-,18,,,N,B,I,A,A,H,-,A,D,0,,,,,Y,,-,"- ",0,0,1,0,0,0,0,0,0,"- ","- ",40.657100677490234,-124.2073974609375,HUMBOLDT,UNINCORPORATED,-124.20748138427734,40.657199859619141
91193793,2020,2020-02-26,9125,2020-02-18,1255,014643,,2,1,9,1200,0,1,2,,2,019,"US-101 S/B (REDWOOD HIGHWAY)","AIRPORT ROAD",295.00,N,N,A,-,Y,,,101,,,,,,S,Y,4,0,1,2,A,-,08,22107,,N,C,E,A,A,D,-,A,A,0,,,,,Y,,A,01,0,0,1,0,0,0,0,0,0,"- ","- ",40.969940185546875,-124.11605072021484,HUMBOLDT,UNINCORPORATED,-124.11610412597656,40.969940185546875
91202205,2019,2020-03-05,9126,2019-12-18,0920,020706,,3,1,9,1200,0,1,2,,1,066,"US-101 S/B","LAKE BENBOW DRIVE UNDERCROSSING (4-211)",200.00,S,N,B,-,Y,,,101,,,,,,S,Y,1,2,0,2,A,-,01,23152,G,N,A,C,A,B,H,-,A,D,0,,,,,Y,Y,A,01,0,0,0,0,0,0,0,0,0,"- ","- ",40.064918518066406,-123.78562164306641,HUMBOLDT,UNINCORPORATED,-123.78561401367188,40.064926147460938
9120237,2020,2020-09-18,1203,2020-06-08,1059,4101,P37,1,5,4,1203,0,0,0,,0,002,"BROADWAY ST","W HAWTHORNE",632.00,S,N,A,-,Y,HUM,1,101,-,-,77.020,H,-,N,N,4,0,2,3,A,-,03,22350,,N,C,C,A,A,H,-,A,A,0,,,,,Y,,A,01,0,0,2,0,0,0,0,0,0,"- ","- ",,,HUMBOLDT,EUREKA,-124.18058776855469,40.787551879882812
91202427,2020,2020-03-05,9125,2020-02-21,1220,016577,,5,1,3,1201,0,1,2,,2,022,"US101 (NB) TO SR-299 (EB)","US-101 (NB)",100.00,E,N,A,-,Y,,,101,,,,R,,,Y,2,0,1,1,A,-,03,22350,,N,F,A,A,A,A,-,A,D,0,,,Y,,Y,,C,02,1,0,0,0,0,0,0,0,1,"- ","- ",40.897190093994141,-124.08274841308594,HUMBOLDT,ARCATA,-124.08274841308594,40.897190093994141
9120246,2020,2020-09-22,1203,2020-06-06,1917,4061,P37,6,5,4,1203,0,0,0,,0,002,BROADWAY,"W HENDERSON ST",132.00,S,N,A,-,Y,HUM,1,101,-,-,76.630,H,-,S,N,2,0,1,2,A,-,11,21954,A,N,G,B,E,A,H,-,A,D,0,Y,,,Y,Y,,N,60,1,0,0,0,1,0,0,0,0,"- ","- ",,,HUMBOLDT,EUREKA,-124.18380737304688,40.782848358154297
91205796,2020,2020-03-11,9125,2020-03-05,0005,020748,,4,3,9,1200,0,1,2,,2,016,"US-101 N/B","CAL-BARREL RD",6336.00,S,N,A,-,Y,,,101,,,,,,N,Y,4,0,1,1,A,-,08,22107,,N,E,I,A,A,H,-,D,D,0,,,,,Y,,A,01,0,0,1,0,0,0,0,0,0,"- ","- ",41.365470886230469,-123.99034881591797,HUMBOLDT,UNINCORPORATED,-123.99038696289062,41.365436553955078
91208067,2020,2020-03-13,9126,2020-03-05,0400,021827,,4,3,9,1200,0,1,2,,2,022,"US-101 N/B FROM BARKDULL ROAD","BARKDULL ROAD",10.00,N,N,A,-,Y,,,101,,,,R,,N,Y,3,0,1,1,A,-,03,22350,,N,E,I,A,A,H,-,D,A,0,,,,,Y,,A,01,0,1,0,0,0,0,0,0,0,"- ","- ",40.435550689697266,-123.98786163330078,HUMBOLDT,UNINCORPORATED,-123.98786163330078,40.435550689697266
91208547,2020,2020-03-16,9126,2020-03-07,1150,022452,,6,1,9,1200,0,1,2,,1,066,US-101,"BENBOW DRIVE",11616.00,S,N,B,-,Y,,,101,,,,,,,Y,3,0,1,1,A,-,08,22107,,N,E,I,A,B,H,-,A,D,0,,,,,Y,,A,01,0,1,0,0,0,0,0,0,0,"- ","- ",40.022720336914062,-123.79386138916016,HUMBOLDT,UNINCORPORATED,-123.79389190673828,40.022705078125
91212671,2020,2020-03-20,9125,2020-03-14,1025,016577,,6,1,9,1200,0,1,2,,2,044,"US-101 (SB)","FERNBRIDGE DR",528.00,N,N,C,F,Y,,,101,,,,,,,Y,4,0,1,2,A,-,03,22350,,N,C,C,A,C,H,-,A,D,0,,,,,Y,,A,01,0,0,1,0,0,0,0,0,0,"- ","- ",40.613311767578125,-124.1923828125,HUMBOLDT,UNINCORPORATED,-124.19236755371094,40.613323211669922
91213533,2020,2020-03-23,9125,2020-03-13,1725,022095,,5,2,9,1200,0,1,2,,2,030,"US-101 NORTHBOUND","TOMPKINS HILL O/C",500.00,N,N,A,-,Y,,,101,,,,,,N,Y,3,0,1,1,A,-,08,22107,,N,E,I,A,A,H,-,A,D,0,,,,,Y,,A,01,0,1,0,0,0,0,0,0,0,"- ","- ",40.709121704101562,-124.21063995361328,HUMBOLDT,UNINCORPORATED,-124.21073913574219,40.709049224853516
91213876,2020,2020-03-23,9126,2020-03-11,0545,022033,,3,3,9,1200,0,1,2,,2,044,"US-101 SOUTHBOUND","HURLBUTT UNDERCROSSING",110.00,N,N,B,-,Y,,,101,,,,,,S,Y,4,0,1,1,A,-,08,22107,,N,E,I,A,A,H,-,D,D,0,,,,,Y,,D,22,0,0,1,0,0,0,0,0,0,"- ","- ",40.165958404541016,-123.78411102294922,HUMBOLDT,UNINCORPORATED,-123.78409576416016,40.165943145751953
91214656,2020,2020-03-24,9125,2020-03-14,1500,022095,,6,2,9,1200,0,1,2,,2,019,"US-101 SOUTHBOUND FROM CENTRAL AVENUE","MAD RIVER BRIDGE",560.00,N,N,C,F,Y,,,101,,,,R,,S,Y,3,0,1,1,A,-,03,22350,,N,F,A,A,B,H,-,A,D,0,,,Y,,Y,,C,02,0,1,0,0,0,0,0,0,1,"- ","- ",40.919021606445312,-124.09525299072266,HUMBOLDT,UNINCORPORATED,-124.09525299072266,40.919021606445312
91220010,2020,2020-04-02,9125,2020-03-27,1305,018958,,5,1,9,1200,0,1,2,,2,018,US-101,"PATRICKS POINT DR.",6336.00,N,N,A,-,N,,,101,,,,,,,Y,2,0,1,2,A,-,08,22107,,N,E,I,A,A,H,-,A,D,0,,,,,Y,,A,01,1,0,0,0,0,0,0,0,0,"- ","- ",41.151329040527344,-124.13435363769531,HUMBOLDT,UNINCORPORATED,-124.13439178466797,41.151371002197266
91225677,2020,2020-04-15,9125,2020-04-04,1755,020895,,6,2,9,1200,0,1,2,,2,030,"US-101 N/B","KING SALMON AVE",1109.00,S,N,B,-,Y,,,101,,,,,,N,Y,3,0,2,1,A,-,01,23152,A,N,E,I,A,B,H,-,A,D,0,,,,,Y,Y,A,08,0,2,0,0,0,0,0,0,0,"- ","- ",40.734458923339844,-124.21166229248047,HUMBOLDT,UNINCORPORATED,-124.21181488037109,40.734615325927734
91229526,2020,2020-04-27,9125,2020-04-19,1535,022095,,7,2,9,1200,0,1,2,,2,018,"US-101 S/B","MAIN STREET",840.00,N,N,A,-,Y,,,101,,,,,,S,Y,2,0,2,2,C,-,18,,,N,E,I,A,A,H,-,A,D,0,,,,,Y,,-,"- ",1,1,0,0,0,0,0,0,0,"- ","- ",41.060909271240234,-124.13690185546875,HUMBOLDT,UNINCORPORATED,-124.13691711425781,41.060871124267578
91230188,2020,2020-04-27,9126,2020-04-22,1838,021724,,3,2,9,1200,0,1,2,,2,044,"US-101 S/B","HOOKER CREEK ROAD",1360.00,S,N,A,-,Y,,,101,,,,,,S,Y,3,0,1,1,A,-,08,22107,,N,E,I,A,A,H,-,A,D,0,,,,,Y,,D,22,0,1,0,0,0,0,0,0,0,"- ","- ",40.176380157470703,-123.78143310546875,HUMBOLDT,UNINCORPORATED,-123.78137969970703,40.176376342773438
91232647,2020,2020-05-01,9125,2020-04-28,1500,019243,,2,2,9,1200,0,1,2,,2,018,"N/B US-101","6TH AVE",2640.00,N,N,B,-,Y,,,101,,,,,,,Y,3,0,1,1,C,-,18,,,N,E,I,A,A,H,-,A,D,0,,,,,Y,,-,"- ",0,1,0,0,0,0,0,0,0,"- ","- ",41.043018341064453,-124.11557769775391,HUMBOLDT,UNINCORPORATED,-124.11566925048828,41.042972564697266
91234789,2020,2020-05-07,9126,2020-04-30,1505,022033,,4,2,9,1200,0,1,2,,2,044,"US-101 NORTHBOUND","SALMON CREEK ROAD",6336.00,N,N,A,-,Y,,,101,,,,,,N,Y,4,0,1,2,A,-,03,22350,,N,C,C,A,A,H,-,A,D,0,,,,,Y,,A,07,0,0,1,0,0,0,0,0,0,"- ","- ",40.262920379638672,-123.84716796875,HUMBOLDT,UNINCORPORATED,-123.84712219238281,40.262935638427734
91237058,2020,2020-05-13,9125,2020-05-03,0125,021812,,7,3,9,1200,0,1,2,,2,030,"US-101 S/B TO TOMPKINS HILL ROAD","THOMPKINS HILL ROAD",310.00,W,N,B,-,Y,,,101,,,,R,,S,Y,3,0,1,1,A,-,01,23152,A,M,E,I,A,B,H,-,D,D,0,,,,,Y,Y,A,01,0,1,0,0,0,0,0,0,0,"- ","- ",40.705020904541016,-124.20844268798828,HUMBOLDT,UNINCORPORATED,-124.20844268798828,40.705020904541016
91240690,2020,2020-05-21,9125,2020-05-13,0057,021919,,3,3,9,1200,0,1,2,,2,030,"US-101 NORTHBOUND","TOMPKINS HILL RD",2112.00,N,N,A,-,Y,,,101,,,,,,N,Y,3,0,1,2,A,-,03,22350,,N,G,C,A,A,H,-,D,D,0,,,,,Y,,A,01,0,1,0,0,0,0,0,0,0,"- ","- ",40.713531494140625,-124.21408843994141,HUMBOLDT,UNINCORPORATED,-124.21411895751953,40.713504791259766
91240990,2020,2020-05-21,9125,2020-05-16,1530,021559,,6,2,9,1200,0,1,2,,2,044,"US-101 N/B TO FERNBRIDGE DRIVE","FINCH CREEK ROAD",345.00,S,N,C,-,Y,,,101,,,,R,,N,Y,4,0,1,1,A,-,03,22350,,N,F,A,A,B,H,-,A,D,0,,,Y,,Y,,C,02,0,0,1,0,0,0,0,0,1,"- ","- ",40.611129760742188,-124.18959808349609,HUMBOLDT,UNINCORPORATED,-124.18959808349609,40.611129760742188
91241545,2020,2020-05-22,9126,2020-05-12,1550,022516,,2,2,9,1200,0,1,2,,2,044,"US-101 N/B","FRENCH ROAD",2270.00,N,N,B,-,Y,,,101,,,,,,N,Y,3,0,1,1,A,-,01,23152,A,N,E,I,A,B,H,-,A,D,0,,,,,Y,Y,D,22,0,1,0,0,0,0,0,0,0,"- ","- ",40.222301483154297,-123.82489776611328,HUMBOLDT,UNINCORPORATED,-123.82508087158203,40.222126007080078
91242860,2020,2020-05-27,9125,2020-05-16,1537,021450,,6,2,9,1200,0,1,2,,2,045,"US-101 N/B","METROPOLITAN HTS RD",215.00,N,N,C,-,Y,,,101,,,,,,N,Y,3,0,1,2,A,-,09,21802,A,N,C,C,A,B,H,-,A,D,0,,,,,Y,,D,22,0,1,0,0,0,0,0,0,0,"- ","- ",40.519851684570312,-124.14356994628906,HUMBOLDT,UNINCORPORATED,-124.14357757568359,40.51983642578125
91243357,2020,2020-05-27,9126,2020-05-18,1027,022460,,1,1,9,1200,0,1,2,,2,022,"US-101 SOUTHBOUND","BARKDULL ROAD",1056.00,S,N,B,C,Y,,,101,,,,,,S,Y,3,0,1,1,A,-,03,22350,,N,E,I,A,B,H,-,A,D,0,,,,,Y,,A,08,0,1,0,0,0,0,0,0,0,"- ","- ",40.432621002197266,-123.98573303222656,HUMBOLDT,UNINCORPORATED,-123.98575592041016,40.432609558105469
91247148,2020,2020-06-03,9126,2020-05-29,1513,021836,,5,2,9,1200,0,1,2,,2,022,"US-101 SOUTHBOUND","BARKDULL ROAD",8290.00,S,N,A,-,Y,,,101,,,,,,S,Y,2,0,2,2,A,-,05,21650,,F,E,J,A,A,D,-,A,A,0,,,,,Y,,-,99,1,1,0,0,0,0,0,0,0,"- ","- ",40.415370941162109,-123.97756195068359,HUMBOLDT,UNINCORPORATED,-123.97760009765625,40.415294647216797
91247812,2020,2020-06-05,9126,2020-05-30,0800,020706,,6,1,9,1200,0,1,2,,2,044,US-101,"SALMON CREEK RD",37.00,S,N,C,-,Y,,,101,,,,,,,Y,3,0,1,1,A,-,01,23152,F,N,E,I,A,B,H,-,A,D,0,,,,,Y,,A,07,0,1,0,0,0,0,0,0,0,"- ","- ",40.251018524169922,-123.831298828125,HUMBOLDT,UNINCORPORATED,-123.83173370361328,40.250801086425781
91254443,2020,2020-06-19,9125,2020-06-12,1215,021929,,5,1,9,1200,0,1,2,,2,045,"US-101 NORTHBOUND","KENMAR ROAD",20.00,S,N,A,-,Y,,,101,,,,,,N,N,3,0,1,2,A,-,03,22350,,N,C,C,A,A,H,-,A,A,0,,,,,Y,,A,01,0,1,0,0,0,0,0,0,0,"- ","- ",40.575038909912109,-124.14856719970703,HUMBOLDT,UNINCORPORATED,-124.14897918701172,40.574981689453125
91256882,2020,2020-06-24,9126,2020-06-13,1335,021219,,6,1,9,1200,0,1,2,,1,066,"US-101 SOUTHBOUND","SPROWEL CREEK ROAD",2112.00,S,N,B,-,Y,,,101,,,,,,S,Y,2,0,2,1,A,-,08,22107,,N,E,I,A,A,H,-,A,D,0,,,,,Y,,A,07,1,1,0,0,0,0,0,0,0,"- ","- ",40.094169616699219,-123.79415893554688,HUMBOLDT,UNINCORPORATED,-123.79412841796875,40.094203948974609
91260151,2020,2020-06-29,9126,2020-06-18,1015,021219,,4,1,9,1200,0,1,2,,2,044,"US-101 CONN RD. TO SR 254 PHILLIPSVILLE",SR-254,528.00,S,N,A,-,Y,,,101,,,,R,,,Y,3,0,1,2,A,-,01,23152,F,N,C,E,A,A,H,-,A,D,0,,,,,Y,,A,08,0,1,0,0,0,0,0,0,0,"- ","- ",40.181480407714844,-123.77488708496094,HUMBOLDT,UNINCORPORATED,-123.77488708496094,40.181480407714844
91264378,2020,2020-07-07,9125,2020-06-20,1445,022095,,6,2,9,1200,0,1,2,,2,018,"US-101 S/B","KANE ROAD",0.30,N,N,A,-,Y,,,101,,,,,,S,Y,3,0,1,1,A,-,08,22107,,N,E,I,A,A,H,-,A,D,0,,,,,Y,,A,07,0,1,0,0,0,0,0,0,0,"- ","- ",41.208408355712891,-124.11003112792969,HUMBOLDT,UNINCORPORATED,-124.10984039306641,41.2083740234375
91268507,2020,2020-07-14,9125,2020-07-09,1225,021844,,4,1,9,1200,0,1,2,,1,024,"N/B US-101","INDIANOLA CUTOFF",528.00,N,N,A,-,Y,,,101,,,,,,,Y,4,0,1,2,A,-,03,22350,,N,C,C,A,A,D,-,A,A,0,,,,,Y,,A,01,0,0,1,0,0,0,0,0,0,"- ","- ",40.821300506591797,-124.09140014648438,HUMBOLDT,UNINCORPORATED,-124.09136199951172,40.82122802734375
91269310,2020,2020-07-15,9125,2020-07-05,2238,020946,,7,3,3,1201,0,1,2,,2,022,"US-101 S/B FROM SR-255","SAMOA BLVD",671.00,S,N,A,-,Y,,,101,,,,R,,S,Y,3,0,1,1,A,-,01,23152,F,N,F,I,A,A,H,-,C,D,0,,,,,Y,,A,07,0,1,0,0,0,0,0,0,0,"- ","- ",40.861000061035156,-124.08283233642578,HUMBOLDT,ARCATA,-124.08283233642578,40.861000061035156
9127091,2021,2021-02-01,1203,2021-01-07,0750,4084,P18,4,5,4,1203,0,0,0,,0,001,"N ST","5TH ST",0.00,,Y,A,-,Y,HUM,1,101,-,-,78.963,I,5,S,N,3,0,1,2,A,-,10,21950,A,N,G,B,B,A,H,-,A,A,0,Y,,,,Y,,A,07,0,1,0,0,1,0,0,0,0,"- ","- ",,,HUMBOLDT,EUREKA,-124.15751647949219,40.803962707519531
9127095,2021,2021-01-28,1203,2021-01-08,1216,4030,P37,5,5,4,1203,0,0,0,,0,002,"BROADWAY ST","BAYSHORE WY",0.00,,Y,A,-,Y,HUM,1,101,-,-,76.560,I,5,S,N,4,0,2,2,A,-,08,22107,,N,B,C,A,A,H,-,A,A,0,,,,,Y,,A,01,0,0,2,0,0,0,0,0,0,"- ","- ",,,HUMBOLDT,EUREKA,-124.18447113037109,40.781917572021484
91271837,2020,2020-07-21,9125,2020-07-10,1642,022238,,5,2,9,1200,0,1,2,,2,019,"US-101 SOUTHBOUND","MURRAY ROAD",1000.00,N,N,A,-,Y,,,101,,,,,,S,Y,2,0,1,1,C,-,18,,,N,E,I,A,A,H,-,A,D,0,,,,,Y,,-,"- ",1,0,0,0,0,0,0,0,0,"- ","- ",40.959598541259766,-124.11621856689453,HUMBOLDT,UNINCORPORATED,-124.11614227294922,40.959598541259766
91271948,2020,2020-07-21,9125,2020-07-13,0225,020946,,1,3,9,1200,0,1,2,,1,024,"US-101 N/B","INDIANOLA CUTOFF",800.00,N,N,A,-,Y,,,101,,,,,,N,Y,2,0,1,2,A,-,01,23152,A,N,C,C,A,A,D,-,D,A,0,,,,Y,Y,Y,D,22,1,0,0,0,0,0,0,0,0,"- ","- ",40.821601867675781,-124.0906982421875,HUMBOLDT,UNINCORPORATED,-124.09069061279297,40.821575164794922
91273687,2020,2020-07-23,9126,2020-07-14,1800,021102,,2,2,9,1200,0,1,2,,1,066,"US-101 S/B","BENBOW DRIVE",3168.00,N,N,A,-,Y,,,101,,,,,,S,Y,3,0,1,1,A,-,08,22107,,N,E,I,A,A,H,-,A,D,0,,,,,Y,,A,07,0,1,0,0,0,0,0,0,0,"- ","- ",40.045799255371094,-123.78334045410156,HUMBOLDT,UNINCORPORATED,-123.78330230712891,40.045845031738281
91274896,2020,2020-07-27,9125,2020-07-09,1709,020895,,4,2,9,1200,0,1,2,,1,024,"US-101 N/B","INDIANOLA CUTOFF",1320.00,S,N,A,-,Y,,,101,,,,,,N,Y,4,0,2,6,A,-,21,22106,,F,H,A,A,A,H,-,A,D,0,,,,,Y,,-,99,0,0,2,0,0,0,0,0,0,"- ","- ",40.818168640136719,-124.09738922119141,HUMBOLDT,UNINCORPORATED,-124.09737396240234,40.818138122558594