CASE_ID,ACCIDENT_YEAR,PROC_DATE,JURIS,COLLISION_DATE,COLLISION_TIME,OFFICER_ID,REPORTING_DISTRICT,DAY_OF_WEEK,CHP_SHIFT,POPULATION,CNTY_CITY_LOC,SPECIAL_COND,BEAT_TYPE,CHP_BEAT_TYPE,CITY_DIVISION_LAPD,CHP_BEAT_CLASS,BEAT_NUMBER,PRIMARY_RD,SECONDARY_RD,DISTANCE,DIRECTION,INTERSECTION,WEATHER_1,WEATHER_2,STATE_HWY_IND,CALTRANS_COUNTY,CALTRANS_DISTRICT,STATE_ROUTE,ROUTE_SUFFIX,POSTMILE_PREFIX,POSTMILE,LOCATION_TYPE,RAMP_INTERSECTION,SIDE_OF_HWY,TOW_AWAY,COLLISION_SEVERITY,NUMBER_KILLED,NUMBER_INJURED,PARTY_COUNT,PRIMARY_COLL_FACTOR,PCF_CODE_OF_VIOL,PCF_VIOL_CATEGORY,PCF_VIOLATION,PCF_VIOL_SUBSECTION,HIT_AND_RUN,TYPE_OF_COLLISION,MVIW,PED_ACTION,ROAD_SURFACE,ROAD_COND_1,ROAD_COND_2,LIGHTING,CONTROL_DEVICE,CHP_ROAD_TYPE,PEDESTRIAN_ACCIDENT,BICYCLE_ACCIDENT,MOTORCYCLE_ACCIDENT,TRUCK_ACCIDENT,NOT_PRIVATE_PROPERTY,ALCOHOL_INVOLVED,STWD_VEHTYPE_AT_FAULT,CHP_VEHTYPE_AT_FAULT,COUNT_SEVERE_INJ,COUNT_VISIBLE_INJ,COUNT_COMPLAINT_PAIN,COUNT_PED_KILLED,COUNT_PED_INJURED,COUNT_BICYCLIST_KILLED,COUNT_BICYCLIST_INJURED,COUNT_MC_KILLED,COUNT_MC_INJURED,PRIMARY_RAMP,SECONDARY_RAMP,LATITUDE,LONGITUDE,COUNTY,CITY,POINT_X,POINT_Y
91275128,2020,2020-07-27,9125,2020-07-19,1208,016714,,7,1,9,1200,0,1,2,,2,017,"US-101 (REDWOOD HIGHWAY)","KANE RD.",0.00,,Y,A,-,Y,,,101,,,,,,,Y,2,0,6,2,A,-,09,21801,A,N,D,C,A,A,H,-,A,D,0,,,,,Y,,D,22,1,5,0,0,0,0,0,0,0,"- ","- ",41.206031799316406,-124.11004638671875,HUMBOLDT,UNINCORPORATED,-124.11019134521484,41.206039428710938
91275160,2020,2020-07-27,9125,2020-07-21,0125,021812,,2,3,9,1200,0,1,2,,2,030,"US-101 (SOUTHBOUND)","TOMPKINS HILL ROAD",775.00,S,N,B,-,Y,,,101,,,,,,,Y,4,0,1,1,C,-,18,,,N,E,I,A,A,H,-,D,D,0,,,,,Y,,-,"- ",0,0,1,0,0,0,0,0,0,"- ","- ",40.703769683837891,-124.20963287353516,HUMBOLDT,UNINCORPORATED,-124.20961761474609,40.703773498535156
91275165,2020,2020-07-27,9125,2020-07-17,1756,022238,,5,2,9,1200,0,1,2,,2,017,US-101,"MCDONALD CREEK RD",0.00,,Y,A,-,Y,,,101,,,,,,,Y,3,0,1,2,A,-,09,21801,A,N,D,C,A,A,H,-,A,D,0,,,,,Y,,D,22,0,1,0,0,0,0,0,0,0,"- ","- ",41.223190307617188,-124.09310150146484,HUMBOLDT,UNINCORPORATED,-124.09316253662109,41.223320007324219
91278778,2020,2020-07-31,9125,2020-07-22,1926,021450,,3,2,9,1200,0,1,2,,2,045,"US-101 S/B","METROPOLITAN HTS RD",898.00,S,N,B,-,Y,,,101,,,,,,S,Y,2,0,1,2,A,-,03,22350,,N,C,C,A,A,H,-,A,D,0,,,,,Y,,A,01,1,0,0,0,0,0,0,0,0,"- ","- ",40.512889862060547,-124.12625885009766,HUMBOLDT,UNINCORPORATED,-124.12625122070312,40.512905120849609
91279759,2020,2020-08-03,9126,2020-07-23,0144,022033,,4,3,9,1200,0,1,2,,1,066,"US-101 SOUTHBOUND FROM LAKE BENBOW DR.","LAKE BENBOW DRIVE",7.00,S,N,A,-,Y,,,101,,,,R,,S,Y,3,0,1,1,A,-,01,23152,A,N,E,I,A,A,H,-,D,D,0,,,,,Y,Y,A,01,0,1,0,0,0,0,0,0,0,"- ","- ",40.065471649169922,-123.78608703613281,HUMBOLDT,UNINCORPORATED,-123.78608703613281,40.065471649169922
91279960,2020,2020-08-03,9126,2020-07-23,1010,021219,,4,1,9,1200,0,1,2,,2,022,"US-101 S/B TO NEWTON ROAD","NEWTON ROAD",656.00,N,N,A,-,Y,,,101,,,,R,,S,Y,2,0,2,1,A,-,01,23152,F,N,E,I,A,A,H,-,A,D,0,,,,,Y,,D,22,2,0,0,0,0,0,0,0,0,"- ","- ",40.439670562744141,-124.00121307373047,HUMBOLDT,UNINCORPORATED,-124.00121307373047,40.439670562744141
9128024,2020,2020-11-25,1203,2020-07-11,2234,4043,P18,6,5,4,1203,0,0,0,,0,001,"RT 101","O ST",148.00,E,N,A,-,Y,HUM,1,101,-,-,79.060,H,-,N,N,2,0,1,2,A,-,11,21950,B,N,G,B,E,A,H,-,C,D,0,Y,,,,Y,,N,60,1,0,0,0,1,0,0,0,0,"- ","- ",40.803050994873047,-124.15595245361328,HUMBOLDT,EUREKA,-124.15569305419922,40.803333282470703
91280722,2020,2020-08-04,9126,2020-07-23,0945,021507,,4,1,9,1200,0,1,2,,2,022,"US-101 N/B","BARKDULL ROAD",3696.00,N,N,A,-,Y,,,101,,,,,,N,Y,2,0,1,2,A,-,08,22107,,N,F,A,A,A,H,-,A,D,0,,,,,Y,,A,07,1,0,0,0,0,0,0,0,0,"- ","- ",40.439079284667969,-124.00061798095703,HUMBOLDT,UNINCORPORATED,-124.00055694580078,40.439155578613281
91281096,2020,2020-08-05,9126,2020-07-29,1800,021102,,3,2,9,1200,0,1,2,,2,022,"US-101 S/B","HIGH ROCK ROAD",2640.00,S,N,A,-,Y,,,101,,,,,,S,Y,4,0,1,1,A,-,03,22350,,N,E,J,A,A,H,-,A,D,0,,,,,Y,,A,01,0,0,1,0,0,0,0,0,0,"- ","- ",40.369930267333984,-123.92662811279297,HUMBOLDT,UNINCORPORATED,-123.92667388916016,40.369899749755859
91283585,2020,2020-08-10,9126,2020-07-31,1710,022033,,5,2,9,1200,0,1,2,,2,022,"US-101 NORTHBOUND","MYERS FLAT AVENUE",7920.00,N,N,A,-,Y,,,101,,,,,,N,Y,3,0,1,1,A,-,08,22107,,N,E,I,A,A,H,-,A,D,0,,,,,Y,,D,22,0,1,0,0,0,0,0,0,0,"- ","- ",40.304241180419922,-123.89440155029297,HUMBOLDT,UNINCORPORATED,-123.89443206787109,40.304180145263672
91284411,2020,2020-08-11,9125,2020-08-04,0354,020946,,2,3,3,1201,0,1,2,,2,022,"US-101 N/B",SR-255,75.00,N,N,B,-,Y,,,101,,,,,,N,N,4,0,1,2,A,-,03,22350,,N,C,C,A,A,D,-,C,D,0,,,,,Y,,D,22,0,0,1,0,0,0,0,0,0,"- ","- ",40.862739562988281,-124.08267211914062,HUMBOLDT,ARCATA,-124.08266448974609,40.862739562988281
91285846,2020,2020-08-13,9126,2020-08-08,1215,022452,,6,1,9,1200,0,1,2,,2,022,"US-101 NORTHBOUND","BARKDULL ROAD",2640.00,N,N,A,-,Y,,,101,,,,,,N,Y,3,0,1,1,A,-,08,22107,,N,F,A,A,A,H,-,A,D,0,,,,,Y,,A,07,0,1,0,0,0,0,0,0,0,"- ","- ",40.439708709716797,-124.0010986328125,HUMBOLDT,UNINCORPORATED,-124.00114440917969,40.439659118652344
9128623,2020,2020-12-01,1203,2020-08-21,0607,4099,P18,5,5,4,1203,0,0,0,,0,001,"5TH ST","N ST",6.00,W,N,A,-,Y,HUM,1,101,-,-,78.974,I,5,N,N,2,0,1,2,A,-,10,21950,A,N,G,B,B,A,H,-,A,D,0,Y,,,,Y,,J,48,1,0,0,0,1,0,0,0,0,"- ","- ",40.802989959716797,-124.15692138671875,HUMBOLDT,EUREKA,-124.15726470947266,40.803119659423828
91286290,2020,2020-08-14,9125,2020-08-06,1130,019116,,4,1,9,1200,0,1,2,,1,024,"US-101 SOUTHBOUND","INDIANOLA CUTOFF",800.00,N,N,B,-,Y,,,101,,,,,,S,N,4,0,1,2,A,-,08,22107,,F,B,E,A,A,H,-,A,D,0,,,,,Y,,A,08,0,0,1,0,0,0,0,0,0,"- ","- ",40.830371856689453,-124.08280181884766,HUMBOLDT,UNINCORPORATED,-124.08275604248047,40.830356597900391
91286596,2020,2020-08-14,9125,2020-08-06,1030,019243,,4,1,9,1200,0,1,2,,2,018,"S/B US-101 TRINIDAD ON RAMP","MAIN ST",269.00,S,N,A,-,Y,,,101,,,,R,,,Y,3,0,1,2,A,-,03,22350,,N,C,C,A,A,H,-,A,D,0,,,,,Y,,A,01,0,1,0,0,0,0,0,0,0,"- ","- ",41.061618804931641,-124.13896942138672,HUMBOLDT,UNINCORPORATED,-124.13896942138672,41.061618804931641
91288082,2020,2020-08-18,9125,2020-08-10,0717,019116,,1,1,9,1200,0,1,2,,1,024,"US-101 SOUTHBOUND","KOA DRIVE",700.00,N,N,A,-,Y,,,101,,,,,,S,N,3,0,1,1,A,-,08,22107,,N,F,A,A,A,H,-,A,D,0,,Y,,,Y,Y,L,04,0,1,0,0,0,0,1,0,0,"- ","- ",40.830890655517578,-124.08267211914062,HUMBOLDT,UNINCORPORATED,-124.08260345458984,40.83087158203125
91288896,2020,2020-08-19,9125,2020-08-12,1740,022095,,3,2,9,1200,0,1,2,,2,017,US-101,"HILTONS ROAD",528.00,N,N,A,-,Y,,,101,,,,,,,Y,4,0,1,2,A,-,09,21801,A,N,D,C,A,A,H,-,A,D,0,,,,,Y,,A,07,0,0,1,0,0,0,0,0,0,"- ","- ",41.28472900390625,-124.07318878173828,HUMBOLDT,UNINCORPORATED,-124.07318878173828,41.284740447998047
91290294,2020,2020-08-21,9125,2020-08-15,1045,016714,,6,1,3,1201,0,1,2,,2,022,"US-101 S/B (REDWOOD HIGHWAY)","SAMOA BLVD.",328.00,N,N,A,-,Y,,,101,,,,,,S,Y,3,0,1,2,A,-,03,22350,,N,C,C,A,A,H,-,A,D,0,,,Y,,Y,,C,02,0,1,0,0,0,0,0,0,1,"- ","- ",40.863929748535156,-124.08291625976562,HUMBOLDT,ARCATA,-124.08293151855469,40.863929748535156
91291136,2020,2020-08-24,9125,2020-08-16,2230,021929,,7,3,9,1200,0,1,2,,2,045,"US-101 SOUTHBOUND",SR-36,1478.00,S,N,A,-,Y,,,101,,,,,,S,Y,3,0,1,1,A,-,08,22107,,N,E,I,A,A,H,-,D,D,0,,,,,Y,,A,01,0,1,0,0,0,0,0,0,0,"- ","- ",40.543800354003906,-124.14469909667969,HUMBOLDT,UNINCORPORATED,-124.1446533203125,40.543804168701172
91295500,2020,2020-08-28,9126,2020-08-22,1400,021724,,6,2,9,1200,0,1,2,,2,044,"US-101 N/B","HOOKER CREEK ROAD",7392.00,S,N,A,-,Y,,,101,,,,,,N,Y,2,0,1,1,A,-,08,22107,,N,E,I,A,A,H,-,A,D,0,,,,,Y,,D,22,1,0,0,0,0,0,0,0,0,"- ","- ",40.163490295410156,-123.78640747070312,HUMBOLDT,UNINCORPORATED,-123.78645324707031,40.163524627685547
91298594,2020,2020-09-03,9125,2020-08-28,1210,019116,,5,1,9,1200,0,1,2,,2,030,"US-101 SOUTHBOUND","ORCHARD STREET",100.00,S,N,A,-,Y,,,101,,,,,,S,Y,4,0,1,1,C,-,18,,,N,H,H,A,A,H,-,A,D,0,,,,,Y,,-,"- ",0,0,1,0,0,0,0,0,0,"- ","- ",40.721519470214844,-124.21553039550781,HUMBOLDT,UNINCORPORATED,-124.21548461914062,40.721515655517578
91301808,2020,2020-09-09,9125,2020-09-02,2042,021450,,3,2,9,1200,0,1,2,,2,045,"US-101 S/B","METROPOLITAN HTS RD",1584.00,S,N,B,-,Y,,,101,,,,,,S,Y,3,0,1,1,C,-,18,,,N,H,H,A,A,H,-,D,D,0,,,,,Y,,-,"- ",0,1,0,0,0,0,0,0,0,"- ","- ",40.511959075927734,-124.12512969970703,HUMBOLDT,UNINCORPORATED,-124.12510681152344,40.511989593505859
91306477,2020,2020-09-17,9125,2020-09-10,1705,014643,,4,2,9,1200,0,1,2,,2,019,"US-101 S/B FROM CENTRAL ONRAMP","CENTRAL AVENUE",25.00,S,N,A,-,Y,,,101,,,,R,,S,Y,2,0,2,1,A,-,03,22350,,N,E,I,A,A,H,-,A,A,0,,,,,Y,,A,01,2,0,0,0,0,0,0,0,0,"- ","- ",40.994041442871094,-124.11392211914062,HUMBOLDT,UNINCORPORATED,-124.11392211914062,40.994041442871094
91309947,2020,2020-09-23,9125,2020-09-18,0741,021844,,5,1,9,1200,0,1,2,,2,044,"N/B US-101","MAIN STREET",650.00,N,N,C,-,Y,,,101,,,,,,,Y,3,0,2,1,A,-,03,22350,,N,E,I,A,B,H,-,A,D,0,,,,,Y,,A,01,0,2,0,0,0,0,0,0,0,"- ","- ",40.601051330566406,-124.16957855224609,HUMBOLDT,UNINCORPORATED,-124.16962432861328,40.600971221923828
91310095,2020,2020-09-23,9125,2020-09-18,0824,014643,,5,1,9,1200,0,1,2,,2,017,"US-101 (REDWOOD HIGHWAY)","KANE ROAD",3696.00,S,N,B,C,Y,,,101,,,,,,,Y,3,0,1,1,A,-,08,22107,,N,E,I,A,B,H,-,A,D,0,,,,,Y,,A,01,0,1,0,0,0,0,0,0,0,"- ","- ",41.196128845214844,-124.10989379882812,HUMBOLDT,UNINCORPORATED,-124.11003875732422,41.196216583251953
91310325,2020,2020-09-24,9125,2020-07-19,1147,016577,,7,1,9,1200,0,1,2,,2,045,US-101,SR-254,3696.00,N,N,A,-,Y,,,101,,,,,,,N,1,1,0,1,A,-,03,22350,,N,F,A,A,A,H,-,A,D,0,,,Y,,Y,,C,02,0,0,0,0,0,0,0,1,0,"- ","- ",40.447731018066406,-124.03913116455078,HUMBOLDT,UNINCORPORATED,-124.03915405273438,40.447715759277344
91318260,2020,2020-10-06,9126,2020-06-13,1712,022452,,6,2,9,1200,0,1,2,,2,022,"US-101 S/B FROM SORENSON ROAD","SORENSON ROAD",1056.00,S,N,A,-,Y,,,101,,,,R,,S,Y,1,1,3,1,A,-,01,23152,F,N,E,I,A,A,D,-,A,D,0,,,,,Y,,A,01,3,0,0,0,0,0,0,0,0,"- ","- ",40.396858215332031,-123.94674682617188,HUMBOLDT,UNINCORPORATED,-123.94674682617188,40.396858215332031
91324383,2020,2020-10-15,9125,2020-10-07,0540,021919,,3,3,9,1200,0,1,2,,1,024,"US-101 SOUTHBOUND (REDWOOD HIGHWAY)","INDIANOLA CUTOFF",4224.00,S,N,A,-,Y,,,101,,,,,,S,N,3,0,1,2,A,-,11,21956,,N,G,B,E,A,D,-,D,A,0,Y,,,,Y,,N,60,0,1,0,0,1,0,0,0,0,"- ","- ",40.813869476318359,-124.10642242431641,HUMBOLDT,UNINCORPORATED,-124.10642242431641,40.813873291015625
9132779,2020,2020-11-30,1203,2020-08-06,2041,4036,P69,4,5,4,1203,0,0,0,,0,002,BROADWAY,SUNSET,522.00,N,N,A,-,Y,HUM,1,101,-,-,75.520,H,-,N,N,4,0,1,2,A,-,03,22350,,F,C,C,A,A,H,-,C,A,0,,,,,Y,,A,07,0,0,1,0,0,0,0,0,0,"- ","- ",40.769039154052734,-124.19288635253906,HUMBOLDT,EUREKA,-124.19151306152344,40.769119262695312
9132783,2020,2020-11-30,1203,2020-08-03,1254,4042,P37,1,5,4,1203,0,0,0,,0,002,BROADWAY,VIGO,522.00,N,N,A,-,Y,MEN,1,101,-,-,76.870,H,-,S,Y,3,0,1,3,A,-,03,22350,,N,C,C,A,A,H,-,A,D,0,,,,,Y,,A,01,0,1,0,0,0,0,0,0,0,"- ","- ",40.786949157714844,-124.18044281005859,HUMBOLDT,EUREKA,-123.5438232421875,39.779354095458984
9132973,2020,2020-11-30,1203,2020-07-31,1358,4106,P39,5,5,4,1203,0,0,0,,0,002,"W HAWTHORNE ST","BROADWAY ST",0.00,,Y,A,-,Y,MEN,1,101,-,-,77.140,I,5,N,Y,4,0,1,3,A,-,01,23152,A,N,D,C,A,A,H,-,A,A,0,,,,,Y,,A,01,0,0,1,0,0,0,0,0,0,"- ","- ",40.789150238037109,-124.17961883544922,HUMBOLDT,EUREKA,-123.54268646240234,39.781940460205078
91346884,2020,2020-11-17,9125,2020-10-13,1017,014643,,2,1,9,1200,0,1,2,,2,017,"US-101 (REDWOOD HIGHWAY)","BALD HILLS ROAD",4224.00,N,N,A,-,Y,,,101,,,,,,,Y,1,1,2,2,A,-,01,23152,F,N,A,C,A,A,H,-,A,D,0,,,,,Y,,A,07,2,0,0,0,0,0,0,0,0,"- ","- ",41.311130523681641,-124.04592132568359,HUMBOLDT,UNINCORPORATED,-124.04532623291016,41.310897827148438
91350455,2020,2020-11-20,9126,2020-11-11,0020,022452,,3,3,9,1200,0,1,2,,1,066,"US-101 SOUTHBOUND","LAKE BENBOW DR",3168.00,N,N,E,-,Y,,,101,,,,,,S,Y,3,0,1,1,A,-,08,22107,,M,E,I,A,A,H,-,D,D,0,,,,,Y,,D,22,0,1,0,0,0,0,0,0,0,"- ","- ",40.073398590087891,-123.79142761230469,HUMBOLDT,UNINCORPORATED,-123.79119873046875,40.073413848876953
91355536,2020,2020-11-30,9125,2020-11-13,1425,020895,,5,2,9,1200,0,1,2,,2,017,US-101,"DRYDENS RD",150.00,N,N,B,-,Y,,,101,,,,,,,Y,3,0,1,1,A,-,08,22107,,N,E,I,A,B,H,-,A,D,0,,,,,Y,,A,01,0,1,0,0,0,0,0,0,0,"- ","- ",41.287258148193359,-124.05902862548828,HUMBOLDT,UNINCORPORATED,-124.05908966064453,41.287303924560547
91360348,2020,2020-12-07,9125,2020-12-02,1428,020946,,3,2,9,1200,0,1,2,,2,030,"US-101 (SB)","HUMBOLDT HILL RD",1530.00,S,N,A,-,Y,,,101,,,,,,,Y,4,0,2,2,A,-,03,22350,,N,C,C,A,A,H,-,A,A,0,,,,Y,Y,,A,01,0,0,2,0,0,0,0,0,0,"- ","- ",40.742099761962891,-124.20372009277344,HUMBOLDT,UNINCORPORATED,-124.20367431640625,40.742034912109375
91368436,2020,2020-12-16,9125,2020-12-09,1535,020717,,3,2,9,1200,0,1,2,,2,030,"US-101 N/B","LOLETA DRIVE",3696.00,N,N,A,-,Y,,,101,,,,,,N,Y,4,0,2,2,A,-,07,21658,A,N,B,C,A,A,H,-,A,D,0,,,,,Y,,A,07,0,0,2,0,0,0,0,0,0,"- ","- ",40.651599884033203,-124.21127319335938,HUMBOLDT,UNINCORPORATED,-124.21154022216797,40.651557922363281
91372238,2020,2020-12-21,9125,2020-12-16,1555,020717,,3,2,9,1200,0,1,2,,2,030,"N/B US-101","TOMPKINS HILL ROAD",1056.00,S,N,B,C,Y,,,101,,,,,,,Y,3,0,1,1,A,-,03,22350,,N,E,I,A,B,H,-,A,D,0,,,,,Y,,A,01,0,1,0,0,0,0,0,0,0,"- ","- ",40.702999114990234,-124.20908355712891,HUMBOLDT,UNINCORPORATED,-124.20903015136719,40.703033447265625
91380300,2020,2021-01-04,9125,2020-12-31,1651,021450,,4,2,9,1200,0,1,2,,2,045,"US-101 N/B",SR-36,5280.00,S,N,B,-,Y,,,101,,,,,,N,Y,3,0,1,2,A,-,07,21658,A,F,B,C,A,B,H,-,B,D,0,,,,,Y,,A,01,0,1,0,0,0,0,0,0,0,"- ","- ",40.534141540527344,-124.14969635009766,HUMBOLDT,UNINCORPORATED,-124.14963531494141,40.534095764160156
91385212,2021,2021-01-11,9125,2021-01-02,2100,021919,,6,2,9,1200,0,1,2,,2,017,"US-101 (REDWOOD HIGHWAY)","NEWTON B DRURY SCENIC PKY",5280.00,S,N,A,-,Y,,,101,,,,,,,Y,3,0,1,1,A,-,08,22107,,N,E,I,A,B,H,-,D,D,0,,,,,Y,,D,22,0,1,0,0,0,0,0,0,0,"- ","- ",41.454139709472656,-124.03047180175781,HUMBOLDT,UNINCORPORATED,-124.03060913085938,41.453952789306641
91387115,2021,2021-01-13,9125,2021-01-07,1310,014643,,4,1,9,1200,0,1,2,,2,016,"US-101 (REDWOOD HIGHWAY)","HUMBOLDT/DEL NORTE COUNTY LINE",3168.00,S,N,A,-,Y,,,101,,,,,,,Y,3,0,1,1,A,-,01,23152,F,N,F,I,A,B,H,-,A,D,0,,,,,Y,,A,01,0,1,0,0,0,0,0,0,0,"- ","- ",41.454811096191406,-124.03089904785156,HUMBOLDT,UNINCORPORATED,-124.03115081787109,41.454704284667969
91388763,2021,2021-01-18,9125,2021-01-12,1348,016714,,2,1,3,1201,0,1,2,,2,022,"US-101 S/B (REDWOOD HIGHWAY)","SAMOA BLVD.",44.00,N,N,C,-,Y,,,101,,,,,,S,Y,4,0,1,2,C,-,18,,,N,E,I,A,B,H,-,A,D,0,,,,,Y,,-,"- ",0,0,1,0,0,0,0,0,0,"- ","- ",40.862998962402344,-124.08277893066406,HUMBOLDT,ARCATA,-124.08285522460938,40.862995147705078
91396075,2020,2021-01-28,9125,2020-12-18,1955,021450,,5,2,9,1200,0,1,2,,2,044,"US-101 NORTHBOUND","LOLETA DRIVE",3168.00,S,N,B,-,Y,,,101,,,,,,N,Y,1,1,0,3,A,-,00,21461,,N,G,B,D,A,H,-,D,D,0,Y,,,,Y,,N,60,0,0,0,1,0,0,0,0,0,"- ","- ",40.633628845214844,-124.21333312988281,HUMBOLDT,UNINCORPORATED,-124.21334838867188,40.633640289306641
91398209,2021,2021-01-29,9125,2021-01-22,1856,021450,,5,2,9,1200,0,1,2,,2,045,"US-101 NORTHBOUND","WILDWOOD AVE",0.00,,N,C,-,Y,,,101,,,,,,N,Y,4,0,1,2,A,-,01,23152,A,N,E,I,A,B,H,-,D,D,0,,,,,Y,Y,A,01,0,0,1,0,0,0,0,0,0,"- ","- ",40.508140563964844,-124.11834716796875,HUMBOLDT,UNINCORPORATED,-124.11833953857422,40.508152008056641
91399026,2021,2021-01-29,9126,2021-01-24,1405,021049,,7,2,9,1200,0,1,2,,1,066,"RT 101","BENBOW DRIVE",2640.00,S,N,B,C,Y,,,101,,,,,,,Y,3,0,1,1,A,-,08,22107,,N,F,A,A,B,H,-,A,D,0,,,,,Y,,A,01,0,1,0,0,0,0,0,0,0,"- ","- ",40.032680511474609,-123.79309844970703,HUMBOLDT,UNINCORPORATED,-123.79325103759766,40.032718658447266
91406072,2021,2021-02-10,9125,2021-01-30,1850,020895,,6,2,9,1200,0,1,2,,2,019,"US-101 S/B","AIRPORT RD",300.00,N,N,B,-,Y,,,101,,,,,,S,Y,4,0,1,1,A,-,08,22107,,N,E,I,A,B,H,-,D,D,0,,,,,Y,,A,07,0,0,1,0,0,0,0,0,0,"- ","- ",40.969741821289062,-124.11599731445312,HUMBOLDT,UNINCORPORATED,-124.11609649658203,40.969738006591797
91408460,2021,2021-02-16,9125,2021-02-01,0830,014643,,1,1,9,1200,0,1,2,,2,017,"US-101 (REDWOOD HIGHWAY)","ROBINSON ROAD",13.00,S,N,B,C,Y,,,101,,,,,,,Y,3,0,1,1,A,-,01,23152,G,N,E,I,A,B,H,-,A,D,0,,,,,Y,Y,A,01,0,1,0,0,0,0,0,0,0,"- ","- ",41.305850982666016,-124.04508972167969,HUMBOLDT,UNINCORPORATED,-124.04499816894531,41.305908203125
91409802,2021,2021-02-17,9125,2021-02-11,0500,022402,,4,3,9,1200,0,1,2,,2,016,"US-101 S/B","CALTRANS UTILITY DRIVEWAY",257.00,S,N,A,-,Y,,,101,,,,,,S,Y,4,0,1,1,A,-,08,22107,,N,E,I,A,A,H,-,D,D,0,,,,,Y,,A,01,0,0,1,0,0,0,0,0,0,"- ","- ",41.410980224609375,-124.00328063964844,HUMBOLDT,UNINCORPORATED,-124.00334930419922,41.410964965820312
91414290,2021,2021-02-24,9125,2021-02-18,1050,018958,,4,1,9,1200,0,1,2,,1,024,US-101,"BRACUT RD.",0.00,,Y,B,C,N,,,101,,,,,,,Y,2,0,2,2,A,-,09,21801,A,N,D,C,A,B,H,-,A,A,0,,,,,Y,,A,01,1,0,1,0,0,0,0,0,0,"- ","- ",40.827499389648438,-124.08415222167969,HUMBOLDT,UNINCORPORATED,-124.08414459228516,40.827495574951172
91418924,2021,2021-03-02,9125,2021-02-17,1410,018958,,3,2,9,1200,0,1,2,,2,018,US-101,"BIG LAGOON PARK RD",1056.00,N,N,A,-,Y,,,101,,,,,,,Y,4,0,1,1,A,-,08,22107,,N,E,I,A,A,H,-,A,D,0,,,,,Y,,A,01,0,0,1,0,0,0,0,0,0,"- ","- ",41.159011840820312,-124.12122344970703,HUMBOLDT,UNINCORPORATED,-124.1212158203125,41.15899658203125
91420082,2021,2021-03-03,9125,2021-02-22,1607,020946,,1,2,9,1200,0,1,2,,2,030,"US-101 N/B","LOLETA DR",5808.00,N,N,A,-,Y,,,101,,,,,,N,Y,3,0,1,1,A,-,08,22107,,N,F,A,A,A,H,-,A,D,0,,,,,Y,,A,01,0,1,0,0,0,0,0,0,0,"- ","- ",40.619010925292969,-124.20417785644531,HUMBOLDT,UNINCORPORATED,-124.20399475097656,40.619277954101562
91420896,2021,2021-03-04,9125,2021-02-26,1735,021450,,5,2,9,1200,0,1,2,,2,045,"US-101 SOUTHBOUND","METROPOLITAN HTS RD",792.00,S,N,B,-,Y,,,101,,,,,,S,Y,4,0,1,1,A,-,03,22350,,N,E,I,A,A,H,-,A,D,0,,,,,Y,,A,01,0,0,1,0,0,0,0,0,0,"- ","- ",40.513141632080078,-124.12653350830078,HUMBOLDT,UNINCORPORATED,-124.12655639648438,40.513099670410156
91422809,2021,2021-03-08,9126,2021-03-01,0710,021836,,1,1,9,1200,0,1,2,,2,044,"US-101 SOUTHBOUND","SALMON CREEK ROAD",3168.00,N,N,E,-,Y,,,101,,,,,,S,Y,2,0,2,2,A,-,05,21651,A,N,A,C,A,A,H,-,A,D,0,,,,,Y,,A,01,1,1,0,0,0,0,0,0,0,"- ","- ",40.257129669189453,-123.83921051025391,HUMBOLDT,UNINCORPORATED,-123.83919525146484,40.257156372070312
91423700,2021,2021-03-09,9126,2021-03-03,0850,021102,,3,1,9,1200,0,1,2,,2,022,"US-101 S/B","JORDAN ROAD",2640.00,S,N,A,-,Y,,,101,,,,,,S,Y,2,0,1,1,A,-,08,22107,,N,E,I,A,A,H,-,A,D,0,,,,,Y,,A,07,1,0,0,0,0,0,0,0,0,"- ","- ",40.441608428955078,-124.02194976806641,HUMBOLDT,UNINCORPORATED,-124.02193450927734,40.441566467285156
91425319,2021,2021-03-11,9125,2021-03-08,1510,019243,,1,2,9,1200,0,1,2,,2,018,US-101,"6TH AVE",3168.00,N,N,B,C,Y,,,101,,,,,,,Y,3,0,1,1,A,-,03,22350,,N,E,I,A,B,H,-,A,D,0,,,,,Y,,D,22,0,1,0,0,0,0,0,0,0,"- ","- ",41.044471740722656,-124.11673736572266,HUMBOLDT,UNINCORPORATED,-124.11679077148438,41.044422149658203
91425552,2021,2021-03-11,9125,2021-03-05,1724,021450,,5,2,9,1200,0,1,2,,2,045,"US-101 NORTHBOUND","STAFFORD RD",4224.00,S,N,C,-,Y,,,101,,,,,,N,Y,3,0,2,1,A,-,03,22350,,N,E,I,A,B,H,-,D,D,0,,,,,Y,,A,01,0,1,1,0,0,0,0,0,0,"- ","- ",40.452541351318359,-124.04506683349609,HUMBOLDT,UNINCORPORATED,-124.04505920410156,40.452556610107422