CASE_ID,ACCIDENT_YEAR,PROC_DATE,JURIS,COLLISION_DATE,COLLISION_TIME,OFFICER_ID,REPORTING_DISTRICT,DAY_OF_WEEK,CHP_SHIFT,POPULATION,CNTY_CITY_LOC,SPECIAL_COND,BEAT_TYPE,CHP_BEAT_TYPE,CITY_DIVISION_LAPD,CHP_BEAT_CLASS,BEAT_NUMBER,PRIMARY_RD,SECONDARY_RD,DISTANCE,DIRECTION,INTERSECTION,WEATHER_1,WEATHER_2,STATE_HWY_IND,CALTRANS_COUNTY,CALTRANS_DISTRICT,STATE_ROUTE,ROUTE_SUFFIX,POSTMILE_PREFIX,POSTMILE,LOCATION_TYPE,RAMP_INTERSECTION,SIDE_OF_HWY,TOW_AWAY,COLLISION_SEVERITY,NUMBER_KILLED,NUMBER_INJURED,PARTY_COUNT,PRIMARY_COLL_FACTOR,PCF_CODE_OF_VIOL,PCF_VIOL_CATEGORY,PCF_VIOLATION,PCF_VIOL_SUBSECTION,HIT_AND_RUN,TYPE_OF_COLLISION,MVIW,PED_ACTION,ROAD_SURFACE,ROAD_COND_1,ROAD_COND_2,LIGHTING,CONTROL_DEVICE,CHP_ROAD_TYPE,PEDESTRIAN_ACCIDENT,BICYCLE_ACCIDENT,MOTORCYCLE_ACCIDENT,TRUCK_ACCIDENT,NOT_PRIVATE_PROPERTY,ALCOHOL_INVOLVED,STWD_VEHTYPE_AT_FAULT,CHP_VEHTYPE_AT_FAULT,COUNT_SEVERE_INJ,COUNT_VISIBLE_INJ,COUNT_COMPLAINT_PAIN,COUNT_PED_KILLED,COUNT_PED_INJURED,COUNT_BICYCLIST_KILLED,COUNT_BICYCLIST_INJURED,COUNT_MC_KILLED,COUNT_MC_INJURED,PRIMARY_RAMP,SECONDARY_RAMP,LATITUDE,LONGITUDE,COUNTY,CITY,POINT_X,POINT_Y
91427268,2021,2021-03-15,9126,2021-03-05,2100,021827,,5,2,9,1200,0,1,2,,2,022,"US-101 NORTHBOUND","PESULA ROAD",7920.00,N,N,C,-,Y,,,101,,,,,,N,Y,3,0,1,1,A,-,03,22350,,N,E,I,A,B,H,-,D,D,0,,,,,Y,,A,01,0,1,0,0,0,0,0,0,0,"- ","- ",40.313869476318359,-123.91335296630859,HUMBOLDT,UNINCORPORATED,-123.91335296630859,40.313869476318359
91427713,2021,2021-03-15,9125,2021-03-09,1440,020946,,2,2,9,1200,0,1,2,,2,030,"US-101 N/B","TOMPKINS HILL RD",1353.00,S,N,C,F,Y,,,101,,,,,,N,Y,4,0,2,1,A,-,03,22350,,N,E,I,A,C,H,-,A,D,0,,,,,Y,,A,01,0,0,2,0,0,0,0,0,0,"- ","- ",40.702411651611328,-124.208740234375,HUMBOLDT,UNINCORPORATED,-124.2086181640625,40.702545166015625
91432158,2021,2021-03-22,9125,2021-03-13,2033,021450,,6,2,9,1200,0,1,2,,2,045,"US-101 NORTHBOUND","WILDWOOD AVE",2640.00,N,N,A,-,Y,,,101,,,,,,N,Y,4,0,1,1,A,-,08,22107,,N,E,I,A,A,H,-,D,D,0,,,,,Y,,A,01,0,0,1,0,0,0,0,0,0,"- ","- ",40.508209228515625,-124.11830139160156,HUMBOLDT,UNINCORPORATED,-124.11833953857422,40.508155822753906
91433075,2021,2021-03-23,9126,2021-01-04,1717,021102,,1,2,9,1200,0,1,2,,2,022,"US-101 S/B","HIGH ROCK ROAD UNDERCROSSING",2904.00,N,N,B,C,Y,,,101,,,,,,S,Y,1,1,0,1,A,-,08,22107,,N,E,I,A,B,H,-,B,D,0,,,,,Y,,D,22,0,0,0,0,0,0,0,0,0,"- ","- ",40.383480072021484,-123.92913055419922,HUMBOLDT,UNINCORPORATED,-123.92913055419922,40.383480072021484
91438993,2021,2021-03-30,9125,2021-03-25,1520,020895,,4,2,9,1200,0,1,2,,1,024,"US-101 N/B","HARPER MOTORS DRIVEWAY",0.00,,Y,A,-,Y,,,101,,,,,,N,Y,2,0,2,2,A,-,09,21802,A,N,D,C,A,A,H,-,A,A,0,,,,,Y,,A,07,1,0,1,0,0,0,0,0,0,"- ","- ",40.809539794921875,-124.11405181884766,HUMBOLDT,UNINCORPORATED,-124.11407470703125,40.809585571289062
91439736,2021,2021-03-30,9125,2021-03-24,1804,020946,,3,2,9,1200,0,1,2,,2,045,"US-101 S/B","METROPOLITAN HTS RD",1035.00,N,N,B,-,Y,,,101,,,,,,S,Y,3,0,1,2,A,-,03,22350,,N,C,C,A,B,H,-,A,D,0,,,,,Y,,A,01,0,1,0,0,0,0,0,0,0,"- ","- ",40.515529632568359,-124.132568359375,HUMBOLDT,UNINCORPORATED,-124.13257598876953,40.515514373779297
91443141,2021,2021-04-05,9125,2021-03-30,1430,019243,,2,2,9,1200,0,1,2,,2,018,US-101,"KANE RD",528.00,S,N,A,-,Y,,,101,,,,,,,Y,2,0,1,1,A,-,08,22107,,N,E,I,A,A,H,-,A,D,0,,,,,Y,,A,01,1,0,0,0,0,0,0,0,0,"- ","- ",41.200908660888672,-124.1102294921875,HUMBOLDT,UNINCORPORATED,-124.11043548583984,41.200916290283203
91457573,2021,2021-04-26,9125,2021-04-03,2322,021812,,6,3,9,1200,0,1,2,,2,030,"US-101 S/B TO TOMPKINS HILL ROAD","TOMPKINS HILL RD",1848.00,N,N,B,-,Y,,,101,,,,R,,S,Y,3,0,1,1,A,-,01,23152,A,N,F,A,A,A,H,-,C,D,0,,,,,Y,Y,D,22,0,1,0,0,0,0,0,0,0,"- ","- ",40.709121704101562,-124.2113037109375,HUMBOLDT,UNINCORPORATED,-124.2113037109375,40.709121704101562
91467914,2021,2021-05-27,9126,2021-05-03,2100,021827,,1,2,9,1200,0,1,2,,2,022,"US-101 N/B","SORENSON ROAD",7920.00,N,N,A,-,Y,,,101,,,,,,N,Y,3,0,2,2,A,-,08,22107,,N,D,C,A,A,H,-,D,D,0,,,,,Y,,A,07,0,1,1,0,0,0,0,0,0,"- ","- ",40.414131164550781,-123.96665954589844,HUMBOLDT,UNINCORPORATED,-123.96665954589844,40.414093017578125
91469516,2021,2021-05-27,9125,2021-05-02,1515,020717,,7,2,9,1200,0,1,2,,2,022,"S/B US-101","INDIANOLA CUTOFF",20.00,N,N,A,G,Y,,,101,,,,,,,N,4,0,1,2,A,-,07,21658,A,N,B,G,A,A,H,-,A,D,0,,Y,,,Y,,L,04,0,0,1,0,0,0,1,0,0,"- ","- ",40.820590972900391,-124.09326171875,HUMBOLDT,UNINCORPORATED,-124.09326934814453,40.820610046386719
91470511,2021,2021-05-27,9125,2021-04-30,1630,022314,,5,2,9,1200,0,1,2,,2,030,"S/B US-101","LOLETA DR",1056.00,N,N,B,-,Y,,,101,,,,,,,Y,3,0,1,1,A,-,08,22107,,N,E,I,A,A,H,-,A,D,0,,,Y,,Y,,C,02,0,1,0,0,0,0,0,0,1,"- ","- ",40.645130157470703,-124.20852661132812,HUMBOLDT,UNINCORPORATED,-124.20847320556641,40.645133972167969
91472513,2021,2021-05-27,9125,2021-04-28,1240,018958,,3,1,9,1200,0,1,2,,2,030,US-101,"TOMPKINS HILL RD U/C",1056.00,N,N,A,-,N,,,101,,,,,,,N,3,0,1,1,A,-,08,22107,,N,F,A,A,A,H,-,A,D,0,,,Y,,Y,,C,02,0,1,0,0,0,0,0,0,1,"- ","- ",40.708480834960938,-124.21121215820312,HUMBOLDT,UNINCORPORATED,-124.21075439453125,40.708827972412109
91473364,2021,2021-05-27,9125,2021-05-07,1805,021919,,5,2,9,1200,0,1,2,,2,017,US-101,"DAVISON ROAD",1056.00,N,N,A,-,Y,,,101,,,,,,,N,3,0,1,1,A,-,08,22107,,N,F,A,A,A,H,-,A,D,0,,,Y,,Y,,C,02,0,1,0,0,0,0,0,0,1,"- ","- ",41.323238372802734,-124.03775787353516,HUMBOLDT,UNINCORPORATED,-124.03775787353516,41.3232421875
91476778,2021,2021-05-27,9126,2021-05-10,0036,022033,,1,3,9,1200,0,1,2,,2,022,"US-101 NORTHBOUND","DYERVILLE LOOP ROAD.",7920.00,N,N,A,G,Y,,,101,,,,,,N,Y,4,0,1,1,A,-,03,22350,,N,E,J,A,A,H,-,D,D,0,,,,,Y,,A,07,0,0,1,0,0,0,0,0,0,"- ","- ",40.372470855712891,-123.92677307128906,HUMBOLDT,UNINCORPORATED,-123.92666625976562,40.372428894042969
91478028,2021,2021-05-27,9125,2021-05-11,1600,019243,,2,2,9,1200,0,1,2,,2,019,"N/B US-101",SR-200,0.00,,Y,A,-,Y,,,101,,,,,,,Y,3,0,1,2,A,-,09,21801,A,N,D,C,A,A,H,-,A,A,0,,,,,Y,,A,01,0,1,0,0,0,0,0,0,0,"- ","- ",40.919231414794922,-124.09456634521484,HUMBOLDT,UNINCORPORATED,-124.09467315673828,40.919097900390625
91479692,2021,2021-05-27,9125,2021-05-08,1112,014643,,6,1,9,1200,0,1,2,,2,022,"US-101 (REDWOOD HIGHWAY)","BAYSIDE CUTOFF",0.00,,Y,A,-,Y,,,101,,,,,,,Y,2,0,1,2,A,-,09,21803,A,N,D,C,A,A,H,-,A,A,0,,,Y,,Y,,D,22,1,0,0,0,0,0,0,0,1,"- ","- ",40.834999084472656,-124.081787109375,HUMBOLDT,UNINCORPORATED,-124.08180236816406,40.834999084472656
91479956,2021,2022-02-18,9125,2021-05-03,2308,022238,,1,3,9,1200,0,1,2,,1,024,"US-101 SOUTHBOUND","BAYSIDE CUTTOFF",2112.00,N,N,A,-,Y,,,101,,,,,,S,Y,3,0,1,2,A,-,01,23152,A,N,B,C,A,A,H,-,D,D,0,,,,,Y,Y,-,"- ",0,1,0,0,0,0,0,0,0,"- ","- ",40.840011596679688,-124.08219909667969,HUMBOLDT,UNINCORPORATED,-124.08213806152344,40.840007781982422
91483022,2021,2021-05-27,9125,2021-05-16,1030,020424,,7,1,9,1200,0,1,2,,2,017,US-101,"OLD STATE HIGHWAY",3696.00,N,N,B,-,Y,,,101,,,,,,,Y,3,0,1,2,A,-,08,22107,,N,C,G,A,A,H,-,A,D,0,,Y,,,Y,,A,01,0,1,0,0,0,0,1,0,0,"- ","- ",41.261329650878906,-124.09693145751953,HUMBOLDT,UNINCORPORATED,-124.09696197509766,41.261322021484375
91491668,2021,2021-06-08,9126,2021-05-27,0520,022033,,4,3,9,1200,0,1,2,,2,022,"US-101 NORTHBOUND","PESULA ROAD",50.00,S,N,A,-,Y,,,101,,,,,,N,Y,3,0,1,1,A,-,08,22107,,N,E,I,A,A,H,-,D,D,0,,,,,Y,,A,01,0,1,0,0,0,0,0,0,0,"- ","- ",40.30548095703125,-123.90081024169922,HUMBOLDT,UNINCORPORATED,-123.90079498291016,40.305530548095703
91493427,2021,2021-06-09,9126,2021-05-28,1449,022452,,5,2,9,1200,0,1,2,,2,044,US-101,"DEAN CREEK OVERCROSSING",2640.00,S,N,A,-,Y,,,101,,,,,,,N,3,0,2,2,A,-,01,23152,A,N,C,C,A,A,H,-,A,D,0,,,,,Y,Y,A,01,0,1,1,0,0,0,0,0,0,"- ","- ",40.1339111328125,-123.806640625,HUMBOLDT,UNINCORPORATED,-123.80667114257812,40.133884429931641
91497119,2021,2021-06-15,9126,2021-06-08,0200,021836,,2,3,9,1200,0,1,2,,1,066,"US-101 NORTHBOUND","LAKE BENBOW DRIVE",1584.00,N,N,A,-,Y,,,101,,,,,,N,Y,3,0,2,1,A,-,08,22107,,N,E,I,A,A,H,-,D,D,0,,,,,Y,,A,07,0,2,0,0,0,0,0,0,0,"- ","- ",40.060310363769531,-123.78378295898438,HUMBOLDT,UNINCORPORATED,-123.78385162353516,40.060367584228516
9149747,2020,2020-12-02,1203,2020-08-31,0747,4044,P51,1,5,4,1203,0,0,0,,0,002,"BROADWAY ST","HIGHLAND ST",0.00,,Y,A,-,Y,HUM,1,101,-,-,75.990,I,5,N,Y,3,0,1,2,A,-,09,21802,A,N,D,C,A,A,H,-,A,D,0,,,,,Y,,A,01,0,1,0,0,0,0,0,0,0,"- ","- ",40.774990081787109,-124.19001007080078,HUMBOLDT,EUREKA,-124.19033813476562,40.775344848632812
91501875,2021,2021-06-21,9126,2021-06-11,1320,021219,,5,1,9,1200,0,1,2,,2,044,US-101,"HOOKER CREEK ROAD",10032.00,S,N,A,-,Y,,,101,,,,,,,Y,4,0,1,4,A,-,08,22107,,N,B,C,A,A,H,-,A,D,0,,,,Y,Y,,A,01,0,0,1,0,0,0,0,0,0,"- ","- ",40.164161682128906,-123.78591918945312,HUMBOLDT,UNINCORPORATED,-123.78594207763672,40.164176940917969
91502053,2021,2021-06-21,9125,2021-06-12,0650,018958,,6,1,9,1200,0,1,2,,2,017,US-101,"KANE RD.",5280.00,S,N,B,-,N,,,101,,,,,,,Y,4,0,1,2,A,-,08,22107,,N,A,C,A,B,H,-,A,D,0,,,,,Y,,A,07,0,0,1,0,0,0,0,0,0,"- ","- ",41.175861358642578,-124.10275268554688,HUMBOLDT,UNINCORPORATED,-124.10274505615234,41.175861358642578
91506516,2021,2021-06-25,9125,2021-06-18,1600,022297,,5,2,9,1200,0,1,2,,2,030,"US-101 (N/B)","FIELDS LANDING DR",200.00,S,N,A,-,Y,,,101,,,,,,,Y,3,0,1,1,A,-,08,22107,,N,E,I,A,A,H,-,A,D,0,,,,,Y,,A,07,0,1,0,0,0,0,0,0,0,"- ","- ",40.760261535644531,-124.18962097167969,HUMBOLDT,UNINCORPORATED,-124.18971252441406,40.760227203369141
91507616,2021,2021-06-28,9126,2021-06-23,0545,021846,,3,3,9,1200,0,1,2,,1,066,US-101,"BENBOW DRIVE",3960.00,S,N,A,-,Y,,,101,,,,,,,Y,3,0,1,1,A,-,08,22107,,N,E,I,A,A,H,-,B,D,0,,,,,Y,,D,22,0,1,0,0,0,0,0,0,0,"- ","- ",40.031879425048828,-123.79358673095703,HUMBOLDT,UNINCORPORATED,-123.79360198974609,40.031883239746094
9150969,2019,2020-12-02,1203,2019-10-23,1655,4103,P15,3,5,4,1203,0,0,0,,0,001,"RT 101","A ST",0.00,,Y,B,-,Y,HUM,1,101,-,-,78.226,I,5,N,N,4,0,1,2,A,-,09,21802,A,N,D,C,A,A,H,-,A,A,0,,,,,Y,,A,07,0,0,1,0,0,0,0,0,0,"- ","- ",40.800350189208984,-124.17111206054688,HUMBOLDT,EUREKA,-124.17131805419922,40.801162719726562
91511030,2021,2021-07-01,9125,2021-06-27,0010,020717,,7,3,9,1200,0,1,2,,2,030,"S/B US-101","HUMBOLDT HILL RD",2112.00,N,N,B,-,Y,,,101,,,,,,,Y,3,0,1,1,A,-,08,22107,,N,E,I,A,A,H,-,D,D,0,,,,,Y,,D,22,0,1,0,0,0,0,0,0,0,"- ","- ",40.749771118164062,-124.19465637207031,HUMBOLDT,UNINCORPORATED,-124.19463348388672,40.749744415283203
91516948,2021,2021-07-09,9125,2021-07-01,1028,021844,,4,1,9,1200,0,1,2,,2,030,"N/B US-101","FIELDS LANDING DR",5808.00,S,N,B,-,Y,,,101,,,,,,,N,3,0,1,2,A,-,07,21658,A,N,C,C,A,A,H,-,A,D,0,,,,,Y,,D,22,0,1,0,0,0,0,0,0,0,"- ","- ",40.710411071777344,-124.21157073974609,HUMBOLDT,UNINCORPORATED,-124.21170043945312,40.710315704345703
91521445,2021,2021-07-15,9126,2021-07-04,1500,022452,,7,2,9,1200,0,1,2,,2,022,"US-101 N/B TO SR-254 (DYERVILLE)",SR-254,296.00,S,N,A,-,Y,,,101,,,,R,,N,Y,3,0,1,1,A,-,08,22107,,N,E,I,A,A,H,-,A,D,0,,,,,Y,,A,01,0,1,0,0,0,0,0,0,0,"- ","- ",40.352779388427734,-123.92716979980469,HUMBOLDT,UNINCORPORATED,-123.92716979980469,40.352779388427734
91524927,2021,2021-07-20,9125,2021-07-08,1845,020717,,4,2,9,1200,0,1,2,,2,019,"NORTHBOUND US-101","GUINTOLI LANE",1584.00,N,N,A,-,Y,,,101,,,,,,,Y,2,0,1,1,A,-,08,22107,,N,E,I,A,A,H,-,A,D,0,,,,,Y,,D,22,1,0,0,0,0,0,0,0,0,"- ","- ",40.909889221191406,-124.08941650390625,HUMBOLDT,UNINCORPORATED,-124.08950042724609,40.90985107421875
91526993,2021,2021-07-23,9125,2021-07-13,2358,021812,,2,3,9,1200,0,1,2,,2,045,"US-101 (SOUTHBOUND)","METROPOLITAN ROAD",0.30,N,N,C,-,Y,,,101,,,,,,,Y,3,0,1,1,A,-,01,23152,A,N,E,I,A,B,H,-,D,D,0,,,,,Y,Y,D,22,0,1,0,0,0,0,0,0,0,"- ","- ",40.519840240478516,-124.14405059814453,HUMBOLDT,UNINCORPORATED,-124.14403533935547,40.519878387451172
91533515,2021,2021-07-30,9125,2021-07-21,2130,021329,,3,2,9,1200,0,1,S,,2,904,US-101,"BIG LAGOON PARK ROAD",8342.00,N,N,A,-,Y,,,101,,,,,,,N,4,0,1,1,A,-,08,22107,,N,E,I,A,A,H,-,D,D,0,,,,,Y,,A,08,0,0,1,0,0,0,0,0,0,"- ","- ",41.1685791015625,-124.10224914550781,HUMBOLDT,UNINCORPORATED,-124.10231018066406,41.168601989746094
91533781,2021,2021-07-30,9125,2021-07-24,1200,018958,,6,1,9,1200,0,1,2,,2,017,US-101,"SKUNK CABBAGE RD.",150.00,S,N,A,-,N,,,101,,,,,,,Y,2,0,1,2,A,-,03,22350,,N,C,C,A,A,H,-,A,D,0,,,Y,,Y,,C,02,1,0,0,0,0,0,0,0,1,"- ","- ",41.305641174316406,-124.04474639892578,HUMBOLDT,UNINCORPORATED,-124.04475402832031,41.305637359619141
91541372,2021,2021-08-10,9125,2021-07-29,0905,016577,,4,1,9,1200,0,1,2,,2,030,"US-101 (NB)","TOMPKINS HILL RD.",3696.00,S,N,B,-,Y,,,101,,,,,,,N,3,0,1,1,A,-,08,22107,,N,E,I,A,A,H,-,A,D,0,,,,,Y,,D,22,0,1,0,0,0,0,0,0,0,"- ","- ",40.697151184082031,-124.20356750488281,HUMBOLDT,UNINCORPORATED,-124.20370483398438,40.697116851806641
91551607,2021,2021-08-23,9126,2021-08-16,0200,022033,,1,3,9,1200,0,1,2,,1,066,US-101,"BENBOW DRIVE",6864.00,S,N,A,-,Y,,,101,,,,,,,Y,4,0,1,1,A,-,08,22107,,N,E,J,A,A,H,-,D,D,0,,,,,Y,,A,01,0,0,1,0,0,0,0,0,0,"- ","- ",40.019950866699219,-123.79194641113281,HUMBOLDT,UNINCORPORATED,-123.79216003417969,40.019790649414062
91554405,2021,2021-08-25,9125,2021-08-07,0310,022297,,6,3,9,1200,0,3,5,,2,004,"US-101 (N/B) FROM LOLETA DRIVE","LOELTA DRIVE",68.50,N,N,B,-,Y,,,101,,,,R,,,Y,4,0,1,1,A,-,08,22107,,N,F,A,A,B,H,-,D,D,0,,,,,Y,,J,48,0,0,1,0,0,0,0,0,0,"- ","- ",40.641960144042969,-124.20851898193359,HUMBOLDT,UNINCORPORATED,-124.20851898193359,40.641960144042969
91557557,2021,2021-08-30,9125,2021-08-19,1822,021450,,4,2,9,1200,0,1,2,,2,018,"US-101 S/B","KANE RD",3696.00,N,N,A,-,Y,,,101,,,,,,S,Y,3,0,1,1,A,-,08,22107,,N,F,A,A,A,H,-,A,D,0,,,,,Y,,A,07,0,1,0,0,0,0,0,0,0,"- ","- ",41.214611053466797,-124.10845184326172,HUMBOLDT,UNINCORPORATED,-124.10834503173828,41.214584350585938
91573700,2021,2021-09-20,9125,2021-09-09,0925,016577,,4,1,9,1200,0,1,2,,2,044,"US-101 (SB)","FERNBRIDGE DR.",1056.00,S,N,B,-,Y,,,101,,,,,,,N,4,0,1,3,A,-,03,22350,,N,C,C,A,A,H,-,A,D,0,,,,,Y,,D,22,0,0,1,0,0,0,0,0,0,"- ","- ",40.610298156738281,-124.18904876708984,HUMBOLDT,UNINCORPORATED,-124.18901062011719,40.610343933105469
91579588,2021,2021-09-27,9125,2021-09-13,1456,020895,,1,2,9,1200,0,1,2,,2,044,"US-101 S/B",SR-36,2640.00,S,N,A,-,Y,,,101,,,,,,S,Y,3,0,1,1,A,-,08,22107,,N,E,I,A,A,H,-,A,D,0,,,,,Y,,A,01,0,1,0,0,0,0,0,0,0,"- ","- ",40.541568756103516,-124.14485168457031,HUMBOLDT,UNINCORPORATED,-124.1448974609375,40.541587829589844
91579625,2021,2021-09-27,9125,2021-09-21,1525,021919,,2,2,9,1200,0,1,2,,2,044,"US-101 NORTHBOUND TO FERNBRIDGE DRIVE","FERNBRIDGE DRIVE",780.00,S,N,A,-,Y,,,101,,,,R,,N,N,4,0,1,2,A,-,08,22107,,N,H,G,A,A,H,-,A,D,0,,Y,,,Y,,L,04,0,0,1,0,0,0,1,0,0,"- ","- ",40.610881805419922,-124.18924713134766,HUMBOLDT,UNINCORPORATED,-124.18924713134766,40.610881805419922
91590651,2021,2021-10-07,9125,2021-09-18,0700,019243,,6,1,9,1200,0,1,2,,2,016,"US-101 (NB)","NEWTON B DRURY SCENIC PKY",29040.00,S,N,B,C,Y,,,101,,,,,,,Y,3,0,1,1,A,-,03,22350,,N,E,I,A,B,H,-,A,D,0,,,,,Y,,A,01,0,1,0,0,0,0,0,0,0,"- ","- ",41.407268524169922,-124.00154113769531,HUMBOLDT,UNINCORPORATED,-124.00173950195312,41.407012939453125
91591631,2021,2021-10-08,9125,2021-09-22,1440,022238,,3,2,9,1200,0,1,2,,2,030,"RT 101","TOMPKINS HILL ROAD UNDERCROSS",1056.00,N,N,A,-,Y,,,101,,,,,,,Y,4,0,1,1,A,-,08,22107,,N,E,I,A,A,D,-,A,D,0,,,,,Y,,A,01,0,0,1,0,0,0,0,0,0,"- ","- ",40.710239410400391,-124.21153259277344,HUMBOLDT,UNINCORPORATED,-124.21160125732422,40.710186004638672
91594564,2021,2021-10-12,9126,2021-06-13,1700,020717,,7,2,9,1200,0,1,2,,1,066,"NORTHBOUND US-101","BENBOW DRIVE",1460.00,N,N,B,-,Y,,,101,,,,,,,N,4,0,1,1,A,-,08,22107,,N,E,I,A,A,H,-,A,D,0,,,,,Y,,A,08,0,0,1,0,0,0,0,0,0,"- ","- ",40.031749725341797,-123.78034973144531,HUMBOLDT,UNINCORPORATED,-123.78034973144531,40.031795501708984
91598206,2021,2021-10-18,9125,2021-10-08,2118,021812,,5,2,9,1200,0,1,2,,2,045,"US-101 S/B TO SR-36","FOWLER LANE",50.00,E,N,B,-,Y,,,101,,,,R,,S,Y,4,0,1,1,A,-,01,23152,A,N,F,A,A,A,H,-,C,A,0,,,,,Y,Y,D,22,0,0,1,0,0,0,0,0,0,"- ","- ",40.548599243164062,-124.14665222167969,HUMBOLDT,UNINCORPORATED,-124.14665222167969,40.548599243164062
91611096,2021,2021-10-29,9125,2021-10-19,2104,022677,,2,2,9,1200,0,1,2,,2,016,US-101,"BALD HILLS RD",2640.00,N,N,C,-,N,,,101,,,,,,,Y,4,0,1,2,A,-,03,22350,,N,C,C,A,B,G,-,D,D,0,,,,,Y,Y,A,01,0,0,1,0,0,0,0,0,0,"- ","- ",41.303131103515625,-124.04460144042969,HUMBOLDT,UNINCORPORATED,-124.04461669921875,41.303146362304688
91617908,2021,2021-11-08,9125,2021-10-25,0659,021844,,1,1,9,1200,0,1,2,,1,024,"US-101 N/B","KOA DRIVE",365.00,S,N,B,C,Y,,,101,,,,,,N,Y,3,0,1,2,A,-,07,21658,A,N,D,C,A,B,H,-,B,D,0,,,,,Y,,D,22,0,1,0,0,0,0,0,0,0,"- ","- ",40.826980590820312,-124.08399963378906,HUMBOLDT,UNINCORPORATED,-124.08404541015625,40.827007293701172
91618920,2021,2021-11-08,9126,2021-10-28,1820,022610,,4,2,9,1200,0,1,2,,2,044,"US-101 S/B","SR-254 (MYERS FLAT)",1000.00,N,N,B,-,Y,,,101,,,,,,S,Y,4,0,1,1,A,-,01,23152,A,N,E,8,A,B,H,-,D,D,0,,,,,Y,Y,D,22,0,0,1,0,0,0,0,0,0,"- ","- ",40.268878936767578,-123.87420654296875,HUMBOLDT,UNINCORPORATED,-123.87413024902344,40.268917083740234
91623803,2021,2021-11-15,9125,2021-11-06,1725,021919,,6,2,9,1200,0,1,2,,1,024,"US-101 S/B","AIRPORT ROAD",4224.00,N,N,A,-,Y,,,101,,,,,,S,N,3,0,1,2,A,-,08,22107,,N,H,J,A,A,H,-,A,D,0,,Y,,,Y,,L,04,0,1,0,0,0,0,1,0,0,"- ","- ",40.813201904296875,-124.10780334472656,HUMBOLDT,UNINCORPORATED,-124.10778045654297,40.813167572021484
91625724,2021,2021-11-16,9126,2021-11-04,1435,021507,,4,2,9,1200,0,1,2,,1,066,US-101,"BOB MARLEY WAY",0.00,,Y,B,-,Y,,,101,,,,,,,N,4,0,1,2,A,-,09,21804,A,N,B,C,A,B,H,-,A,D,0,,,,,Y,,A,01,0,0,1,0,0,0,0,0,0,"- ","- ",40.010238647460938,-123.79057312011719,HUMBOLDT,UNINCORPORATED,-123.79051971435547,40.010257720947266
91626911,2021,2021-11-17,9125,2021-10-26,1400,022677,,2,2,9,1200,0,1,2,,2,045,"US-101 N/B","STAFFORD RD",4224.00,S,N,B,-,Y,,,101,,,,,,N,Y,3,0,1,1,A,-,08,22107,,N,F,A,A,B,H,-,A,D,0,,,,,Y,,E,22,0,1,0,0,0,0,0,0,0,"- ","- ",40.452259063720703,-124.04470825195312,HUMBOLDT,UNINCORPORATED,-124.04466247558594,40.452339172363281
91633684,2021,2021-11-23,9126,2021-11-10,0005,022383,,3,3,9,1200,0,1,2,,2,044,"US-101 N/B","FRENCH RD",1584.00,N,N,A,-,Y,,,101,,,,,,N,Y,3,0,1,1,A,-,08,22107,,N,E,I,A,A,H,-,D,D,0,,,,,Y,,A,01,0,1,0,0,0,0,0,0,0,"- ","- ",40.228298187255859,-123.82965087890625,HUMBOLDT,UNINCORPORATED,-123.82968139648438,40.228286743164062
91636441,2021,2021-11-29,9125,2021-10-23,1619,022154,,6,2,9,1200,0,1,2,,2,016,US-101,"NEWTON B. DRURY SCENIC PARKWAY",4752.00,N,N,B,-,Y,,,101,,,,,,,Y,3,0,4,1,A,-,08,22107,,N,E,8,A,B,H,-,A,D,0,,,,,Y,,A,07,0,4,0,0,0,0,0,0,0,"- ","- ",41.357051849365234,-124.01306915283203,HUMBOLDT,UNINCORPORATED,-124.01296997070312,41.356960296630859
91637262,2021,2021-11-29,9125,2021-11-12,1546,021450,,5,2,9,1200,0,1,2,,2,044,"US-101 N/B","LOLETA DR",624.00,N,N,B,-,Y,,,101,,,,,,N,Y,4,0,1,2,A,-,07,21658,A,N,B,C,A,A,H,-,A,D,0,,,,,Y,,A,01,0,0,1,0,0,0,0,0,0,"- ","- ",40.643581390380859,-124.20844268798828,HUMBOLDT,UNINCORPORATED,-124.20845031738281,40.643581390380859