CASE_ID,ACCIDENT_YEAR,PROC_DATE,JURIS,COLLISION_DATE,COLLISION_TIME,OFFICER_ID,REPORTING_DISTRICT,DAY_OF_WEEK,CHP_SHIFT,POPULATION,CNTY_CITY_LOC,SPECIAL_COND,BEAT_TYPE,CHP_BEAT_TYPE,CITY_DIVISION_LAPD,CHP_BEAT_CLASS,BEAT_NUMBER,PRIMARY_RD,SECONDARY_RD,DISTANCE,DIRECTION,INTERSECTION,WEATHER_1,WEATHER_2,STATE_HWY_IND,CALTRANS_COUNTY,CALTRANS_DISTRICT,STATE_ROUTE,ROUTE_SUFFIX,POSTMILE_PREFIX,POSTMILE,LOCATION_TYPE,RAMP_INTERSECTION,SIDE_OF_HWY,TOW_AWAY,COLLISION_SEVERITY,NUMBER_KILLED,NUMBER_INJURED,PARTY_COUNT,PRIMARY_COLL_FACTOR,PCF_CODE_OF_VIOL,PCF_VIOL_CATEGORY,PCF_VIOLATION,PCF_VIOL_SUBSECTION,HIT_AND_RUN,TYPE_OF_COLLISION,MVIW,PED_ACTION,ROAD_SURFACE,ROAD_COND_1,ROAD_COND_2,LIGHTING,CONTROL_DEVICE,CHP_ROAD_TYPE,PEDESTRIAN_ACCIDENT,BICYCLE_ACCIDENT,MOTORCYCLE_ACCIDENT,TRUCK_ACCIDENT,NOT_PRIVATE_PROPERTY,ALCOHOL_INVOLVED,STWD_VEHTYPE_AT_FAULT,CHP_VEHTYPE_AT_FAULT,COUNT_SEVERE_INJ,COUNT_VISIBLE_INJ,COUNT_COMPLAINT_PAIN,COUNT_PED_KILLED,COUNT_PED_INJURED,COUNT_BICYCLIST_KILLED,COUNT_BICYCLIST_INJURED,COUNT_MC_KILLED,COUNT_MC_INJURED,PRIMARY_RAMP,SECONDARY_RAMP,LATITUDE,LONGITUDE,COUNTY,CITY,POINT_X,POINT_Y
9164125,2020,2020-12-02,1203,2020-09-22,1511,4044,P31,2,5,4,1203,0,0,0,,0,002,"15TH ST","BROADWAY ST",0.00,,Y,A,-,Y,HUM,1,101,-,-,77.400,I,5,N,N,3,0,1,2,A,-,09,21804,A,N,D,C,A,A,H,-,A,D,0,,,,,Y,,D,22,0,1,0,0,0,0,0,0,0,"- ","- ",40.792888641357422,-124.17756652832031,HUMBOLDT,EUREKA,-124.17747497558594,40.792919158935547
91643234,2021,2021-12-06,9125,2021-11-29,2210,021919,,1,3,9,1200,0,1,2,,2,044,"US-101 S/B","12TH STREET",2640.00,N,N,A,-,Y,,,101,,,,,,S,Y,4,0,1,1,C,-,18,,,N,H,H,A,A,H,-,D,D,0,,,,,Y,,-,"- ",0,0,1,0,0,0,0,0,0,"- ","- ",40.591079711914062,-124.15711212158203,HUMBOLDT,UNINCORPORATED,-124.15713500976562,40.591072082519531
91648153,2021,2021-12-09,9126,2021-11-27,2220,022460,,6,3,9,1200,0,1,2,,2,044,"US-101 SOUTHBOUND","SALMON CREEK ROAD",4752.00,S,N,E,-,Y,,,101,,,,,,S,Y,3,0,1,1,A,-,03,22350,,N,H,H,A,B,H,-,D,D,0,,,,,Y,,A,07,0,1,0,0,0,0,0,0,0,"- ","- ",40.238578796386719,-123.83228302001953,HUMBOLDT,UNINCORPORATED,-123.83224487304688,40.238567352294922
91650033,2021,2021-12-13,9125,2021-12-06,1814,022693,,1,2,9,1200,0,1,2,,2,030,"US-101 SOUTHBOUND","HERRICK AVE",1584.00,S,N,B,C,Y,,,101,,,,,,S,Y,4,0,2,1,A,-,03,22350,,N,E,I,A,B,H,-,D,D,0,,,,,Y,,A,01,0,0,2,0,0,0,0,0,0,"- ","- ",40.754718780517578,-124.19139862060547,HUMBOLDT,UNINCORPORATED,-124.19126129150391,40.754646301269531
91652123,2021,2021-12-14,9126,2021-11-26,1040,022516,,5,1,9,1200,0,1,2,,2,022,US-101,"SORENSON ROAD",8976.00,S,N,A,-,Y,,,101,,,,,,,Y,3,0,1,1,A,-,08,22107,,N,E,8,A,A,H,-,A,D,0,,,,,Y,,A,01,0,1,0,0,0,0,0,0,0,"- ","- ",40.381698608398438,-123.92859649658203,HUMBOLDT,UNINCORPORATED,-123.92855072021484,40.3817138671875
9165468,2020,2020-12-01,1203,2020-10-02,1312,4084,P22,5,5,4,1203,0,0,0,,0,001,BROADWAY,"W CLARK",178.00,S,N,A,-,Y,HUM,1,101,-,-,77.650,H,-,N,Y,3,0,1,2,A,-,00,23153,F,N,B,C,A,A,H,-,A,A,0,,,,,Y,,A,01,0,1,0,0,0,0,0,0,0,"- ","- ",40.796119689941406,-124.17598724365234,HUMBOLDT,EUREKA,-124.17555236816406,40.796241760253906
91661228,2021,2021-12-24,9126,2021-12-12,1912,022695,,7,2,9,1200,0,1,2,,1,066,US-101,"BENBOW DRIVE",10560.00,N,N,A,-,Y,,,101,,,,,,,Y,2,0,1,1,A,-,01,23152,A,N,E,I,A,A,H,-,D,D,0,,,,,Y,Y,A,01,1,0,0,0,0,0,0,0,0,"- ","- ",40.060268402099609,-123.78408050537109,HUMBOLDT,UNINCORPORATED,-123.78407287597656,40.060260772705078
91665361,2021,2021-12-29,9125,2021-12-06,2019,020962,,1,2,9,1200,0,1,2,,2,016,US-101,"N. PRAIRIE CREEK PARK UNDERCROSSING",16368.00,S,N,C,-,Y,,,101,,,,,,,Y,3,0,1,1,A,-,03,22350,,N,E,I,A,B,H,-,D,D,0,,,,,Y,,A,01,0,1,0,0,0,0,0,0,0,"- ","- ",41.427879333496094,-124.01096343994141,HUMBOLDT,UNINCORPORATED,-124.01094055175781,41.427955627441406
91667646,2021,2021-12-31,9125,2021-12-17,2100,022460,,5,2,9,1200,0,1,2,,2,044,US-101,"SINGLEY ROAD",2640.00,N,N,A,-,Y,,,101,,,,,,,Y,3,0,1,1,A,-,08,22107,,N,E,I,A,A,H,-,D,D,0,,,,,Y,,A,01,0,1,0,0,0,0,0,0,0,"- ","- ",40.625709533691406,-124.21652221679688,HUMBOLDT,UNINCORPORATED,-124.21642303466797,40.625740051269531
91670320,2021,2022-01-04,9125,2021-12-23,0945,020717,,4,1,9,1200,0,1,2,,2,030,"SOUTHBOUND US-101","ORCHARD STREET",2112.00,S,N,B,C,Y,,,101,,,,,,,Y,4,0,1,1,A,-,03,22350,,N,E,I,A,B,H,-,A,D,0,,,,,Y,,A,01,0,0,1,0,0,0,0,0,0,"- ","- ",40.719310760498047,-124.21563720703125,HUMBOLDT,UNINCORPORATED,-124.21568298339844,40.719310760498047
91671068,2021,2022-01-05,9125,2021-12-23,1737,021844,,4,2,9,1200,0,1,2,,2,017,"US-101 N/B","OLD STATE HWY",495.00,S,N,C,-,Y,,,101,,,,,,N,N,3,0,2,2,A,-,03,22350,,F,C,C,A,B,H,-,D,D,0,,,,,Y,,D,22,0,1,1,0,0,0,0,0,0,"- ","- ",41.251361846923828,-124.08833312988281,HUMBOLDT,UNINCORPORATED,-124.08842468261719,41.251300811767578
91673300,2021,2022-01-07,9125,2021-12-25,2328,022402,,6,3,9,1200,0,1,2,,2,045,"US-101 S/B",SR-36,4752.00,S,N,F,-,Y,,,101,,,,,,S,Y,3,0,1,1,A,-,03,22350,,N,E,8,A,C,G,-,D,D,0,,,,,Y,,D,22,0,1,0,0,0,0,0,0,0,"- ","- ",40.536121368408203,-124.14875793457031,HUMBOLDT,UNINCORPORATED,-124.14852905273438,40.535957336425781
91675021,2021,2022-01-10,9125,2021-12-26,1255,014643,,7,1,9,1200,0,1,2,,2,018,"US-101 N/B","SEAWOOD AVE",528.00,N,N,B,C,Y,,,101,,,,,,N,Y,3,0,1,1,A,-,03,22350,,N,F,I,A,C,H,-,A,D,0,,,,,Y,,D,22,0,1,0,0,0,0,0,0,0,"- ","- ",41.100971221923828,-124.15395355224609,HUMBOLDT,UNINCORPORATED,-124.15409088134766,41.1009521484375
91675096,2021,2022-01-10,9125,2021-12-26,1100,014643,,7,1,9,1200,0,1,2,,2,018,"US-101 N/B","SEAWOOD DRIVE",1056.00,N,N,B,C,Y,,,101,,,,,,N,Y,2,0,3,1,A,-,03,22350,,N,F,I,A,C,H,-,A,D,0,,,,,Y,,A,07,1,2,0,0,0,0,0,0,0,"- ","- ",41.102500915527344,-124.15412902832031,HUMBOLDT,UNINCORPORATED,-124.15428161621094,41.102481842041016
91679800,2022,2022-01-18,9125,2022-01-03,1210,014643,,1,1,9,1200,0,1,2,,2,016,"US-101 SOUTHBOUND","CALTRANS SAND HOUSE",3168.00,S,N,B,C,Y,HUM,,101,,R,131.767,H,,L,Y,2,0,2,1,A,-,03,22350,,N,E,I,A,B,H,-,A,D,0,,,,,Y,,A,07,1,1,0,0,0,0,0,0,0,"- ","- ",41.406089782714844,-123.99974060058594,HUMBOLDT,UNINCORPORATED,-123.99970245361328,41.406200408935547
91681146,2021,2022-01-19,9125,2021-12-27,0811,022677,,1,1,9,1200,0,1,2,,2,044,"US-101 SOUTHBOUND","FERNBRIDGE DR",85.00,S,N,C,F,Y,,,101,,,,,,S,Y,3,0,1,1,A,-,03,22350,,N,F,A,A,C,H,-,A,D,0,,,,,Y,,A,07,0,1,0,0,0,0,0,0,0,"- ","- ",40.611930847167969,-124.19120788574219,HUMBOLDT,UNINCORPORATED,-124.19109344482422,40.612071990966797
91681651,2022,2022-01-20,9125,2022-01-11,1519,021844,,2,2,9,1200,0,1,2,,2,045,"US-101 N/B","MAIN ST.",350.00,S,N,A,-,Y,HUM,,101,,,61.521,H,,R,Y,3,0,1,1,A,-,08,22107,,N,E,I,A,A,H,-,A,D,0,,,,,Y,,A,01,0,1,0,0,0,0,0,0,0,"- ","- ",40.598781585693359,-124.16721343994141,HUMBOLDT,UNINCORPORATED,-124.16725158691406,40.598758697509766
91686508,2022,2022-01-27,9125,2022-01-15,1110,020717,,6,1,9,1200,0,1,2,,2,044,"US-101 SOUTHBOUND","LOLETA DRIVE",3696.00,S,N,A,-,Y,HUM,,101,,,65.309,H,,L,Y,3,0,1,1,A,-,08,22107,,N,F,A,A,A,H,-,A,D,0,,,,,Y,,D,22,0,1,0,0,0,0,0,0,0,"- ","- ",40.633190155029297,-124.21376037597656,HUMBOLDT,UNINCORPORATED,-124.21373748779297,40.633182525634766
91693123,2022,2022-02-03,9125,2022-01-25,0645,014643,,2,1,9,1200,0,1,2,,2,016,"US-101 (REDWOOD HIGHWAY)","NEWTON B. DRURY SCENIC PARKWAY",16368.00,S,N,A,-,Y,HUM,,101,,R,134.052,H,,R,Y,4,0,1,1,A,-,03,22350,,N,E,I,A,C,H,-,D,D,0,,,,,Y,,D,22,0,0,1,0,0,0,0,0,0,"- ","- ",41.428028106689453,-124.01342010498047,HUMBOLDT,UNINCORPORATED,-124.01340484619141,41.428173065185547
91698291,2022,2022-02-10,9125,2022-02-03,1515,020962,,4,2,9,1200,0,1,2,,2,019,US-101,"GIUNTOLI LN",3696.00,N,N,A,-,Y,HUM,,101,,,89.488,H,,R,N,4,0,1,2,A,-,03,22350,,N,C,C,A,A,H,-,A,D,0,,,,,Y,,D,22,0,0,1,0,0,0,0,0,0,"- ","- ",40.913791656494141,-124.09140777587891,HUMBOLDT,UNINCORPORATED,-124.09146118164062,40.913776397705078
91704044,2022,2022-02-18,9125,2022-02-14,2032,021844,,1,2,9,1200,0,1,2,,2,030,"US-101 S/B","HERRICK AVENUE OVERCROSS",118.00,N,N,C,-,Y,HUM,,101,,,74.796,H,,L,Y,3,0,1,1,A,-,01,23152,A,N,E,I,A,B,H,-,C,D,0,,,,,Y,Y,D,22,0,1,0,0,0,0,0,0,0,"- ","- ",40.758308410644531,-124.18965148925781,HUMBOLDT,UNINCORPORATED,-124.18959808349609,40.758308410644531
91707957,2022,2022-02-24,9126,2022-02-11,0715,021846,,5,1,9,1200,0,1,2,,2,044,"US-101 S/B","SR-254 (EXIT 656)",1320.00,N,N,A,-,Y,HUM,,101,,,28.442,H,,L,Y,3,0,2,1,A,-,08,22107,,N,E,I,A,A,H,-,A,D,0,,,,,Y,,A,07,0,2,0,0,0,0,0,0,0,"- ","- ",40.271820068359375,-123.87612152099609,HUMBOLDT,UNINCORPORATED,-123.87615966796875,40.271781921386719
91710802,2022,2022-02-28,9125,2022-02-13,2200,022238,,7,3,3,1201,0,1,2,,2,022,US-101,"ST. LOUIS OVERCROSSING",600.00,N,N,B,-,Y,HUM,,101,,,87.611,H,,R,N,4,0,1,1,A,-,03,22350,,N,E,I,A,A,H,-,D,D,0,,Y,,,Y,,L,04,0,0,1,0,0,0,1,0,0,"- ","- ",40.888149261474609,-124.07939147949219,HUMBOLDT,ARCATA,-124.07939910888672,40.888149261474609
91713141,2022,2022-03-02,9125,2022-02-19,0413,022402,,6,3,9,1200,0,1,2,,2,019,"US-101 N/B","SCHOOL ROAD",1397.00,N,N,E,-,Y,HUM,,101,,R,91.722,H,,R,Y,3,0,1,1,A,-,08,22107,,N,F,I,A,B,H,-,D,D,0,,,,,Y,,A,07,0,1,0,0,0,0,0,0,0,"- ","- ",40.937789916992188,-124.1162109375,HUMBOLDT,UNINCORPORATED,-124.11607360839844,40.93780517578125
91715602,2022,2022-03-04,9125,2022-03-01,1240,020962,,2,1,9,1200,0,1,2,,2,016,US-101,"NEWTON B. DRURY SCENIC PARKWAY",2640.00,S,N,A,-,Y,HUM,,101,,R,136.415,H,,R,Y,3,0,4,1,A,-,03,22350,,N,F,A,A,B,H,-,A,D,0,,,,,Y,,A,01,0,4,0,0,0,0,0,0,0,"- ","- ",41.455661773681641,-124.03150939941406,HUMBOLDT,UNINCORPORATED,-124.03128051757812,41.455669403076172
91716969,2022,2022-03-07,9125,2022-03-01,1210,017509,,2,1,3,1205,0,1,2,,2,044,"US-101 NORTHBOUND","KENMAR ROAD",1584.00,N,N,A,-,Y,HUM,,101,,,60.062,H,,R,Y,4,0,1,2,A,-,03,22350,,N,C,C,A,A,H,-,A,D,0,,,,Y,Y,,A,01,0,0,1,0,0,0,0,0,0,"- ","- ",40.582611083984375,-124.15145111083984,HUMBOLDT,FORTUNA,-124.15142059326172,40.582614898681641
91718518,2022,2022-03-09,9125,2022-03-01,1200,016241,,2,1,9,1200,0,1,2,,2,030,US-101,"HUMBOLDT HILL ROAD OVERCROSSING",1584.00,N,N,B,-,Y,HUM,,101,,,74.016,H,,R,Y,3,0,1,1,A,-,07,21658,A,N,F,A,A,A,H,-,A,D,0,,,,,Y,,A,01,0,1,0,0,0,0,0,0,0,"- ","- ",40.748088836669922,-124.19583892822266,HUMBOLDT,UNINCORPORATED,-124.19598388671875,40.748184204101562
9172154,2020,2020-12-01,1203,2020-10-17,1717,4084,P37,6,5,4,1203,0,0,0,,0,002,BROADWAY,"W HAWTHORNE",513.00,S,N,A,-,Y,HUM,1,101,-,-,77.050,H,-,N,N,4,0,1,2,A,-,03,22350,A,N,C,C,A,A,H,-,A,A,0,,,,,Y,,D,22,0,0,1,0,0,0,0,0,0,"- ","- ",,,HUMBOLDT,EUREKA,-124.18037414550781,40.787925720214844
9172434,2020,2020-12-02,1203,2020-10-21,1618,4044,P19,3,5,4,1203,0,0,0,,0,001,"4TH ST","S ST",0.00,,Y,A,-,Y,HUM,1,101,-,-,79.232,I,5,S,Y,3,0,1,2,A,-,09,21802,A,N,D,C,A,A,H,-,A,A,0,,,,,Y,,A,01,0,1,0,0,0,0,0,0,0,"- ","- ",40.804710388183594,-124.15258026123047,HUMBOLDT,EUREKA,-124.15251922607422,40.804695129394531
9172454,2020,2020-12-02,1203,2020-10-22,1122,4065,P37,4,5,4,1203,0,0,0,,0,002,"W HENDERSON ST","BROADWAY ST",0.00,,Y,A,-,Y,HUM,1,101,-,-,76.630,H,-,N,Y,3,0,3,3,A,-,01,23152,F,N,D,C,A,A,H,-,A,D,0,,,,,Y,,D,22,0,3,0,0,0,0,0,0,0,"- ","- ",40.7830810546875,-124.18356323242188,HUMBOLDT,EUREKA,-124.18367004394531,40.782806396484375
91726526,2022,2022-03-18,9126,2022-03-11,1935,022730,,5,2,9,1200,0,1,2,,2,022,"US-101 N/B","LOWER BULL CRK FLATS RD",300.00,S,N,A,-,Y,HUM,,101,,,36.008,H,,R,Y,3,0,1,1,A,-,01,23152,A,N,E,I,A,A,H,-,D,D,0,,,,,Y,Y,A,01,0,1,0,0,0,0,0,0,0,"- ","- ",40.356418609619141,-123.92420196533203,HUMBOLDT,UNINCORPORATED,-123.92397308349609,40.356254577636719
91729392,2022,2022-03-22,9125,2022-03-20,1000,014643,,7,1,9,1200,0,1,2,,2,017,"US-101 (REDWOOD HIGHWAY)","DAVIDSON ROAD",3168.00,N,N,A,-,Y,HUM,,101,,,124.352,H,,R,Y,4,0,2,1,A,-,08,22107,,N,E,I,A,A,H,-,A,D,0,,,,,Y,,A,01,0,0,2,0,0,0,0,0,0,"- ","- ",41.326938629150391,-124.03212738037109,HUMBOLDT,UNINCORPORATED,-124.03207397460938,41.326892852783203
91736221,2022,2022-03-29,9125,2022-03-21,0055,022238,,1,3,9,1200,0,1,2,,2,044,US-101,SR-36,1584.00,S,N,A,-,Y,HUM,,101,,,57.381,H,,R,Y,4,0,1,1,A,-,08,22107,,N,E,I,A,A,H,-,D,D,0,,,,,Y,,D,22,0,0,1,0,0,0,0,0,0,"- ","- ",40.544101715087891,-124.14479064941406,HUMBOLDT,UNINCORPORATED,-124.14448547363281,40.54412841796875
91737057,2022,2022-03-30,9125,2022-03-26,0148,022402,,6,3,9,1200,0,1,2,,2,019,"US-101 S/B","SCHOOL ROAD",1056.00,N,N,A,-,Y,HUM,,101,,R,91.690,H,,L,Y,3,0,1,1,A,-,01,23152,A,N,E,8,A,A,H,-,D,D,0,,,,,Y,Y,A,01,0,1,0,0,0,0,0,0,0,"- ","- ",40.937351226806641,-124.11637878417969,HUMBOLDT,UNINCORPORATED,-124.11624908447266,40.937370300292969
91740484,2021,2022-04-04,9125,2021-11-01,0210,022238,,1,3,9,1200,0,1,2,,2,044,"US-101 NORTHBOUND","SINGLEY ROAD",3168.00,N,N,B,-,Y,,,101,,,,,,N,Y,1,1,0,2,A,-,11,21954,A,N,G,B,E,B,H,-,D,D,0,Y,,,,Y,Y,N,60,0,0,0,1,0,0,0,0,0,"- ","- ",40.628910064697266,-124.21565246582031,HUMBOLDT,UNINCORPORATED,-124.21566009521484,40.628913879394531
91744505,2022,2022-04-08,9125,2022-03-26,1420,021450,,6,2,9,1200,0,1,2,,2,022,"US-101 SOUTHBOUND","S. G STREET",1056.00,N,N,A,-,Y,HUM,,101,,,85.317,H,,L,N,4,0,1,2,D,-,00,,,N,B,C,A,A,H,-,A,D,0,,,,,Y,,-,"- ",0,0,1,0,0,0,0,0,0,"- ","- ",40.855270385742188,-124.08228302001953,HUMBOLDT,UNINCORPORATED,-124.08229064941406,40.855270385742188
91745065,2022,2022-04-11,9126,2022-04-03,1240,022730,,7,1,9,1200,0,1,2,,2,044,"US-101 S/B","MYERS FLAT OFF-RAMP",3960.00,S,N,A,-,Y,HUM,,101,,,27.259,H,,L,Y,3,0,2,1,A,-,08,22107,,N,E,I,A,A,H,-,A,D,0,,,,,Y,,A,01,0,2,0,0,0,0,0,0,0,"- ","- ",40.270950317382812,-123.85968780517578,HUMBOLDT,UNINCORPORATED,-123.85964202880859,40.270885467529297
91746353,2022,2022-05-24,9125,2022-04-08,1712,021450,,5,2,9,1200,0,1,2,,2,018,US-101,"6TH AVE",2640.00,N,N,A,-,Y,HUM,,101,,,99.274,H,,R,Y,3,0,1,1,A,-,08,22107,,N,E,I,A,A,H,-,A,D,0,,,,,Y,,D,22,0,1,0,0,0,0,0,0,0,"- ","- ",41.047691345214844,-124.11991882324219,HUMBOLDT,UNINCORPORATED,-124.11975860595703,41.047775268554688
91748500,2022,2022-04-15,9125,2022-04-03,0100,022677,,7,3,9,1200,0,1,2,,2,019,"US-101 NORTHBOUND","MAIN STREET",500.00,S,N,A,-,Y,HUM,,101,,,100.523,H,,R,Y,3,0,2,1,A,-,01,23152,A,N,E,8,A,A,H,-,C,D,0,,,,,Y,Y,A,01,0,2,0,0,0,0,0,0,0,"- ","- ",41.060459136962891,-124.13623809814453,HUMBOLDT,UNINCORPORATED,-124.13613128662109,41.060577392578125
91751105,2022,2022-04-19,9125,2022-04-08,1715,020988,,5,2,9,1200,0,1,2,,2,018,"RT 101","HAMMOND TRUCK ROAD",3168.00,N,N,A,-,Y,HUM,,101,,,110.038,H,,R,Y,2,0,1,2,A,-,05,21460,A,N,B,C,A,A,H,-,A,D,0,,,,,Y,,A,01,1,0,0,0,0,0,0,0,0,"- ","- ",41.171199798583984,-124.10189056396484,HUMBOLDT,UNINCORPORATED,-124.10189056396484,41.171199798583984
91752462,2022,2022-04-20,9125,2022-04-09,0905,019725,,6,1,9,1200,0,1,2,,2,044,"US-101 S/B","TOMPKINS HILL RD",400.00,N,N,A,-,Y,HUM,,101,,,70.767,H,,R,N,4,0,1,1,A,-,08,22107,,N,E,8,A,A,H,-,A,D,0,,,,,Y,,A,01,0,0,1,0,0,0,0,0,0,"- ","- ",40.707340240478516,-124.20954132080078,HUMBOLDT,UNINCORPORATED,-124.20980834960938,40.707313537597656
91753495,2022,2022-04-21,9125,2022-04-11,1330,020962,,1,1,9,1200,0,1,2,,2,022,US-101,"INDIANOLA CUTOFF",0.00,,Y,B,-,Y,HUM,,101,,,82.669,H,,R,Y,4,0,1,2,A,-,09,21803,A,N,D,C,A,B,H,-,A,A,0,,,,,Y,,A,07,0,0,1,0,0,0,0,0,0,"- ","- ",40.820270538330078,-124.09332275390625,HUMBOLDT,UNINCORPORATED,-124.09331512451172,40.820262908935547
91753518,2022,2022-04-21,9125,2022-04-11,2338,022238,,1,3,9,1200,0,1,2,,2,022,"US-101 (S/B)","BAYSIDE CUTOFF",2112.00,N,N,F,-,Y,HUM,,101,,,84.337,H,,R,Y,4,0,1,1,C,-,18,,,N,F,A,A,C,H,-,D,D,0,,,,,Y,,-,"- ",0,0,1,0,0,0,0,0,0,"- ","- ",40.841011047363281,-124.08196258544922,HUMBOLDT,UNINCORPORATED,-124.08174133300781,40.841007232666016
91755309,2022,2022-04-25,9125,2022-04-17,1932,020946,,7,2,9,1200,0,1,2,,2,030,"US-101 S/B","LOLETA DRIVE",7392.00,N,N,B,-,Y,HUM,,101,,,67.274,H,,L,N,3,0,1,1,A,-,01,23152,A,M,E,I,A,A,H,-,A,D,0,,,,,Y,Y,A,07,0,1,0,0,0,0,0,0,0,"- ","- ",40.658889770507812,-124.20571136474609,HUMBOLDT,UNINCORPORATED,-124.20576477050781,40.658916473388672
91756036,2022,2022-04-25,9126,2022-04-13,1655,022747,,3,2,9,1200,0,1,2,,2,022,"US-101 N/B","JORDAN CREEK ROAD",1056.00,S,N,C,-,Y,HUM,,101,,R,45.533,H,,R,Y,3,0,1,2,A,-,08,22107,,N,B,2,A,B,H,-,A,D,0,,,,,Y,,A,07,0,1,0,0,0,0,0,0,0,"- ","- ",40.440670013427734,-124.02497100830078,HUMBOLDT,UNINCORPORATED,-124.02497100830078,40.440670013427734
91760949,2022,2022-04-29,9126,2022-04-19,1320,022730,,2,1,9,1200,0,1,2,,2,022,"US-101 NORTHBOUND","PESULA RD OVERCROSSING",2112.00,N,N,B,C,Y,HUM,,101,,,31.999,H,,R,N,4,0,1,1,A,-,03,22350,,N,E,I,A,B,H,-,A,D,0,,,,,Y,,A,01,0,0,1,0,0,0,0,0,0,"- ","- ",40.30950927734375,-123.90615844726562,HUMBOLDT,UNINCORPORATED,-123.90617370605469,40.309505462646484
91769949,2022,2022-05-11,9126,2022-05-02,0315,022695,,1,3,9,1200,0,1,2,,2,022,"US-101 S/B TO SORENSON ROAD","SORENSON RD",171.60,N,N,A,-,Y,HUM,,101,,R,39.702,H,,L,N,2,0,1,1,A,-,08,22107,,N,E,I,A,A,H,-,D,D,0,,,,,Y,,A,01,1,0,0,0,0,0,0,0,0,"- ","- ",40.397548675537109,-123.94851684570312,HUMBOLDT,UNINCORPORATED,-123.94834136962891,40.397754669189453
91771050,2022,2022-05-12,9125,2022-05-08,1310,020962,,7,1,9,1200,0,1,2,,2,016,US-101,"CAL-BARREL RD",7920.00,N,N,F,-,Y,HUM,,101,,R,131.431,H,,R,Y,4,0,1,1,A,-,03,22350,,N,E,8,A,C,H,-,A,D,0,,,,,Y,,A,01,0,0,1,0,0,0,0,0,0,"- ","- ",41.403469085693359,-123.99417114257812,HUMBOLDT,UNINCORPORATED,-123.99421691894531,41.403430938720703
91771106,2022,2022-05-12,9125,2022-05-02,0200,022238,,1,3,9,1200,0,1,2,,2,045,"US-101 SOUTHBOUND","NORTH SCOTIA UNDERCROSSING",455.00,S,N,C,-,Y,HUM,,101,,R,51.746,H,,L,Y,3,0,1,1,A,-,01,23152,A,N,E,I,A,B,H,-,D,D,0,,,,,Y,Y,D,22,0,1,0,0,0,0,0,0,0,"- ","- ",40.48699951171875,-124.09896850585938,HUMBOLDT,UNINCORPORATED,-124.09889221191406,40.486984252929688
91771741,2022,2022-06-28,9125,2022-05-08,0918,014643,,7,1,9,1200,0,1,2,,2,018,"US-101 (REDWOOD HIGHWAY)","WESTHAVEN DRIVE",2640.00,S,N,B,F,Y,HUM,,101,,,97.590,H,,R,Y,1,1,2,2,A,-,03,22350,,N,D,C,A,C,B,-,A,D,0,,,,,Y,,A,01,1,0,1,0,0,0,0,0,0,"- ","- ",41.025569915771484,-124.10710906982422,HUMBOLDT,UNINCORPORATED,-124.10694122314453,41.025558471679688
91772522,2022,2022-05-25,9125,2022-04-25,1135,016241,,1,1,9,1200,0,1,2,,2,030,"US 101 SOUTHBOUND TO HUMBOLDT HILL ROAD","SPRUCE POINT OVERCROSSING",0.00,,N,B,-,Y,HUM,,101,,,73.744,H,,L,N,2,0,2,3,A,-,01,23152,A,N,D,C,A,A,H,-,A,D,0,,,,,Y,Y,D,22,1,0,1,0,0,0,0,0,0,"- ","- ",40.745441436767578,-124.19947052001953,HUMBOLDT,UNINCORPORATED,-124.19947814941406,40.745449066162109
91783223,2022,2022-05-27,9125,2022-05-19,2040,020988,,4,2,9,1200,0,1,2,,2,019,"US-101 NORTHBOUND TO SCHOOL ROAD","SCHOOL ROAD",210.00,S,N,A,-,Y,HUM,,101,,R,91.399,H,,R,Y,2,0,1,1,A,-,08,22107,,N,F,A,A,A,H,-,A,D,0,,,,,Y,,A,07,1,0,0,0,0,0,0,0,0,"- ","- ",40.933349609375,-124.11419677734375,HUMBOLDT,UNINCORPORATED,-124.11447143554688,40.933292388916016
91784112,2022,2022-05-30,9125,2022-05-17,2353,022238,,2,3,9,1200,0,1,2,,2,019,"US-101 SOUTHBOUND FROM CENTRAL AVENUE","SILVA ROAD",145.00,S,N,A,-,Y,HUM,,101,,R,89.939,H,,L,Y,2,0,2,2,A,-,05,21651,B,M,A,C,A,A,H,-,D,D,0,,,,,Y,Y,A,01,1,1,0,0,0,0,0,0,0,"- ","- ",40.919258117675781,-124.09578704833984,HUMBOLDT,UNINCORPORATED,-124.09558868408203,40.919410705566406
91787068,2022,2022-06-02,9126,2022-05-20,0155,022516,,5,3,9,1200,0,1,2,,2,022,"US-101 SOUTHBOUND","SORENSON RD",11088.00,N,N,A,-,Y,HUM,,101,,R,41.878,H,,L,Y,3,0,1,1,A,-,01,23152,A,N,E,8,A,A,H,-,D,D,0,,,,,Y,Y,D,22,0,1,0,0,0,0,0,0,0,"- ","- ",40.415828704833984,-123.97852325439453,HUMBOLDT,UNINCORPORATED,-123.97850799560547,40.415836334228516