CASE_ID,ACCIDENT_YEAR,PROC_DATE,JURIS,COLLISION_DATE,COLLISION_TIME,OFFICER_ID,REPORTING_DISTRICT,DAY_OF_WEEK,CHP_SHIFT,POPULATION,CNTY_CITY_LOC,SPECIAL_COND,BEAT_TYPE,CHP_BEAT_TYPE,CITY_DIVISION_LAPD,CHP_BEAT_CLASS,BEAT_NUMBER,PRIMARY_RD,SECONDARY_RD,DISTANCE,DIRECTION,INTERSECTION,WEATHER_1,WEATHER_2,STATE_HWY_IND,CALTRANS_COUNTY,CALTRANS_DISTRICT,STATE_ROUTE,ROUTE_SUFFIX,POSTMILE_PREFIX,POSTMILE,LOCATION_TYPE,RAMP_INTERSECTION,SIDE_OF_HWY,TOW_AWAY,COLLISION_SEVERITY,NUMBER_KILLED,NUMBER_INJURED,PARTY_COUNT,PRIMARY_COLL_FACTOR,PCF_CODE_OF_VIOL,PCF_VIOL_CATEGORY,PCF_VIOLATION,PCF_VIOL_SUBSECTION,HIT_AND_RUN,TYPE_OF_COLLISION,MVIW,PED_ACTION,ROAD_SURFACE,ROAD_COND_1,ROAD_COND_2,LIGHTING,CONTROL_DEVICE,CHP_ROAD_TYPE,PEDESTRIAN_ACCIDENT,BICYCLE_ACCIDENT,MOTORCYCLE_ACCIDENT,TRUCK_ACCIDENT,NOT_PRIVATE_PROPERTY,ALCOHOL_INVOLVED,STWD_VEHTYPE_AT_FAULT,CHP_VEHTYPE_AT_FAULT,COUNT_SEVERE_INJ,COUNT_VISIBLE_INJ,COUNT_COMPLAINT_PAIN,COUNT_PED_KILLED,COUNT_PED_INJURED,COUNT_BICYCLIST_KILLED,COUNT_BICYCLIST_INJURED,COUNT_MC_KILLED,COUNT_MC_INJURED,PRIMARY_RAMP,SECONDARY_RAMP,LATITUDE,LONGITUDE,COUNTY,CITY,POINT_X,POINT_Y
92059574,2023,2023-05-02,9125,2023-05-01,"745 ",014643,,1,1,9,1200,0,1,2,,2,019,"US-101 (REDWOOD HIGHWAY)","CENTRAL AVENUE",130.00,S,N,B,C,Y,HUM,,101," ",R,90.102,H,,R,N,4,0,1,2,A,-,03,22350,,N,C,C,A,A,D,-,A,A,0,,,,,Y,,A,07,0,0,1,0,0,0,0,0,0,"- ","- ",40.920848846435547,-124.09809112548828,HUMBOLDT,UNINCORPORATED,-124.09807586669922,40.920871734619141
92060268,2023,2023-05-03,9126,2023-04-24,2330,020706,,1,3,9,1200,0,1,2,,2,022,"US-101 S/B","NEWTON ROAD UNDERCROSSING",528.00,N,N,A,-,Y,HUM,,101," "," ",33.391,H,,L,N,3,0,1,1,A,-,08,22107,,N,E,I,A,A,H,-,C,D,0,,,,,Y,Y,A,01,0,1,0,0,0,0,0,0,0,"- ","- ",40.323841094970703,-123.92170715332031,HUMBOLDT,UNINCORPORATED,-123.92151641845703,40.3238525390625
92064320,2023,2023-05-08,9125,2023-05-04,"825 ",019243,,4,1,9,1200,0,1,2,,2,019,"US-101 N/B","SCHOOL RD",500.00,S,N,B,-,Y,HUM,,101," ",R,91.373,H,,R,Y,4,0,1,1,A,-,08,22107,,N,E,I,A,A,H,-,A,D,0,,,,,Y,,D,22,0,0,1,0,0,0,0,0,0,"- ","- ",40.932929992675781,-124.11432647705078,HUMBOLDT,UNINCORPORATED,-124.11433410644531,40.932929992675781
92068804,2023,2023-05-15,9125,2023-05-05,2130,022945,,5,2,9,1200,0,1,2,,2,019,"US-101 S/B","11TH ST. OVERCROSSING",50.00,S,N,C,-,Y,HUM,,101," "," ",86.314,H,,L,Y,3,0,2,2,A,-,03,22350,,N,C,C,A,B,H,-,C,A,0,,,,,Y,,-,"- ",0,2,0,0,0,0,0,0,0,"- ","- ",40.869720458984375,-124.08290100097656,HUMBOLDT,UNINCORPORATED,-124.08319091796875,40.869743347167969
9207818,2020,2021-02-12,1203,2020-12-22,1748,4107,P37,2,5,4,1203,0,0,0,,0,002,"BROADWAY ST","BAYSHORE WY",0.00,,Y,A,-,Y,HUM,1,101,-,-,76.560,I,5,S,Y,2,0,1,2,A,-,09,21802,A,N,D,C,A,A,H,-,C,A,0,,,,,Y,,A,01,1,0,0,0,0,0,0,0,0,"- ","- ",40.782291412353516,-124.18462371826172,HUMBOLDT,EUREKA,-124.18447113037109,40.781917572021484
92081025,2023,2023-05-30,9125,2023-05-15,1431,021450,,1,2,9,1200,0,1,2,,2,044,"US-101 SOUTHBOUND","LOLETA DRIVE",54.00,N,N,A,-,Y,HUM,,101," "," ",65.961,H,,L,Y,4,0,1,2,A,-,08,22107,,N,E,8,A,A,H,-,A,D,0,,,,Y,Y,,D,22,0,0,1,0,0,0,0,0,0,"- ","- ",40.642059326171875,-124.20929718017578,HUMBOLDT,UNINCORPORATED,-124.20934295654297,40.642070770263672
92081592,2023,2023-05-30,9125,2023-05-21,1445,021102,,7,2,9,1200,0,1,2,,2,016,US-101,"NEWTON B. DRURY PARKWAY",3960.00,S,N,B,-,Y,HUM,,101," "," ",125.347,H,,R,Y,4,0,1,1,A,-,03,22350,,N,F,I,A,A,H,-,A,D,0,,,,Y,Y,,G,25,0,0,1,0,0,0,0,0,0,"- ","- ",41.33966064453125,-124.03341674804688,HUMBOLDT,UNINCORPORATED,-124.03340148925781,41.339668273925781
92083436,2023,2023-06-01,9125,2023-05-23,2330,022402,,2,3,9,1200,0,1,2,,2,022,"US-101 (S/B) (REDWOOD HWY)",SR-299,1320.00,S,N,A,-,Y,HUM,,101," "," ",87.889,H,,R,Y,4,0,1,2,C,-,18,,,N,E,J,A,A,H,-,D,A,0,,,,,Y,,-,"- ",0,0,1,0,0,0,0,0,0,"- ","- ",40.892108917236328,-124.08084106445312,HUMBOLDT,UNINCORPORATED,-124.08061981201172,40.892173767089844
92088586,2023,2023-06-07,9126,2023-05-23,1930,022466,,2,2,9,1200,0,1,2,,2,044,"US-101 SOUTHBOUND","SALMON CREEK RD",4380.00,N,N,A,-,Y,HUM,,101," "," ",25.889,H,,L,Y,3,0,1,1,A,-,08,22107,,N,F,A,A,A,H,-,A,D,0,,,,,Y,,D,22,0,1,0,0,0,0,0,0,0,"- ","- ",40.259208679199219,-123.8438720703125,HUMBOLDT,UNINCORPORATED,-123.84384155273438,40.259239196777344
92089663,2022,2023-06-08,9126,2022-11-19,1554,022466,,6,2,9,1200,0,1,2,,2,022,"US-101 NORTHBOUND","MPM 101 HUM 30.32",251.00,N,N,B,-,Y,HUM,,101,,,30.380,H,,R,Y,1,1,1,2,A,-,08,22107,,N,D,C,A,A,H,-,A,D,0,,,,,Y,,A,07,1,0,0,0,0,0,0,0,0,"- ","- ",40.292461395263672,-123.89476013183594,HUMBOLDT,UNINCORPORATED,-123.89467620849609,40.292427062988281
92090771,2023,2023-06-12,9125,2023-06-02,1735,021102,,5,2,9,1200,0,1,2,,1,024,US-101,"BAYSIDE CUTOFF",425.00,S,N,A,-,Y,HUM,,101," "," ",83.816,H,,R,N,2,0,1,1,A,-,01,23152,A,N,F,I,A,A,H,-,A,D,0,,,Y,,Y,Y,C,02,1,0,0,0,0,0,0,0,1,"- ","- ",40.833518981933594,-124.08187866210938,HUMBOLDT,UNINCORPORATED,-124.08183288574219,40.833518981933594
92093605,2023,2023-06-14,9125,2023-06-05,1600,023005,,1,2,9,1200,0,1,2,,2,017,US-101,"NEWTON B DRURY SCENIC PKY",5280.00,S,N,A,-,Y,HUM,,101," "," ",125.155,H,,R,Y,4,0,1,1,A,-,08,22107,,N,F,A,A,A,H,-,A,D,0,,,,,Y,,A,01,0,0,1,0,0,0,0,0,0,"- ","- ",41.337680816650391,-124.03082275390625,HUMBOLDT,UNINCORPORATED,-124.03087615966797,41.337657928466797
92093987,2023,2023-07-18,9125,2023-06-08,1720,020988,,4,2,9,1200,0,1,2,,2,016,"RT 101","NEWTON B DRURY PARKWAY - NORTH",8131.00,S,N,B,-,Y,HUM,,101," ",R,135.635,H,,R,Y,2,0,1,1,A,-,03,22350,,N,E,I,A,A,H,-,A,D,0,,,,,Y,,A,08,1,0,0,0,0,0,0,0,0,"- ","- ",41.446990966796875,-124.02250671386719,HUMBOLDT,UNINCORPORATED,-124.02237701416016,41.447132110595703
9209555,2020,2021-02-12,1203,2020-12-03,2311,4019,P39,4,5,4,1203,0,0,0,,0,022,"BROADWAY ST","HAWTHORNE ST",11.00,W,N,A,-,Y,HUM,1,101,-,-,77.140,I,5,N,Y,2,0,2,1,A,-,03,22350,,N,E,J,A,A,H,-,C,A,0,,,,,Y,,D,22,1,1,0,0,0,0,0,0,0,"- ","- ",40.789051055908203,-124.1798095703125,HUMBOLDT,EUREKA,-124.17973327636719,40.789043426513672
92098171,2023,2023-06-20,9125,2023-06-10,2125,022945,,6,2,9,1200,0,1,2,,2,045,"US-101 S/B","METROPOLITAN HTS RD",300.00,N,N,A,-,Y,HUM,,101," "," ",55.239,H,,L,Y,3,0,1,1,A,-,08,22107,,N,E,I,A,A,H,-,D,A,0,,,,,Y,,A,01,0,1,0,0,0,0,0,0,0,"- ","- ",40.518310546875,-124.13980102539062,HUMBOLDT,UNINCORPORATED,-124.13981628417969,40.518280029296875
92099160,2023,2023-06-21,9126,2023-06-13,1457,022466,,2,2,9,1200,0,1,2,,2,044,"US-101 S/B","FRENCH  ROAD",1250.00,N,N,A,-,Y,HUM,,101," "," ",22.684,H,,L,Y,3,0,1,1,A,-,01,23152,A,N,E,8,A,A,H,-,A,D,0,,,,,Y,Y,A,07,0,1,0,0,0,0,0,0,0,"- ","- ",40.219921112060547,-123.82245635986328,HUMBOLDT,UNINCORPORATED,-123.82244110107422,40.219944000244141
92100904,2023,2023-06-23,9125,2023-02-24,"559 ",021688,,5,3,3,1201,0,1,2,,2,022,"US-101 SOUTHBOUND","WEST END ROAD",280.00,S,N,A,-,Y,HUM,,101," "," ",87.814,H,,L,Y,1,1,0,1,A,-,03,22350,,N,E,I,A,C,H,-,B,D,0,,,,,Y,,A,07,0,0,0,0,0,0,0,0,0,"- ","- ",40.890968322753906,-124.08036804199219,HUMBOLDT,ARCATA,-124.08029174804688,40.890987396240234
92109402,2023,2023-07-05,9125,2023-06-25,"843 ",016241,,7,1,9,1200,0,1,2,,1,024,"US 101 NORTHBOUND",BRACUT,650.00,N,N,B,-,Y,HUM,,101," "," ",83.503,H,,R,Y,2,0,1,1,A,-,01,23152,A,N,F,I,A,A,H,-,A,D,0,,,,,Y,Y,D,22,1,0,0,0,0,0,0,0,0,"- ","- ",40.829048156738281,-124.08283233642578,HUMBOLDT,UNINCORPORATED,-124.08287048339844,40.829059600830078
92110784,2023,2023-07-06,9125,2023-07-05,2130,022402,,3,2,9,1200,0,1,2,,2,019,"US-101 SOUTHBOUND","AIRPORT ROAD",50.00,N,N,A,-,Y,HUM,,101," ",R,93.890,H,,L,Y,4,0,1,1,A,-,08,22107,,N,E,I,A,A,H,-,D,A,0,,,,,Y,Y,A,01,0,0,1,0,0,0,0,0,0,"- ","- ",40.969280242919922,-124.1162109375,HUMBOLDT,UNINCORPORATED,-124.11611175537109,40.969280242919922
9211450,2020,2021-01-22,1203,2020-10-24,1047,4043,P31,6,5,4,1203,0,0,0,,0,002,"RT 101","WABASH AV",0.00,,Y,A,-,Y,HUM,1,101,-,-,77.299,I,5,S,Y,1,1,0,2,A,-,05,21650,1,N,H,G,A,A,H,-,A,A,0,,Y,,,Y,,L,04,0,0,0,0,0,1,0,0,0,"- ","- ",40.791511535644531,-124.17835235595703,HUMBOLDT,EUREKA,-124.17844390869141,40.791511535644531
92116107,2023,2023-07-13,9125,2023-07-13,"132 ",022402,,4,3,9,1200,0,1,2,,2,045,"US-101 NORTHBOUND","SOUTH SCOTIA",1500.00,S,N,A,-,Y,HUM,,101," ",R,50.384,H,,R,N,4,0,1,2,A,-,03,22350,,N,C,C,A,A,H,-,D,A,0,,,,Y,Y,,F,55,0,0,1,0,0,0,0,0,0,"- ","- ",40.465839385986328,-124.09335327148438,HUMBOLDT,UNINCORPORATED,-124.09331512451172,40.465858459472656
92119619,2023,2023-07-18,9125,2023-07-10,1712,022265,,1,2,9,1200,0,1,2,,2,030,"US 101 NB","TOMPKINS HILL RD",2482.00,S,N,B,-,Y,HUM,,101," "," ",70.296,H,,L,Y,4,0,1,1,A,-,08,22107,,N,E,I,A,A,H,-,A,D,0,,,,,Y,,A,07,0,0,1,0,0,0,0,0,0,"- ","- ",40.701431274414062,-124.20725250244141,HUMBOLDT,UNINCORPORATED,-124.20730590820312,40.701381683349609
92120135,2023,2023-07-18,9125,2023-07-16,"755 ",020946,,7,1,9,1200,0,1,2,,2,019,"US-101 S/B","AIRPORT RD",300.00,N,N,B,-,Y,HUM,,101," ",R,93.907,H,,L,Y,4,0,1,1,A,-,08,22107,,N,E,I,A,A,H,-,B,D,0,,,,,Y,,A,07,0,0,1,0,0,0,0,0,0,"- ","- ",40.969520568847656,-124.11604309082031,HUMBOLDT,UNINCORPORATED,-124.11611175537109,40.969520568847656
92120212,2023,2023-07-18,9126,2023-07-12,"300 ",023141,,3,3,9,1200,0,1,2,,2,044,"US-101 NORTHBOUND","MYERS FLAT",5280.00,N,N,A,-,Y,HUM,,101," "," ",29.011,H,,R,N,3,0,1,1,A,-,08,22107,,N,F,A,A,A,H,-,C,D,0,,,,,Y,,A,07,0,1,0,0,0,0,0,0,0,"- ","- ",40.277088165283203,-123.88404083251953,HUMBOLDT,UNINCORPORATED,-123.88406372070312,40.277076721191406
92121222,2023,2023-07-19,9126,2023-07-16,1550,021827,,7,2,9,1200,0,1,2,,2,044,"US-101 SOUTHBOUND","NEWTON ROAD UNDERCROSSING",1320.00,N,N,A,-,Y,HUM,,101," "," ",33.511,H,,L,Y,3,0,1,1,C,-,18,,,N,H,H,A,A,H,-,A,D,0,,,,,Y,,-,"- ",0,1,0,0,0,0,0,0,0,"- ","- ",40.325580596923828,-123.92169952392578,HUMBOLDT,UNINCORPORATED,-123.92173004150391,40.325576782226562
92122249,2023,2023-07-20,9126,2023-07-14,1420,022602,,5,2,9,1200,0,1,2,,1,066,"US-101 S/B","SPROWEL CREEK RD",4066.00,S,N,A,-,Y,HUM,,101," ",R,10.433,H,,L,N,3,0,1,1,C,-,18,,,N,E,J,A,A,H,-,A,D,0,,,,,Y,,-,"- ",0,1,0,0,0,0,0,0,0,"- ","- ",40.088630676269531,-123.790283203125,HUMBOLDT,UNINCORPORATED,-123.79022216796875,40.088638305664062
9212470,2020,2021-01-21,1203,2020-12-15,1715,4043,P17,2,5,4,1203,0,0,0,,0,001,"RT 101","L ST",16.00,W,N,B,-,Y,HUM,1,101,-,-,78.840,H,-,S,Y,2,0,1,2,A,-,11,21950,B,N,G,B,D,B,H,-,C,D,0,Y,,,,Y,,N,60,1,0,0,0,1,0,0,0,0,"- ","- ",,,HUMBOLDT,EUREKA,-124.15978240966797,40.80364990234375
9212474,2020,2021-01-21,1203,2020-12-16,1457,4044,P37,3,5,4,1203,0,0,0,,0,002,"BROADWAY ST","VIGO ST",50.00,N,N,C,-,Y,HUM,1,101,-,-,76.780,H,-,S,N,3,0,1,2,A,-,03,22350,,N,C,C,A,B,H,-,A,A,0,,,,,Y,,A,01,0,1,0,0,0,0,0,0,0,"- ","- ",40.784320831298828,-124.18267059326172,HUMBOLDT,EUREKA,-124.18251800537109,40.784641265869141
92125341,2023,2023-07-25,9126,2023-07-24,"725 ",022695,,1,1,9,1200,0,1,2,,1,066,US-101,"BENBOW DRIVE",6336.00,S,N,A,-,Y,HUM,,101," "," ",1.954,H,,R,N,3,0,1,1,C,-,18,,,N,H,H,A,A,H,-,A,D,0,,,Y,,Y,,-,"- ",0,1,0,0,0,0,0,0,1,"- ","- ",40.025981903076172,-123.79380035400391,HUMBOLDT,UNINCORPORATED,-123.79369354248047,40.025974273681641
92133612,2023,2023-08-01,9125,2023-07-22,1905,023352,,6,2,9,1200,0,1,2,,2,017,"RT 101","VALLEY GREEN CAMP ROAD",133.00,N,N,A,-,Y,HUM,,101," "," ",124.063,H,,R,Y,4,0,1,1,A,-,08,22107,,N,E,I,A,A,H,-,A,D,0,,,,,Y,,A,01,0,0,1,0,0,0,0,0,0,"- ","- ",41.324001312255859,-124.03608703613281,HUMBOLDT,UNINCORPORATED,-124.03611755371094,41.32403564453125
92134402,2023,2023-08-02,9125,2023-07-24,1403,022265,,1,2,9,1200,0,1,2,,2,030,"US 101 SB","LOLETA DRIVE",4488.00,N,N,A,-,Y,HUM,,101," "," ",66.798,H,,L,Y,4,0,1,1,A,-,08,22107,,N,E,I,A,A,H,-,A,D,0,,,,,Y,,D,22,0,0,1,0,0,0,0,0,0,"- ","- ",40.653591156005859,-124.21150207519531,HUMBOLDT,UNINCORPORATED,-124.21141052246094,40.653564453125
92138631,2023,2023-08-08,9125,2023-07-27,1807,023352,,4,2,9,1200,0,1,2,,2,044,"US-101 (S/B)","SINGLEY ROAD",2746.00,S,N,A,-,Y,HUM,,101," "," ",63.893,H,,R,N,2,0,1,2,A,-,00,21953,A,N,G,B,E,A,H,-,A,D,0,Y,,,,Y,,N,60,1,0,0,0,1,0,0,0,0,"- ","- ",40.618659973144531,-124.20353698730469,HUMBOLDT,UNINCORPORATED,-124.20335388183594,40.618812561035156
92141110,2023,2023-08-18,9125,2023-07-29,2101,022265,,6,2,2,1207,0,1,2,,2,045,"US 101 SB","PAINTER ST",252.00,S,N,A,-,Y,HUM,,101," ",R,52.839,H,,L,Y,3,0,2,3,A,-,08,22107,,N,D,C,A,A,H,-,D,D,0,,,,,Y,,A,01,0,1,1,0,0,0,0,0,0,"- ","- ",40.502449035644531,-124.10060882568359,HUMBOLDT,"RIO DELL",-124.10055541992188,40.502475738525391
92142107,2023,2023-08-11,9125,2023-08-04,1048,019725,,5,1,9,1200,0,1,2,,2,017,US-101,"REDWOOD TRAILS CIRCLE",1584.00,N,N,B,-,Y,HUM,,101," "," ",115.077,H,,R,N,4,0,2,1,C,-,18,,,N,H,H,A,A,H,-,A,D,0,,,,,Y,,-,"- ",0,0,2,0,0,0,0,0,0,"- ","- ",41.228889465332031,-124.0843505859375,HUMBOLDT,UNINCORPORATED,-124.0843505859375,41.228889465332031
92143960,2023,2023-08-15,9125,2023-08-04,2130,022265,,5,2,9,1200,0,1,2,,2,022,"US 101 (N/B)","RT 299",105.00,N,N,A,-,Y,HUM,,101," "," ",88.297,H,,R,Y,4,0,1,3,A,-,01,23152,A,N,E,J,A,A,D,-,D,A,0,,,,,Y,Y,D,22,0,0,1,0,0,0,0,0,0,"- ","- ",40.897640228271484,-124.08335876464844,HUMBOLDT,UNINCORPORATED,-124.08335876464844,40.897640228271484
92146430,2023,2023-08-17,9125,2023-08-08,1715,020946,,2,2,9,1200,0,1,2,,2,044,"US-101 S/B","SINGLEY HILL RD",1056.00,N,N,A,-,Y,HUM,,101," "," ",66.310,H,,L,Y,4,0,1,2,A,-,03,22350,,M,C,C,A,A,H,-,A,D,0,,,,,Y,,A,01,0,0,1,0,0,0,0,0,0,"- ","- ",40.646881103515625,-124.20932769775391,HUMBOLDT,UNINCORPORATED,-124.20925903320312,40.646903991699219
92148903,2023,2023-08-21,9126,2023-08-07,1600,022466,,1,2,9,1200,0,1,2,,2,044,"US-101 N/B FROM SR-254 (SYLVANDALE)","SR-254 U/C",481.00,S,N,A,-,Y,HUM,,101," ",R,17.869,H,,R,N,3,0,2,1,A,-,08,22107,,N,E,8,A,A,H,-,A,D,0,,,Y,,Y,,C,02,0,1,1,0,0,0,0,0,2,"- ","- ",40.181491851806641,-123.77629852294922,HUMBOLDT,UNINCORPORATED,-123.77632904052734,40.181503295898438
92151238,2023,2023-08-23,9125,2023-08-13,2110,020962,,7,2,9,1200,0,1,2,,2,019,"US-101 S/B","GUINTOLI LN",5808.00,N,N,A,-,Y,HUM,,101," ",R,90.012,H,,L,Y,4,0,1,1,C,-,18,,,N,H,7,A,A,H,-,D,D,0,,,,,Y,,-,"- ",0,0,1,0,0,0,0,0,0,"- ","- ",40.920021057128906,-124.09661865234375,HUMBOLDT,UNINCORPORATED,-124.09659576416016,40.920047760009766
92152491,2023,2023-08-24,9126,2023-07-22,1620,022466,,6,2,9,1200,0,1,2,,2,022,"US-101 N/B","SORENSON RD",4118.00,S,N,A,-,Y,HUM,,101," "," ",38.840,H,,R,N,3,0,4,2,A,-,03,22350,,N,C,C,A,A,H,-,A,D,0,,,,,Y,,A,01,0,4,0,0,0,0,0,0,0,"- ","- ",40.393489837646484,-123.93370056152344,HUMBOLDT,UNINCORPORATED,-123.9337158203125,40.393482208251953
92158732,2023,2023-08-30,9126,2023-08-23,"150 ",022466,,3,3,9,1200,0,1,2,,1,066,"US-101 N/B","SPROWEL CREEK ROAD OVERCROSSING",2736.00,S,N,A,-,Y,HUM,,101," ",R,10.668,H,,R,Y,4,0,1,2,A,-,03,22350,,N,E,J,A,A,H,-,D,D,0,,,,,Y,,A,01,0,0,1,0,0,0,0,0,0,"- ","- ",40.092330932617188,-123.79160308837891,HUMBOLDT,UNINCORPORATED,-123.79159545898438,40.092334747314453
92158953,2023,2023-08-30,9125,2023-08-18,"900 ",019243,,5,1,9,1200,0,1,2,,2,018,US-101,"REDWOOD TRAILS CIR",3696.00,N,N,B,-,Y,HUM,,101," "," ",115.532,H,,R,Y,2,0,2,2,A,-,05,21460,A,N,A,C,A,A,H,-,A,A,0,,,,,Y,,E,22,2,0,0,0,0,0,0,0,0,"- ","- ",41.235248565673828,-124.08373260498047,HUMBOLDT,UNINCORPORATED,-124.08368682861328,41.235263824462891
92160265,2023,2023-08-31,9125,2023-08-20,1220,019725,,7,1,9,1200,0,1,2,,2,030,"US-101 N/B","ORCHARD AVE",600.00,S,N,A,-,Y,HUM,,101," "," ",71.928,H,,R,N,4,0,3,2,A,-,04,21703,,N,C,C,A,A,H,-,A,D,0,,,,,Y,,A,01,0,0,3,0,0,0,0,0,0,"- ","- ",40.723209381103516,-124.21510314941406,HUMBOLDT,UNINCORPORATED,-124.21508026123047,40.723209381103516
92161703,2023,2023-09-04,9125,2023-08-23,1651,020962,,3,2,9,1200,0,1,2,,2,019,"US-101 S/B","AIRPORT RD",137.00,N,N,A,-,Y,HUM,,101," ",R,93.890,H,,L,N,2,0,1,1,A,-,08,22107,,N,E,8,A,A,H,-,A,D,0,,,,,Y,,A,01,1,0,0,0,0,0,0,0,0,"- ","- ",40.969280242919922,-124.11620330810547,HUMBOLDT,UNINCORPORATED,-124.11611175537109,40.969280242919922
92171408,2023,2023-09-15,9125,2023-09-07,1205,016241,,4,1,9,1200,0,1,2,,2,045,"US 101 NORTHBOUND","METROPOLITAN RD",120.00,S,N,A,-,Y,HUM,,101," ",M,54.582,H,,R,N,3,0,1,2,A,-,08,22100,B,N,D,C,A,A,H,-,A,D,0,,,,,Y,,D,22,0,1,0,0,0,0,0,0,0,"- ","- ",40.514171600341797,-124.12870788574219,HUMBOLDT,UNINCORPORATED,-124.12870025634766,40.514186859130859
92172057,2023,2023-09-18,9125,2023-09-06,"16  ",023352,,3,3,9,1200,0,1,2,,2,017,US-101,"LOST MAN CREEK TRAIL",2640.00,N,N,A,-,Y,HUM,,101," "," ",124.888,H,,R,Y,4,0,2,1,A,-,03,22350,,N,F,I,A,A,H,-,D,D,0,,,,,Y,,-,31,0,0,2,0,0,0,0,0,0,"- ","- ",41.333869934082031,-124.03109741210938,HUMBOLDT,UNINCORPORATED,-124.03112030029297,41.333873748779297
92174779,2023,2023-09-20,9125,2023-09-11,"720 ",020717,,1,1,9,1200,0,1,2,,2,022,"N/B US-101","STATE ROUTE 255",200.00,N,N,B,-,Y,HUM,,101," "," ",85.872,H,,R,Y,3,0,1,1,A,-,01,23152,A,M,E,I,A,A,H,-,A,D,0,,,,,Y,Y,A,01,0,1,0,0,0,0,0,0,0,"- ","- ",40.863250732421875,-124.08248138427734,HUMBOLDT,UNINCORPORATED,-124.08267211914062,40.863243103027344
92175291,2023,2023-09-20,9125,2023-05-15,"403 ",021919,,1,3,9,1200,0,1,2,,2,022,"US-101 NORTHBOUND","SAMOA BOULEVARD",575.00,S,N,A,-,Y,HUM,,101," "," ",85.730,H,,R,Y,1,1,0,2,A,-,11,21953,,N,G,B,E,A,H,-,E,D,0,Y,,,,Y,Y,N,60,0,0,0,1,0,0,0,0,0,"- ","- ",40.861171722412109,-124.08255004882812,HUMBOLDT,UNINCORPORATED,-124.08251190185547,40.861171722412109
92175294,2023,2023-09-20,9125,2023-06-06,2145,019243,,2,2,9,1200,0,1,2,,2,022,"US-101 NORTHBOUND","7TH STREET",128.00,S,N,B,-,Y,HUM,,101," "," ",86.070,H,,R,N,1,1,0,2,A,-,11,21954,A,F,G,B,E,A,H,-,D,D,0,Y,,,,Y,Y,N,60,0,0,0,1,0,0,0,0,0,"- ","- ",40.866119384765625,-124.08294677734375,HUMBOLDT,UNINCORPORATED,-124.0828857421875,40.866123199462891
92175920,2023,2023-12-13,9125,2023-09-12,"557 ",020946,,2,3,9,1200,0,1,2,,2,044,"US-101 S/B","PALMER BLVD",528.00,S,N,A,-,Y,HUM,,101," "," ",62.071,H,,L,N,2,0,1,2,A,-,11,21954,A,F,G,B,E,A,H,-,D,D,0,Y,,,,Y,,N,60,1,0,0,0,1,0,0,0,0,"- ","- ",40.603538513183594,-124.17566680908203,HUMBOLDT,UNINCORPORATED,-124.17565155029297,40.603557586669922
92180249,2023,2023-09-26,9126,2023-09-22,"907 ",023045,,5,1,9,1200,0,1,2,,2,044,"US 101 NORTHBOUND","MAPLE HILLS ROAD",7920.00,S,N,A,-,Y,HUM,,101," ",R,20.740,H,,R,Y,4,0,1,1,C,-,18,,,N,H,H,A,A,H,-,A,D,0,,,,,Y,,-,"- ",0,0,1,0,0,0,0,0,0,"- ","- ",40.214561462402344,-123.79264831542969,HUMBOLDT,UNINCORPORATED,-123.79263305664062,40.214561462402344
92181776,2023,2023-09-27,9125,2023-09-16,2230,023352,,6,3,9,1200,0,1,2,,2,044,"US-101 S/B","RIVERWALK DR",2640.00,N,N,A,-,Y,HUM,,101," "," ",61.011,H,,L,Y,4,0,1,1,A,-,08,22107,,N,E,I,A,A,H,-,D,D,0,,,,,Y,,A,01,0,0,1,0,0,0,0,0,0,"- ","- ",40.594730377197266,-124.15955352783203,HUMBOLDT,UNINCORPORATED,-124.15956115722656,40.594722747802734
92182549,2023,2023-09-28,9126,2023-09-12,"30  ",023141,,2,3,9,1200,0,1,2,,2,044,"US-101 N/B TO SALMON CREEK ROAD","SALMON CREEK RD",5.00,S,N,A,-,Y,HUM,,101," "," ",24.997,H,,R,Y,2,0,1,1,A,-,01,23152,A,N,E,I,A,A,H,-,D,A,0,,,,,Y,Y,A,01,1,0,0,0,0,0,0,0,0,"- ","- ",40.250831604003906,-123.83144378662109,HUMBOLDT,UNINCORPORATED,-123.83177185058594,40.250782012939453
92186297,2023,2023-10-02,9125,2023-09-25,"55  ",023364,,1,3,9,1200,0,1,2,,2,016,US-101,"DAVISON ROAD",528.00,S,N,A,-,Y,HUM,,101," "," ",123.762,H,,R,Y,3,0,1,1,A,-,01,23152,A,N,E,I,A,A,H,-,D,D,0,,,,,Y,Y,A,07,0,1,0,0,0,0,0,0,0,"- ","- ",41.320480346679688,-124.03957366943359,HUMBOLDT,UNINCORPORATED,-124.03949737548828,41.320465087890625