CASE_ID,ACCIDENT_YEAR,PROC_DATE,JURIS,COLLISION_DATE,COLLISION_TIME,OFFICER_ID,REPORTING_DISTRICT,DAY_OF_WEEK,CHP_SHIFT,POPULATION,CNTY_CITY_LOC,SPECIAL_COND,BEAT_TYPE,CHP_BEAT_TYPE,CITY_DIVISION_LAPD,CHP_BEAT_CLASS,BEAT_NUMBER,PRIMARY_RD,SECONDARY_RD,DISTANCE,DIRECTION,INTERSECTION,WEATHER_1,WEATHER_2,STATE_HWY_IND,CALTRANS_COUNTY,CALTRANS_DISTRICT,STATE_ROUTE,ROUTE_SUFFIX,POSTMILE_PREFIX,POSTMILE,LOCATION_TYPE,RAMP_INTERSECTION,SIDE_OF_HWY,TOW_AWAY,COLLISION_SEVERITY,NUMBER_KILLED,NUMBER_INJURED,PARTY_COUNT,PRIMARY_COLL_FACTOR,PCF_CODE_OF_VIOL,PCF_VIOL_CATEGORY,PCF_VIOLATION,PCF_VIOL_SUBSECTION,HIT_AND_RUN,TYPE_OF_COLLISION,MVIW,PED_ACTION,ROAD_SURFACE,ROAD_COND_1,ROAD_COND_2,LIGHTING,CONTROL_DEVICE,CHP_ROAD_TYPE,PEDESTRIAN_ACCIDENT,BICYCLE_ACCIDENT,MOTORCYCLE_ACCIDENT,TRUCK_ACCIDENT,NOT_PRIVATE_PROPERTY,ALCOHOL_INVOLVED,STWD_VEHTYPE_AT_FAULT,CHP_VEHTYPE_AT_FAULT,COUNT_SEVERE_INJ,COUNT_VISIBLE_INJ,COUNT_COMPLAINT_PAIN,COUNT_PED_KILLED,COUNT_PED_INJURED,COUNT_BICYCLIST_KILLED,COUNT_BICYCLIST_INJURED,COUNT_MC_KILLED,COUNT_MC_INJURED,PRIMARY_RAMP,SECONDARY_RAMP,LATITUDE,LONGITUDE,COUNTY,CITY,POINT_X,POINT_Y
92186357,2023,2023-10-02,9125,2023-09-21,1840,022265,,4,2,9,1200,0,1,2,,2,022,"US 101 NB","RT 299",105.00,N,N,B,-,Y,HUM,,101," "," ",88.298,H,,R,Y,4,0,1,1,A,-,08,22107,,N,E,J,A,A,D,-,B,A,0,,,,,Y,,A,01,0,0,1,0,0,0,0,0,0,"- ","- ",40.897651672363281,-124.08335876464844,HUMBOLDT,UNINCORPORATED,-124.08336639404297,40.897647857666016
92188486,2023,2024-01-24,9126,2023-09-20,1332,022466,,3,1,9,1200,0,1,2,,1,066,US-101,"THE ENTRANCE TO RICHARDSON GROVE STATE PARK",975.56,S,N,A,-,Y,HUM,,101," "," ",1.488,H,,R,N,1,1,0,2,A,-,01,23152,G,F,G,B,E,A,H,-,A,D,0,Y,,,,Y,Y,D,22,0,0,0,1,0,0,0,0,0,"- ","- ",40.019779205322266,-123.79190826416016,HUMBOLDT,UNINCORPORATED,-123.79184722900391,40.019817352294922
92190177,2023,2023-10-04,9125,2023-10-01,2040,020946,,7,2,9,1200,0,1,2,,2,044,"US-101 N/B","FERNBRIDGE DR",1584.00,S,N,A,-,Y,HUM,,101," "," ",62.765,H,,R,N,4,0,1,1,A,-,01,23152,A,N,E,8,A,A,H,-,D,D,0,,,,,Y,Y,A,01,0,0,1,0,0,0,0,0,0,"- ","- ",40.608810424804688,-124.18665313720703,HUMBOLDT,UNINCORPORATED,-124.18669128417969,40.608776092529297
92190263,2023,2023-10-04,9126,2023-09-25,"950 ",022751,,1,1,9,1200,0,1,2,,2,022,US-101,"SORENSON RD",5280.00,N,N,C,-,Y,HUM,,101," ",R,40.924,H,,R,N,3,0,1,1,A,-,03,22350,,N,F,A,A,B,H,-,A,D,0,,Y,,,Y,,L,04,0,1,0,0,0,0,1,0,0,"- ","- ",40.412040710449219,-123.96186828613281,HUMBOLDT,UNINCORPORATED,-123.96176147460938,40.412105560302734
92191789,2023,2023-10-05,9125,2023-10-04,1943,020962,,3,2,9,1200,0,1,2,,2,018,"US-101 S/B","CRANNELL RD",118.00,S,N,A,-,Y,HUM,,101," ",R,96.892,H,,L,Y,3,0,2,1,A,-,01,23152,A,N,E,I,A,A,H,-,C,D,0,,,,,Y,Y,D,22,0,2,0,0,0,0,0,0,0,"- ","- ",41.011940002441406,-124.10916900634766,HUMBOLDT,UNINCORPORATED,-124.10899353027344,41.011867523193359
92193376,2023,2023-10-06,9125,2023-09-29,1830,023364,,5,2,9,1200,0,1,2,,2,018,US-101,"WESTHAVEN DRIVE",1056.00,S,N,B,-,Y,HUM,,101," "," ",97.727,H,,R,Y,3,0,1,1,A,-,08,22107,,N,E,8,A,B,H,-,B,D,0,,,,,Y,,-,"- ",0,1,0,0,0,0,0,0,0,"- ","- ",41.027561187744141,-124.10704803466797,HUMBOLDT,UNINCORPORATED,-124.10710906982422,41.027545928955078
92203713,2023,2023-10-19,9125,2023-10-10,1308,014643,,2,1,9,1200,0,1,2,,2,017,"US-101 (REDWOOD HIGHWAY)","KANE ROAD",1056.00,S,N,B,C,Y,HUM,,101," "," ",112.348,H,,R,Y,4,0,1,1,A,-,08,22107,,N,F,I,A,B,H,-,A,D,0,,,,,Y,,A,01,0,0,1,0,0,0,0,0,0,"- ","- ",41.202060699462891,-124.11092376708984,HUMBOLDT,UNINCORPORATED,-124.11071014404297,41.202095031738281
92204664,2023,2023-10-20,9125,2023-10-13,1504,020988,,5,2,9,1200,0,1,2,,2,017,"RT 101","BALD HILLS ROAD",80.00,S,N,B,C,Y,HUM,,101," "," ",122.237,H,,R,Y,3,0,1,1,A,-,08,22107,,N,E,I,A,B,H,-,A,D,0,,,,,Y,,D,22,0,1,0,0,0,0,0,0,0,"- ","- ",41.301639556884766,-124.04801177978516,HUMBOLDT,UNINCORPORATED,-124.04801940917969,41.301654815673828
92205753,2023,2023-10-23,9126,2023-10-09,"800 ",021836,,1,1,9,1200,0,1,2,,2,022,"US-101 NORTHBOUND","PESULA ROAD",2112.00,N,N,B,C,Y,HUM,,101," "," ",31.981,H,,R,N,3,0,1,1,A,-,03,22350,,N,E,8,A,B,H,-,A,D,0,,,,,Y,,A,01,0,1,0,0,0,0,0,0,0,"- ","- ",40.309291839599609,-123.90598297119141,HUMBOLDT,UNINCORPORATED,-123.90596771240234,40.309299468994141
9221591,2021,2021-03-04,1203,2021-02-01,1600,4084,P16,1,5,4,1203,0,0,0,,0,001,"5TH ST","D ST",0.00,,Y,C,-,Y,HUM,1,101,-,-,78.397,I,5,N,N,3,0,1,2,A,-,21,22106,,N,D,C,A,B,H,-,A,A,0,,,,,Y,,A,07,0,1,0,0,0,0,0,0,0,"- ","- ",,,HUMBOLDT,EUREKA,-124.16812896728516,40.801609039306641
9222179,2021,2021-03-29,1203,2021-02-11,0753,4048,P10,4,5,4,1203,0,0,0,,0,001,"5TH ST","V ST",1028.00,E,N,C,-,Y,HUM,1,101,-,-,79.530,H,-,N,Y,3,0,1,2,A,-,04,21703,,N,C,C,A,B,H,-,A,D,0,,,,,Y,Y,A,01,0,1,0,0,0,0,0,0,0,"- ","- ",40.803390502929688,-124.14540863037109,HUMBOLDT,EUREKA,-124.14678955078125,40.803913116455078
9222183,2021,2021-03-29,1203,2021-02-23,0712,4099,P15,2,5,4,1203,0,0,0,,0,001,"BROADWAY ST","5TH ST",172.00,N,N,A,-,Y,HUM,1,101,-,-,78.080,H,-,S,N,3,0,1,1,A,-,08,22107,,N,E,I,A,A,H,-,A,D,0,,,,,Y,,A,07,0,1,0,0,0,0,0,0,0,"- ","- ",40.801280975341797,-124.17417144775391,HUMBOLDT,EUREKA,-124.17398834228516,40.801685333251953
9222187,2021,2021-03-29,1203,2021-02-25,1629,4042,P2,4,5,4,1203,0,0,0,,0,001,"RT 101","V ST",1959.00,E,N,A,-,Y,HUM,1,101,-,-,79.790,H,-,S,Y,3,0,1,3,A,-,03,22350,,N,C,C,A,A,H,-,A,D,0,,,,,Y,,-,"- ",0,1,0,0,0,0,0,0,0,"- ","- ",40.802238464355469,-124.16371917724609,HUMBOLDT,EUREKA,-124.14190673828125,40.805149078369141
92223981,2023,2023-10-31,9125,2023-10-23,1450,023364,,1,2,9,1200,0,1,S,,2,904,US-101,"BARKDULL RD",5808.00,N,N,A,-,Y,HUM,,101," ",R,44.420,H,,R,N,4,0,1,1,A,-,01,23152,A,N,E,I,A,A,H,-,A,D,0,,,,,Y,Y,A,07,0,0,1,0,0,0,0,0,0,"- ","- ",40.442920684814453,-124.005126953125,HUMBOLDT,UNINCORPORATED,-124.00506591796875,40.442985534667969
92224148,2023,2023-10-31,9125,2023-10-22,1925,023352,,7,2,9,1200,0,1,2,,2,017,US-101,"DAVISON ROAD",2112.00,S,N,A,-,Y,HUM,,101," "," ",123.125,H,,R,Y,3,0,1,1,A,-,08,22107,,N,F,A,A,B,H,-,D,D,0,,,,,Y,,A,01,0,1,0,0,0,0,0,0,0,"- ","- ",41.312480926513672,-124.04463958740234,HUMBOLDT,UNINCORPORATED,-124.04459381103516,41.312465667724609
92227600,2023,2023-11-03,9125,2023-08-12,"745 ",016241,,6,1,9,1200,0,1,2,,2,030,"US 101 NORTHBOUND","TOMPKINS HILL ROAD UNDERCROSSING",748.00,S,N,A,-,Y,HUM,,101," "," ",70.523,H,,R,N,1,1,0,1,A,-,01,23152,A,N,E,8,A,A,H,-,A,D,0,,,,,Y,Y,A,01,0,0,0,0,0,0,0,0,0,"- ","- ",40.703861236572266,-124.20935821533203,HUMBOLDT,UNINCORPORATED,-124.20943450927734,40.703845977783203
92232358,2023,2023-11-09,9125,2023-11-06,1525,020946,,1,2,9,1200,0,1,2,,2,044,"US-101 (NB)","KENMAR ROAD",528.00,N,N,C,-,Y,HUM,,101," "," ",59.930,H,,R,Y,3,0,1,1,A,-,03,22350,,N,E,I,A,B,H,-,A,D,0,,,,,Y,,A,01,0,1,0,0,0,0,0,0,0,"- ","- ",40.580791473388672,-124.15064239501953,HUMBOLDT,UNINCORPORATED,-124.15066528320312,40.580783843994141
92234519,2023,2023-11-13,9125,2023-11-04,1110,019243,,6,1,9,1200,0,1,2,,2,016,US-101,"NEWTON B DRURY SCENIC PKY",9504.00,S,N,B,-,Y,HUM,,101," ",R,135.513,H,,R,Y,4,0,1,2,A,-,03,22350,,N,D,C,A,B,H,-,A,D,0,,,,,Y,,A,07,0,0,1,0,0,0,0,0,0,"- ","- ",41.445919036865234,-124.02079010009766,HUMBOLDT,UNINCORPORATED,-124.02069854736328,41.445960998535156
92234726,2023,2023-11-13,9125,2023-11-07,1245,023352,,2,1,9,1200,0,1,2,,2,016,"US-101 N/B","NEWTON B DRURY SCENIC PKY",5280.00,S,N,A,-,Y,HUM,,101," ",R,136.352,H,,R,Y,3,0,1,1,A,-,03,22350,,N,F,0,A,B,H,-,A,D,0,,,,,Y,,-,"- ",0,1,0,0,0,0,0,0,0,"- ","- ",41.454799652099609,-124.03102111816406,HUMBOLDT,UNINCORPORATED,-124.03102111816406,41.454799652099609
92237169,2023,2023-11-15,9126,2023-11-03,1410,022695,,5,2,9,1200,0,1,2,,2,022,"US-101 SOUTHBOUND","NEWTON ROAD",13728.00,S,N,A,-,Y,HUM,,101," "," ",30.529,H,,L,Y,2,0,1,1,A,-,08,22107,,N,E,8,A,A,H,-,A,D,0,,,,,Y,,A,01,1,0,0,0,0,0,0,0,0,"- ","- ",40.294368743896484,-123.89347076416016,HUMBOLDT,UNINCORPORATED,-123.89360046386719,40.294403076171875
92242729,2023,2023-11-22,9125,2023-11-13,1015,014643,,1,1,9,1200,0,1,2,,2,016,"US-101 (REDWOOD HIGHWAY)","NEWTON B DRURY PARKWAY",5280.00,N,N,B,-,Y,HUM,,101," ",R,127.140,H,,R,Y,2,0,1,1,A,-,08,22107,,N,F,I,A,B,H,-,A,D,0,,,,,Y,,A,07,1,0,0,0,0,0,0,0,0,"- ","- ",41.358009338378906,-124.01177978515625,HUMBOLDT,UNINCORPORATED,-124.01167297363281,41.357860565185547
92242927,2023,2023-11-22,9125,2023-11-15,1758,023352,,3,2,9,1200,0,1,2,,2,016,"US-101 NORTHBOUND","NEWTON B DRURY SCENIC PKY",5280.00,S,N,A,-,Y,HUM,,101," ",R,136.350,H,,R,Y,3,0,1,1,A,-,08,22107,,N,F,A,A,B,H,-,D,D,0,,,,,Y,,A,01,0,1,0,0,0,0,0,0,0,"- ","- ",41.454769134521484,-124.03101348876953,HUMBOLDT,UNINCORPORATED,-124.03099822998047,41.45477294921875
92243001,2023,2023-11-22,9125,2023-11-15,2355,022383,,3,3,9,1200,0,1,2,,2,019,US-101,"SCHOOL ROAD",750.00,S,N,B,-,Y,HUM,,101," ",R,91.311,H,,R,Y,2,0,2,1,A,-,08,22107,,N,E,I,A,B,H,-,C,D,0,,,,,Y,,A,01,1,1,0,0,0,0,0,0,0,"- ","- ",40.932079315185547,-124.11396789550781,HUMBOLDT,UNINCORPORATED,-124.11402893066406,40.93206787109375
92243058,2023,2023-11-22,9126,2023-11-19,1240,022751,,7,1,9,1200,0,1,2,,2,022,"US-101 SOUTHBOUND","BARKDULL ROAD",7392.00,S,N,B,-,Y,HUM,,101," ",R,41.646,H,,L,Y,3,0,1,1,C,-,18,,,N,H,H,A,A,H,-,A,D,0,,,Y,,Y,,-,"- ",0,1,0,0,0,0,0,0,1,"- ","- ",40.414249420166016,-123.97466278076172,HUMBOLDT,UNINCORPORATED,-123.97461700439453,40.414337158203125
92249086,2023,2023-11-30,9125,2023-11-25,1240,019243,,6,1,9,1200,0,1,2,,2,022,"US-101 (N/B)",SR-299,300.00,N,N,A,-,Y,HUM,,101," "," ",88.328,H,,R,N,4,0,1,2,A,-,03,22350,,F,C,C,A,A,D,-,A,D,0,,,,,Y,,-,"- ",0,0,1,0,0,0,0,0,0,"- ","- ",40.898059844970703,-124.08357238769531,HUMBOLDT,UNINCORPORATED,-124.08357238769531,40.898059844970703
92254185,2023,2023-12-08,9125,2023-07-19,2500,019243,,3,4,3,1201,0,1,2,,2,022,"US-101 (S/B)","WEST END RD",650.00,S,N,B,-,Y,HUM,,101," "," ",87.746,H,,L,Y,1,1,0,1,A,-,01,23152,A,N,E,8,A,A,H,-,B,D,0,,,,,Y,Y,A,01,0,0,0,0,0,0,0,0,0,"- ","- ",40.890041351318359,-124.0802001953125,HUMBOLDT,ARCATA,-124.08010864257812,40.890045166015625
92256488,2023,2023-12-07,9125,2023-10-24,2500,016241,,2,4,9,1200,0,1,2,,2,045,"US-101 SOUTHBOUND","JORDAN ROAD",1584.00,N,N,B,-,Y,HUM,,101," ",R,46.246,H,,L,Y,1,1,0,1,A,-,01,23152,A,N,E,8,A,A,H,-,A,D,0,,,,,Y,Y,A,07,0,0,0,0,0,0,0,0,0,"- ","- ",40.440898895263672,-124.03807067871094,HUMBOLDT,UNINCORPORATED,-124.03802490234375,40.440944671630859
92257462,2023,2023-12-08,9126,2023-11-28,1827,022695,,2,2,9,1200,0,1,2,,2,044,"US-101 NORTHBOUND","DEAN CREEK ROAD",106.00,S,N,A,-,Y,HUM,,101," ",R,14.281,H,,R,Y,2,0,1,1,A,-,01,23152,A,N,F,0,A,A,H,-,D,D,0,,,,,Y,Y,E,22,1,0,0,0,0,0,0,0,0,"- ","- ",40.140380859375,-123.80879974365234,HUMBOLDT,UNINCORPORATED,-123.80872344970703,40.140365600585938
92262239,2023,2023-12-14,9125,2023-12-11,"800 ",020962,,1,1,3,1201,0,1,2,,2,022,"US-101 S/B",SR-299,2112.00,S,N,B,-,Y,HUM,,101," "," ",87.855,H,,L,Y,3,0,1,4,A,-,03,22350,,N,C,C,A,A,H,-,A,D,0,,,,,Y,,D,22,0,1,0,0,0,0,0,0,0,"- ","- ",40.891548156738281,-124.08052825927734,HUMBOLDT,ARCATA,-124.08052825927734,40.891551971435547
92269225,2023,2023-12-22,9125,2023-12-15,"630 ",021313,,5,1,9,1200,0,1,2,,2,044,"US-101 N/B","SINGLEY HILL RD",125.00,W,N,A,-,Y,HUM,,101," "," ",64.415,H,,R,Y,3,0,1,1,A,-,08,22107,,N,E,I,A,A,H,-,C,D,0,,,,,Y,,-,"- ",0,1,0,0,0,0,0,0,0,"- ","- ",40.622051239013672,-124.21205139160156,HUMBOLDT,UNINCORPORATED,-124.21215057373047,40.6219482421875
92269737,2023,2024-01-22,9125,2023-12-15,1825,023352,,5,2,9,1200,0,1,2,,2,022,"US-101 NORTH","BAYSIDE CUTTOFF",0.00,,Y,B,-,Y,HUM,,101," "," ",83.923,H,,R,Y,2,0,5,3,A,-,12,22450,A,N,D,C,A,B,H,-,C,D,0,,,,,Y,,A,01,1,4,0,0,0,0,0,0,0,"- ","- ",40.835071563720703,-124.08181762695312,HUMBOLDT,UNINCORPORATED,-124.08180999755859,40.835071563720703
92274006,2023,2023-12-28,9125,2023-12-23,"935 ",021313,,6,1,9,1200,0,1,2,,2,044,US-101,"LOLETA OVERCROSS",700.00,S,N,A,-,Y,HUM,,101," "," ",65.774,H,,R,Y,3,0,2,1,A,-,08,22107,,M,F,I,A,A,H,-,A,D,0,,,,,Y,,A,07,0,2,0,0,0,0,0,0,0,"- ","- ",40.639488220214844,-124.21029663085938,HUMBOLDT,UNINCORPORATED,-124.21038055419922,40.639511108398438
92274102,2023,2024-01-10,9125,2023-11-27,"820 ",014643,,1,1,9,1200,0,1,2,,2,017,"US-101 (REDWOOD HIGHWAY)","LOST MAN CREEK",528.00,N,N,A,-,Y,HUM,,101," "," ",124.844,H,,R,Y,1,2,3,2,A,-,05,21460,A,N,A,C,A,A,H,-,A,D,0,,,,Y,Y,,A,07,3,0,0,0,0,0,0,0,0,"- ","- ",41.333259582519531,-124.03101348876953,HUMBOLDT,UNINCORPORATED,-124.03108978271484,41.333244323730469
92278370,2023,2024-01-03,9125,2023-12-28,1940,021919,,4,2,9,1200,0,1,2,,2,022,"US-101 NORTHBOUND",SR-299,195.00,S,N,A,-,Y,HUM,,101," "," ",88.162,H,,R,Y,3,0,1,1,A,-,08,22107,,N,E,I,A,A,H,-,D,D,0,,,,,Y,,D,22,0,1,0,0,0,0,0,0,0,"- ","- ",40.895839691162109,-124.08242034912109,HUMBOLDT,UNINCORPORATED,-124.08245086669922,40.895832061767578
92278402,2023,2024-01-03,9126,2023-10-31,"20  ",023141,,2,3,9,1200,0,1,2,,1,066,US-101,"MPM 101 HUM 1.78",106.00,S,N,A,-,Y,HUM,,101," "," ",1.702,H,,R,Y,1,1,1,1,A,-,08,22107,,N,E,8,A,A,H,-,D,D,0,,,,,Y,,D,22,1,0,0,0,0,0,0,0,0,"- ","- ",40.0224609375,-123.79371643066406,HUMBOLDT,UNINCORPORATED,-123.79376220703125,40.022445678710938
92281025,2024,2024-01-08,9125,2024-01-05,"810 ",020988,,5,1,9,1200,0,1,2,,2,017,"RT 101","STONE LAGOON VISITOR CENTER",1584.00,N,N,B,-,Y,HUM,,101," "," ",115.652,H,,R,N,2,0,1,1,A,-,03,22350,,N,F,A,A,B,H,-,A,D,0,,,Y,,Y,,C,02,1,0,0,0,0,0,0,0,1,"- ","- ",41.236919403076172,-124.08354949951172,HUMBOLDT,UNINCORPORATED,-124.08354949951172,41.236919403076172
92285197,2024,2024-01-11,9125,2024-01-05,"720 ",020988,,5,1,9,1200,0,1,2,,2,018,US-101,"N. WESTHAVEN DRIVE",528.00,S,N,B,-,Y,HUM,,101," "," ",100.584,H,,R,Y,4,0,1,1,A,-,08,22107,,N,E,8,A,B,H,-,B,D,0,,,,,Y,,-,"- ",0,0,1,0,0,0,0,0,0,"- ","- ",41.061111450195312,-124.13706970214844,HUMBOLDT,UNINCORPORATED,-124.13710021972656,41.061077117919922
92286754,2024,2024-01-15,9125,2024-01-06,2320,022265,,6,3,9,1200,0,1,2,,2,044,"US-101 SB","PALMER BLVD",600.00,N,N,B,-,Y,HUM,,101," "," ",62.356,H,,L,Y,3,0,1,2,A,-,01,23152,A,N,C,2,A,B,H,-,D,D,0,,,,,Y,Y,A,01,0,1,0,0,0,0,0,0,0,"- ","- ",40.605548858642578,-124.18034362792969,HUMBOLDT,UNINCORPORATED,-124.18033599853516,40.605556488037109
92287021,2024,2024-01-15,9126,2024-01-06,1410,023578,,6,2,9,1200,0,1,2,,2,022,"US-101 SOUTHBOUND","SORENSON ROAD",6864.00,S,N,C,-,Y,HUM,,101," "," ",38.670,H,,L,Y,2,0,1,1,A,-,03,22350,,N,E,8,A,C,H,-,A,D,0,,,,,Y,,A,07,1,0,0,0,0,0,0,0,0,"- ","- ",40.391151428222656,-123.93270874023438,HUMBOLDT,UNINCORPORATED,-123.93271636962891,40.391147613525391
92290271,2024,2024-01-18,9125,2024-01-13,1050,020988,,6,1,9,1200,0,1,2,,2,018,"US-101 (N/B)","CRANNELL ROAD",200.00,S,N,B,C,Y,HUM,,101," ",R,96.981,H,,R,Y,4,0,1,1,A,-,03,22350,,N,E,I,A,B,H,-,A,D,0,,,,,Y,,A,01,0,0,1,0,0,0,0,0,0,"- ","- ",41.012989044189453,-124.10817718505859,HUMBOLDT,UNINCORPORATED,-124.10806274414062,41.012962341308594
92291523,2024,2024-01-19,9125,2024-01-13,1925,021313,,6,2,9,1200,0,1,2,,2,019,"US-101 (REDWOOD HIGHWAY)","WESTHAVEN DRIVE",3168.00,S,N,B,C,Y,HUM,,101," "," ",100.051,H,,R,Y,3,0,1,1,A,-,03,22350,,N,E,I,A,B,H,-,D,D,0,,,,,Y,,-,"- ",0,1,0,0,0,0,0,0,0,"- ","- ",41.056739807128906,-124.128662109375,HUMBOLDT,UNINCORPORATED,-124.128662109375,41.056739807128906
92294793,2024,2024-01-24,9125,2024-01-17,2111,022402,,3,2,9,1200,0,1,2,,2,045,"US-101 NORTHBOUND","KENMAR ROAD",1320.00,S,N,A,-,Y,HUM,,101," "," ",59.083,H,,R,Y,3,0,2,3,A,-,03,22350,,N,B,C,A,B,H,-,D,A,0,,,,Y,Y,,A,01,0,1,1,0,0,0,0,0,0,"- ","- ",40.568649291992188,-124.14852905273438,HUMBOLDT,UNINCORPORATED,-124.14846801757812,40.568653106689453
92294979,2024,2024-01-23,9125,2024-01-13,"840 ",019725,,6,1,9,1200,0,1,2,,2,030,"US-101 N/B","TOMPKINS HILL RD",1584.00,S,N,B,C,Y,HUM,,101," "," ",70.385,H,,R,N,4,0,1,1,A,-,03,22350,,N,F,A,A,B,H,-,A,D,0,,,,,Y,,A,01,0,0,1,0,0,0,0,0,0,"- ","- ",40.702289581298828,-124.20790863037109,HUMBOLDT,UNINCORPORATED,-124.20811462402344,40.702140808105469
92296157,2024,2024-01-24,9125,2024-01-22,2215,023352,,1,3,9,1200,0,1,2,,2,030,"US-101 SOUTH","TOMPKINS HILL ROAD",5280.00,S,N,B,C,Y,HUM,,101," "," ",70.196,H,,R,Y,3,0,1,1,A,-,03,22350,,N,F,A,A,B,H,-,D,D,0,,,,,Y,,A,07,0,1,0,0,0,0,0,0,0,"- ","- ",40.700119018554688,-124.20571899414062,HUMBOLDT,UNINCORPORATED,-124.20554351806641,40.700237274169922
92304082,2024,2024-02-02,9125,2024-01-28,"9   ",022402,,7,3,9,1200,0,1,2,,2,030,"US-101 S/B","ORCHARD AVENUE",3960.00,S,N,A,-,Y,HUM,,101," "," ",71.270,H,,L,Y,3,0,1,1,A,-,03,22350,,N,E,I,A,B,H,-,D,D,0,,,,,Y,,A,01,0,1,0,0,0,0,0,0,0,"- ","- ",40.713859558105469,-124.21465301513672,HUMBOLDT,UNINCORPORATED,-124.214599609375,40.713882446289062
92311809,2024,2024-02-12,9125,2024-02-05,"300 ",023352,,1,3,9,1200,0,1,2,,2,016,"US-101 NB","CAL-BARREL ROAD",6864.00,N,N,C,-,Y,HUM,,101," ",R,131.013,H,,R,Y,3,0,1,1,A,-,08,22107,,N,E,I,A,B,H,-,D,D,0,,,,,Y,,A,08,0,1,0,0,0,0,0,0,0,"- ","- ",41.397518157958984,-123.99359130859375,HUMBOLDT,UNINCORPORATED,-123.99356842041016,41.397518157958984
92313165,2024,2024-02-13,9125,2024-02-06,"206 ",023352,,2,3,9,1200,0,1,2,,2,019,"US-101 SOUTH","SCHOOL ROAD",211.00,S,N,C,-,Y,HUM,,101," ",R,91.054,H,,R,N,4,0,1,1,A,-,01,23152,A,N,E,A,A,B,H,-,C,D,0,,,,,Y,Y,A,01,0,0,1,0,0,0,0,0,0,"- ","- ",40.928440093994141,-124.11292266845703,HUMBOLDT,UNINCORPORATED,-124.1126708984375,40.928524017333984
9231339,2021,2021-03-16,1203,2021-02-02,1917,4013,P17,2,5,4,1203,0,0,0,,0,001,"4TH ST","I ST",0.00,,Y,A,-,Y,HUM,1,101,-,-,78.680,I,5,N,N,2,0,1,2,A,-,11,21950,B,N,G,B,B,A,H,-,C,A,0,Y,,,,Y,Y,N,60,1,0,0,0,1,0,0,0,0,"- ","- ",40.803230285644531,-124.16288757324219,HUMBOLDT,EUREKA,-124.1627197265625,40.802356719970703
9231416,2021,2021-04-27,1203,2021-03-31,0025,4044,P52,3,5,4,1203,0,0,0,,0,002,"BROADWAY ST","HARRIS ST",450.00,N,N,A,-,Y,HUM,1,101,-,-,76.420,H,-,N,Y,3,0,3,2,A,-,09,21801,A,N,A,C,A,A,H,-,C,D,0,,,,,Y,,A,01,0,3,0,0,0,0,0,0,0,"- ","- ",40.783088684082031,-124.18356323242188,HUMBOLDT,EUREKA,-124.18578338623047,40.780113220214844
92314971,2024,2024-02-15,9126,2024-02-07,"905 ",023578,,3,1,9,1200,0,1,2,,1,066,"US-101 N/B","BENBOW DRIVE",5333.00,N,N,B,C,Y,HUM,,101," ",R,6.091,H,,R,Y,3,0,1,1,A,-,08,22107,,N,F,A,A,B,H,-,A,D,0,,,,Y,Y,,F,26,0,1,0,0,0,0,0,0,0,"- ","- ",40.038059234619141,-123.77665710449219,HUMBOLDT,UNINCORPORATED,-123.7767333984375,40.03802490234375
92315025,2024,2024-02-15,9125,2024-02-08,1208,022265,,4,1,9,1200,0,1,2,,2,044,"US-101 NB","SINGLEY HILL RD",100.00,N,N,B,-,Y,HUM,,101," "," ",64.325,H,,R,Y,4,0,1,2,C,-,18,,,N,C,2,A,A,H,-,A,D,0,,,,,Y,,-,"- ",0,0,1,0,0,0,0,0,0,"- ","- ",40.621330261230469,-124.21066284179688,HUMBOLDT,UNINCORPORATED,-124.21065521240234,40.621334075927734
92315466,2024,2024-02-15,9125,2024-02-05,"732 ",016241,,1,1,9,1200,0,1,2,,2,044,"US 101 NORTHBOUND","12TH STREET",2112.00,S,N,B,C,Y,HUM,,101," "," ",60.061,H,,R,Y,3,0,1,2,A,-,01,23152,F,N,C,C,A,B,H,-,A,D,0,,,,,Y,,A,01,0,1,0,0,0,0,0,0,0,"- ","- ",40.582588195800781,-124.15144348144531,HUMBOLDT,UNINCORPORATED,-124.15141296386719,40.582595825195312
92322591,2024,2024-02-26,9125,2024-02-17,"945 ",022265,,6,1,9,1200,0,1,2,,2,045,"US 101 N/B","RAILROAD AVE",581.00,S,N,C,-,Y,HUM,,101," ",R,50.181,H,,R,Y,3,0,3,1,A,-,08,22107,,N,E,I,A,B,H,-,A,D,0,,,,,Y,,A,07,0,1,2,0,0,0,0,0,0,"- ","- ",40.4635009765625,-124.09102630615234,HUMBOLDT,UNINCORPORATED,-124.09103393554688,40.463493347167969