CASE_ID,ACCIDENT_YEAR,PROC_DATE,JURIS,COLLISION_DATE,COLLISION_TIME,OFFICER_ID,REPORTING_DISTRICT,DAY_OF_WEEK,CHP_SHIFT,POPULATION,CNTY_CITY_LOC,SPECIAL_COND,BEAT_TYPE,CHP_BEAT_TYPE,CITY_DIVISION_LAPD,CHP_BEAT_CLASS,BEAT_NUMBER,PRIMARY_RD,SECONDARY_RD,DISTANCE,DIRECTION,INTERSECTION,WEATHER_1,WEATHER_2,STATE_HWY_IND,CALTRANS_COUNTY,CALTRANS_DISTRICT,STATE_ROUTE,ROUTE_SUFFIX,POSTMILE_PREFIX,POSTMILE,LOCATION_TYPE,RAMP_INTERSECTION,SIDE_OF_HWY,TOW_AWAY,COLLISION_SEVERITY,NUMBER_KILLED,NUMBER_INJURED,PARTY_COUNT,PRIMARY_COLL_FACTOR,PCF_CODE_OF_VIOL,PCF_VIOL_CATEGORY,PCF_VIOLATION,PCF_VIOL_SUBSECTION,HIT_AND_RUN,TYPE_OF_COLLISION,MVIW,PED_ACTION,ROAD_SURFACE,ROAD_COND_1,ROAD_COND_2,LIGHTING,CONTROL_DEVICE,CHP_ROAD_TYPE,PEDESTRIAN_ACCIDENT,BICYCLE_ACCIDENT,MOTORCYCLE_ACCIDENT,TRUCK_ACCIDENT,NOT_PRIVATE_PROPERTY,ALCOHOL_INVOLVED,STWD_VEHTYPE_AT_FAULT,CHP_VEHTYPE_AT_FAULT,COUNT_SEVERE_INJ,COUNT_VISIBLE_INJ,COUNT_COMPLAINT_PAIN,COUNT_PED_KILLED,COUNT_PED_INJURED,COUNT_BICYCLIST_KILLED,COUNT_BICYCLIST_INJURED,COUNT_MC_KILLED,COUNT_MC_INJURED,PRIMARY_RAMP,SECONDARY_RAMP,LATITUDE,LONGITUDE,COUNTY,CITY,POINT_X,POINT_Y
92331017,2024,2024-03-06,9126,2024-02-28,2153,021929,,3,2,9,1200,0,1,2,,2,022,"US-101 NORTHBOUND","PESULA ROAD",2640.00,S,N,B,-,Y,HUM,,101," "," ",31.103,H,,R,N,3,0,1,1,A,-,01,23152,A,N,E,I,A,B,H,-,D,D,0,,,,,Y,Y,D,22,0,1,0,0,0,0,0,0,0,"- ","- ",40.302501678466797,-123.89285278320312,HUMBOLDT,UNINCORPORATED,-123.89281463623047,40.302509307861328
92332664,2024,2024-03-07,9125,2024-03-02,"752 ",020988,,6,1,9,1200,0,1,2,,2,030,"US-101 (NB)","HOOKTON ROAD",4752.00,N,N,C,F,Y,HUM,,101," "," ",66.870,H,,R,Y,4,0,1,1,A,-,03,22350,,N,E,8,A,C,H,-,A,D,0,,,,,Y,,A,07,0,0,1,0,0,0,0,0,0,"- ","- ",40.654441833496094,-124.21048736572266,HUMBOLDT,UNINCORPORATED,-124.21051788330078,40.654457092285156
92333606,2024,2024-03-08,9125,2024-03-01,2315,021919,,5,3,9,1200,0,1,2,,2,045,"US-101 NORTHBOUND","SOUTH MAIN STREET",2640.00,N,N,F,-,Y,HUM,,101," ",R,51.051,H,,R,Y,4,0,2,1,C,-,18,,,N,F,A,A,C,B,-,D,D,0,,,,,Y,,-,"- ",0,0,2,0,0,0,0,0,0,"- ","- ",40.474071502685547,-124.09970855712891,HUMBOLDT,UNINCORPORATED,-124.09977722167969,40.474056243896484
92334820,2024,2024-03-11,9125,2024-03-03,1033,020962,,7,1,9,1200,0,1,2,,2,019,"US-101 (NB)","CENTRAL AVE",1584.00,N,N,B,F,Y,HUM,,101," ",R,90.475,H,,R,Y,3,0,3,1,C,-,18,,,N,F,A,A,C,B,-,A,D,0,,,,,Y,,-,"- ",0,1,2,0,0,0,0,0,0,"- ","- ",40.923660278320312,-124.10408020019531,HUMBOLDT,UNINCORPORATED,-124.10415649414062,40.923561096191406
92335306,2024,2024-03-11,9125,2024-03-05,1155,022265,,2,1,9,1200,0,1,2,,2,030,"US-101 (NB)","TOMPKINS HILL RD",2059.00,S,N,C,-,Y,HUM,,101," "," ",70.408,H,,R,N,4,0,1,1,A,-,03,22350,,N,F,A,A,B,H,-,A,D,0,,,,,Y,,A,01,0,0,1,0,0,0,0,0,0,"- ","- ",40.702419281005859,-124.20836639404297,HUMBOLDT,UNINCORPORATED,-124.20841979980469,40.702388763427734
92336278,2024,2024-03-12,9125,2024-03-03,1100,023159,,7,1,9,1200,0,1,2,,2,022,"US-101 N/B",SR-299,540.00,S,N,C,F,Y,HUM,,101," "," ",88.044,H,,R,Y,4,0,1,1,C,-,18,,,N,E,I,A,C,B,-,A,D,0,,,,,Y,,-,"- ",0,0,1,0,0,0,0,0,0,"- ","- ",40.894260406494141,-124.08159637451172,HUMBOLDT,UNINCORPORATED,-124.08165740966797,40.894245147705078
92336314,2024,2024-03-12,9126,2024-03-04,1620,023578,,1,2,9,1200,0,1,2,,2,022,"US-101 N/B","NEWTON RD",2482.00,S,N,B,C,Y,HUM,,101," "," ",32.735,H,,R,Y,2,0,2,1,A,-,08,22107,,N,E,8,A,B,H,-,A,D,0,,,,,Y,,A,01,1,1,0,0,0,0,0,0,0,"- ","- ",40.315559387207031,-123.91721343994141,HUMBOLDT,UNINCORPORATED,-123.91725158691406,40.315517425537109
92337048,2024,2024-03-13,9125,2024-03-03,1415,020988,,7,2,9,1200,0,1,2,,2,022,US-101,"SAMOA BLVD.",515.00,N,N,C,F,Y,HUM,,101," "," ",85.937,H,,L,Y,4,0,1,1,A,-,03,22350,,N,F,A,A,C,H,-,A,D,0,,,,,Y,,A,01,0,0,1,0,0,0,0,0,0,"- ","- ",40.864238739013672,-124.08329772949219,HUMBOLDT,UNINCORPORATED,-124.08295440673828,40.864253997802734
92342927,2024,2024-03-20,9125,2024-03-17,1715,023352,,7,2,9,1200,0,1,2,,1,024,"US-101 N/B","INDIANOLA CUTOFF",0.00,,Y,A,-,Y,HUM,,101," "," ",82.673,H,,R,Y,4,0,1,2,A,-,09,21803,A,F,D,C,A,A,D,-,A,D,0,,,,,Y,,D,22,0,0,1,0,0,0,0,0,0,"- ","- ",40.820289611816406,-124.09324645996094,HUMBOLDT,UNINCORPORATED,-124.09325408935547,40.820293426513672
92347297,2024,2024-03-26,9125,2024-03-22,1405,019243,,5,2,9,1200,0,1,2,,2,017,US-101,"KANE RD",6864.00,S,N,B,-,Y,HUM,,101," "," ",111.270,H,,R,N,4,0,1,1,A,-,03,22350,,N,E,I,A,B,H,-,A,D,0,,,,,Y,,D,22,0,0,1,0,0,0,0,0,0,"- ","- ",41.187889099121094,-124.10755157470703,HUMBOLDT,UNINCORPORATED,-124.10772705078125,41.187911987304688
92351628,2024,2024-04-01,9125,2024-01-21,2243,020946,,7,3,9,1200,0,1,2,,2,045,"US-101 SOUTHBOUND","METROPOLITAN  RD",1056.00,S,N,C,-,Y,HUM,,101," "," ",55.573,H,,L,Y,1,3,0,2,A,-,01,23152,A,N,A,C,A,B,H,-,D,D,0,,,,,Y,Y,D,22,0,0,0,0,0,0,0,0,0,"- ","- ",40.520511627197266,-124.1455078125,HUMBOLDT,UNINCORPORATED,-124.14553833007812,40.520481109619141
92353973,2024,2024-04-03,9125,2024-03-28,"950 ",019725,,4,1,9,1200,0,1,2,,2,030,"US-101 N/B","HOOKTON RD",1320.00,N,N,C,F,Y,HUM,,101," "," ",68.407,H,,R,Y,4,0,1,1,A,-,03,22350,,N,F,0,A,B,B,-,A,D,0,,,,,Y,,D,22,0,0,1,0,0,0,0,0,0,"- ","- ",40.674911499023438,-124.20128631591797,HUMBOLDT,UNINCORPORATED,-124.20133209228516,40.674911499023438
92358673,2024,2024-04-08,9125,2024-03-28,1000,019243,,4,1,9,1200,0,1,2,,2,017,US-101,"KANE RD",6864.00,S,N,B,-,Y,HUM,,101," "," ",111.190,H,,R,Y,4,0,1,1,A,-,08,22107,,N,E,I,A,B,H,-,A,D,0,,,,,Y,,D,22,0,0,1,0,0,0,0,0,0,"- ","- ",41.186779022216797,-124.10794067382812,HUMBOLDT,UNINCORPORATED,-124.10802459716797,41.186782836914062
92366606,2024,2024-04-17,9125,2024-04-12,1230,022297,,5,1,9,1200,0,1,2,,2,044,"US-101 (N/B) TO PALMER BLVD (OFF-RAMP)","PALMER BLVD",0.00,,Y,A,-,Y,HUM,,101," "," ",62.238,H,,R,N,4,0,1,2,A,-,09,21802,A,N,D,C,A,A,H,-,A,D,0,,,,,Y,,A,08,0,0,1,0,0,0,0,0,0,"- ","- ",40.605220794677734,-124.17801666259766,HUMBOLDT,UNINCORPORATED,-124.17816162109375,40.604995727539062
9237763,2021,2021-04-07,1203,2021-01-28,1535,4036,P51,4,5,4,1203,0,0,0,,0,002,BROADWAY,TRUESDALE,0.00,,Y,A,-,Y,HUM,1,101,-,-,76.030,I,5,S,N,4,0,1,2,A,-,08,22107,,N,D,C,A,A,H,-,A,D,0,,,,,Y,,D,82,0,0,1,0,0,0,0,0,0,"- ","- ",,,HUMBOLDT,EUREKA,-124.19042205810547,40.775604248046875
92379500,2024,2024-05-01,9125,2024-04-24,1655,022265,,3,2,9,1200,0,1,2,,2,044,"US-101 S/B","LOLETA DR",0.20,S,N,B,-,Y,HUM,,101," "," ",65.736,H,,L,Y,4,0,1,3,A,-,03,22350,,N,C,C,A,A,H,-,A,D,0,,,,,Y,,A,07,0,0,1,0,0,0,0,0,0,"- ","- ",40.638999938964844,-124.21082305908203,HUMBOLDT,UNINCORPORATED,-124.21085357666016,40.639011383056641
92381564,2024,2024-05-03,9125,2024-04-24,1649,021919,,3,2,9,1200,0,1,2,,2,044,"US-101 SOUTHBOUND","FERNBRIDGE DR",2640.00,N,N,A,-,Y,HUM,,101," "," ",64.941,H,,L,Y,4,0,1,1,A,-,03,22350,,N,E,I,A,A,H,-,A,D,0,,,,,Y,,A,01,0,0,1,0,0,0,0,0,0,"- ","- ",40.628139495849609,-124.21607208251953,HUMBOLDT,UNINCORPORATED,-124.21626281738281,40.628177642822266
92401284,2024,2024-05-29,9125,2024-05-17,1945,021313,,5,2,9,1200,0,1,2,,2,019,"US-101 NORTHBOUND","AIRPORT RD",350.00,S,N,A,-,Y,HUM,,101," ",R,93.793,H,,R,Y,2,0,1,1,A,-,01,23152,F,F,F,I,A,A,H,-,A,D,0,,,,,Y,,A,01,1,0,0,0,0,0,0,0,0,"- ","- ",40.967838287353516,-124.11578369140625,HUMBOLDT,UNINCORPORATED,-124.1158447265625,40.967838287353516
92401538,2024,2024-05-29,9125,2024-05-24,"515 ",019243,,5,3,9,1200,0,1,2,,2,018,"US-101 S/B","MAIN ST",3696.00,N,N,B,-,Y,HUM,,101," ",R,101.448,H,,L,Y,4,0,1,1,A,-,08,22107,,N,E,I,A,A,H,-,B,D,0,,,,,Y,,A,01,0,0,1,0,0,0,0,0,0,"- ","- ",41.072170257568359,-124.14138793945312,HUMBOLDT,UNINCORPORATED,-124.14147186279297,41.072170257568359
92402432,2024,2024-05-30,9125,2024-05-25,1340,023137,,6,1,3,1201,0,1,2,,2,022,US-101,"7TH STREET",380.00,S,N,A,-,Y,HUM,,101," "," ",86.024,H,,R,N,3,0,1,1,A,-,03,22350,,N,F,A,A,A,H,-,A,D,0,,,Y,,Y,,C,02,0,1,0,0,0,0,0,0,1,"- ","- ",40.865440368652344,-124.08305358886719,HUMBOLDT,ARCATA,-124.08283996582031,40.865447998046875
9240307,2021,2021-04-12,1203,2021-03-23,1729,4042,P51,2,5,4,1203,0,0,0,,0,002,"BROADWAY ST","BAYSHORE MALL",0.00,,Y,A,-,Y,HUM,1,101,-,-,76.295,I,5,N,Y,4,0,1,5,A,-,12,21453,A,N,D,C,A,A,H,-,A,A,0,,,,,Y,,A,01,0,0,1,0,0,0,0,0,0,"- ","- ",40.791038513183594,-124.18974304199219,HUMBOLDT,EUREKA,-124.18756103515625,40.778934478759766
92404313,2024,2024-06-03,9125,2024-05-23,1330,023179,,4,1,9,1200,0,1,2,,2,022,"US-101 (NB) TO WESTBOUND SAMOA BLVD","SAMOA BLVD",610.00,S,N,A,-,Y,HUM,,101," "," ",85.708,H,,R,N,3,0,1,2,A,-,04,21703,,N,C,C,A,A,H,-,A,D,0,,,,,Y,,D,22,0,1,0,0,0,0,0,0,0,"- ","- ",40.860870361328125,-124.08235931396484,HUMBOLDT,UNINCORPORATED,-124.08248901367188,40.860862731933594
9240477,2021,2021-04-20,1203,2021-02-16,0623,4048,P19,2,5,4,1203,0,0,0,,0,001,"5TH ST","S ST",7.00,E,N,A,-,Y,HUM,1,101,-,-,79.232,I,5,N,Y,2,0,1,2,A,-,10,21950,A,N,G,B,B,A,H,-,C,A,0,Y,,,,Y,Y,A,01,1,0,0,0,1,0,0,0,0,"- ","- ",40.803890228271484,-124.15258026123047,HUMBOLDT,EUREKA,-124.15250396728516,40.803867340087891
9241351,2021,2021-04-07,1203,2021-03-09,1337,4092,P37,2,5,4,1203,0,0,0,,0,002,"BROADWAY ST","HAWTHORNE ST",421.00,S,N,B,-,Y,HUM,1,101,-,-,77.060,H,-,N,N,3,0,1,2,A,-,03,22350,,N,C,C,A,B,H,-,A,D,0,,,,,Y,,D,22,0,1,0,0,0,0,0,0,0,"- ","- ",,,HUMBOLDT,EUREKA,-124.18030548095703,40.788051605224609
92416486,2024,2024-06-17,9126,2024-06-08,1314,022602,,6,1,9,1200,0,1,2,,2,022,"US-101 N/B","DYERVILLE LOOP RD",1162.00,S,N,A,-,Y,HUM,,101," "," ",35.481,H,,R,Y,3,0,1,1,A,-,08,22107,,N,E,8,A,A,H,-,A,D,0,,,,,Y,,A,07,0,1,0,0,0,0,0,0,0,"- ","- ",40.350139617919922,-123.92964172363281,HUMBOLDT,UNINCORPORATED,-123.92960357666016,40.350135803222656
92416495,2024,2024-06-17,9126,2024-06-06,"130 ",023699,,4,3,9,1200,0,1,2,,1,066,"US-101 NORTHBOUND","LAKE BENBOW DRIVE",6125.00,N,N,A,-,Y,HUM,,101," ",R,9.960,H,,R,Y,3,0,1,1,C,-,18,,,N,H,H,A,A,H,-,D,D,0,,,,,Y,,-,"- ",0,1,0,0,0,0,0,0,0,"- ","- ",40.081630706787109,-123.79055786132812,HUMBOLDT,UNINCORPORATED,-123.79055023193359,40.081630706787109
92417245,2024,2024-06-18,9126,2024-05-26,2320,022731,,7,3,9,1200,0,1,2,,2,044,"US-101 S/B","MPM 101 HUM 20.00",50.00,N,N,A,-,Y,HUM,,101," ",R,20.025,H,,L,Y,2,0,1,1,A,-,08,22107,,N,E,I,A,A,H,-,D,D,0,,,,,Y,,A,01,1,0,0,0,0,0,0,0,0,"- ","- ",40.204750061035156,-123.78917694091797,HUMBOLDT,UNINCORPORATED,-123.78912353515625,40.204795837402344
92417732,2024,2024-06-18,9126,2024-05-26,1800,022466,,7,2,9,1200,0,1,2,,2,022,"US-101 N/B","SORENSON ROAD U/C",4473.00,S,N,A,-,Y,HUM,,101," "," ",38.768,H,,R,N,3,0,1,1,A,-,01,23152,A,N,E,8,A,A,H,-,A,D,0,,,,,Y,Y,A,01,0,1,0,0,0,0,0,0,0,"- ","- ",40.392559051513672,-123.93309783935547,HUMBOLDT,UNINCORPORATED,-123.93309020996094,40.392562866210938
92423376,2024,2024-06-25,9125,2024-06-19,2126,021919,,3,2,9,1200,0,1,2,,2,044,"US-101 NORTHBOUND","KENMAR ROAD",2640.00,N,N,A,-,Y,HUM,,101," "," ",59.980,H,,R,Y,3,0,1,1,C,-,18,,,N,H,H,A,A,H,-,D,D,0,,,,,Y,,-,"- ",0,1,0,0,0,0,0,0,0,"- ","- ",40.581478118896484,-124.15097045898438,HUMBOLDT,UNINCORPORATED,-124.15095520019531,40.581485748291016
92424270,2024,2024-06-26,9125,2024-06-24,1434,022402,,1,2,9,1200,0,1,2,,2,045,"US-101 S/B","JORDAN RD",2640.00,N,N,A,-,Y,HUM,,101," ",R,46.546,H,,L,N,3,0,1,1,A,-,08,22107,,N,E,I,A,A,H,-,A,D,0,,,Y,,Y,,C,02,0,1,0,0,0,0,0,0,1,"- ","- ",40.444919586181641,-124.03972625732422,HUMBOLDT,UNINCORPORATED,-124.03958129882812,40.444911956787109
92424284,2024,2024-06-26,9125,2024-06-19,1605,023159,,3,2,9,1200,0,1,2,,2,022,US-101,"BAYSIDE CUTOFF",2112.00,N,N,A,-,Y,HUM,,101," "," ",84.326,H,,R,Y,2,0,1,1,A,-,08,22107,,N,E,8,A,A,H,-,A,D,0,,,,,Y,,A,01,1,0,0,0,0,0,0,0,0,"- ","- ",40.840850830078125,-124.08168029785156,HUMBOLDT,UNINCORPORATED,-124.08174133300781,40.840850830078125
92425125,2024,2024-06-27,9125,2024-03-27,1240,016241,,3,1,9,1200,0,1,2,,2,030,"US 101 NORTHBOUND","HUMBOLDT HILL ROAD OVERCROSSING",305.00,N,N,B,C,Y,HUM,,101," "," ",73.791,H,,L,Y,1,1,0,1,A,-,03,22350,,N,F,A,A,B,H,-,A,D,0,,,,,Y,,A,07,0,0,0,0,0,0,0,0,0,"- ","- ",40.745899200439453,-124.19879913330078,HUMBOLDT,UNINCORPORATED,-124.19889068603516,40.745964050292969
92425172,2024,2024-08-14,9125,2024-03-31,1647,016241,,7,2,9,1200,0,1,2,,2,044,"US-101 NORTHBOUND","FERNBRIDGE DRIVE",2323.00,N,N,B,-,Y,HUM,,101," "," ",63.592,H,,R,Y,1,1,1,1,A,-,08,22107,,N,E,I,A,A,H,-,A,D,0,,,,,Y,,D,22,1,0,0,0,0,0,0,0,0,"- ","- ",40.616741180419922,-124.19837951660156,HUMBOLDT,UNINCORPORATED,-124.19843292236328,40.616653442382812
92430401,2024,2024-07-03,9126,2024-06-16,"810 ",022602,,7,1,9,1200,0,1,2,,2,022,"US-101 N/B","JORDAN ROAD",2693.00,S,N,A,-,Y,HUM,,101," ",R,45.387,H,,R,N,3,0,1,1,A,-,08,22107,,N,E,I,A,A,H,-,A,D,0,,,,,Y,,A,01,0,1,0,0,0,0,0,0,0,"- ","- ",40.441471099853516,-124.02239227294922,HUMBOLDT,UNINCORPORATED,-124.02241516113281,40.441505432128906
92432643,2024,2024-07-08,9125,2024-06-27,1415,023179,,4,2,9,1200,0,1,2,,2,022,"US-101 (SB) FROM GIUNTOLI LANE","GIUNTONLI LANE",528.00,S,N,A,-,Y,HUM,,101," "," ",88.689,H,,R,N,3,0,1,1,A,-,08,22107,,N,F,A,A,A,H,-,A,D,0,,,,,Y,,A,01,0,1,0,0,0,0,0,0,0,"- ","- ",40.902839660644531,-124.08631134033203,HUMBOLDT,UNINCORPORATED,-124.08599853515625,40.902931213378906
92433863,2024,2024-07-09,9125,2024-07-02,"100 ",023364,,2,3,9,1200,0,1,2,,2,044,"US-101 (NB)","SINGLEY HILL RD",6336.00,S,N,A,-,Y,HUM,,101," "," ",63.731,H,,R,Y,3,0,1,1,A,-,08,22107,,N,E,I,A,A,H,-,D,D,0,,,,,Y,,A,01,0,1,0,0,0,0,0,0,0,"- ","- ",40.617488861083984,-124.20085144042969,HUMBOLDT,UNINCORPORATED,-124.20088958740234,40.617412567138672
92440831,2024,2024-07-16,9126,2024-07-03,1335,020706,,3,1,9,1200,0,1,2,,2,044,"US-101 S/B","SALMON CREEK ROAD OVERCROSSING",1426.00,S,N,A,-,Y,HUM,,101," "," ",24.723,H,,L,Y,2,0,4,2,A,-,08,22107,,N,D,C,A,A,H,-,A,D,0,,,,,Y,,A,01,3,1,0,0,0,0,0,0,0,"- ","- ",40.246818542480469,-123.83155822753906,HUMBOLDT,UNINCORPORATED,-123.83164978027344,40.246818542480469
92443424,2024,2024-07-19,9125,2024-07-09,1344,023833,,2,1,9,1200,0,1,2,,2,045,"US-101 (N/B)","DAVIS ST",2112.00,N,N,A,-,Y,HUM,,101," ",R,53.025,H,,R,N,3,0,1,1,A,-,08,22107,,N,F,A,A,A,H,-,A,D,0,,,Y,,Y,,C,02,0,1,0,0,0,0,0,0,1,"- ","- ",40.504379272460938,-124.10265350341797,HUMBOLDT,UNINCORPORATED,-124.10264587402344,40.504383087158203
92444359,2024,2024-07-22,9125,2024-07-11,2155,023875,,4,2,9,1200,0,1,2,,2,019,"US-101 (NB)","AIRPORT ROAD",1005.00,S,N,A,-,Y,HUM,,101," ",R,93.661,H,,R,Y,2,0,1,1,A,-,01,23152,G,N,A,I,A,A,H,-,D,D,0,,,,,Y,Y,A,07,1,0,0,0,0,0,0,0,0,"- ","- ",40.965930938720703,-124.11582946777344,HUMBOLDT,UNINCORPORATED,-124.1158447265625,40.965930938720703
9245505,2021,2021-03-29,1203,2021-03-02,2216,4043,P18,2,5,4,1203,0,0,0,,0,001,"RT 101","P ST",63.00,E,N,A,-,Y,HUM,1,101,-,-,79.100,H,-,N,Y,2,0,1,2,A,-,11,21950,B,N,G,B,D,A,H,-,C,D,0,Y,,,,Y,,N,60,1,0,0,0,1,0,0,0,0,"- ","- ",40.804450988769531,-124.15278625488281,HUMBOLDT,EUREKA,-124.15493011474609,40.803440093994141
9245509,2021,2021-04-02,1203,2021-03-10,2024,4067,P51,3,5,4,1203,0,0,0,,0,002,"BROADWAY ST","BAYSHORE MALL ENTRANCE",21.00,N,N,C,-,Y,HUM,1,101,-,-,76.310,H,-,S,N,4,0,2,2,A,-,03,22350,,N,C,C,A,B,H,-,C,A,0,,,,,Y,Y,A,01,0,0,2,0,0,0,0,0,0,"- ","- ",40.779098510742188,-124.18756866455078,HUMBOLDT,EUREKA,-124.18741607666016,40.779121398925781
92559823,2024,2024-07-23,9125,2024-07-15,1225,023833,,1,1,9,1200,0,1,2,,2,022,"US-101 NORTHBOUND",SR-299,200.00,N,N,A,-,Y,HUM,,101," "," ",88.317,H,,R,Y,4,0,1,2,A,-,03,22350,,N,E,8,A,A,H,-,A,D,0,,,,,Y,,A,01,0,0,1,0,0,0,0,0,0,"- ","- ",40.897899627685547,-124.08352661132812,HUMBOLDT,UNINCORPORATED,-124.08349609375,40.897911071777344
9261167,2021,2021-05-05,1203,2021-04-10,1942,4101,P16,6,5,4,1203,0,0,0,,0,001,"RT 101","F ST",0.00,,Y,A,-,Y,HUM,1,101,-,-,78.499,I,5,S,N,3,0,3,2,A,-,12,21453,A,N,D,C,A,A,H,-,B,A,0,,,,,Y,,A,01,0,3,0,0,0,0,0,0,0,"- ","- ",40.802761077880859,-124.16618347167969,HUMBOLDT,EUREKA,-124.16618347167969,40.802757263183594
9261272,2021,2021-05-21,1203,2021-04-28,1543,4076,P2,3,5,4,1203,0,0,0,,0,001,"RT 101","V ST",1960.00,E,N,A,-,Y,HUM,1,101,-,-,79.750,H,-,S,N,4,0,1,2,A,-,03,22350,,N,C,C,A,A,H,-,A,D,0,,,,,Y,,A,01,0,0,1,0,0,0,0,0,0,"- ","- ",40.805629730224609,-124.14385986328125,HUMBOLDT,EUREKA,-124.14264678955078,40.804988861083984
9263258,2021,2021-06-09,1203,2021-05-06,1510,4099,P17,4,5,4,1203,0,0,0,,0,001,5TH,L,0.00,,Y,A,-,Y,HUM,1,101,-,L,78.849,I,5,S,Y,4,0,2,2,A,-,12,21453,A,N,D,C,A,A,H,-,A,A,0,,,,,Y,,A,01,0,0,2,0,0,0,0,0,0,"- ","- ",40.802570343017578,-124.15955352783203,HUMBOLDT,EUREKA,-124.15955352783203,40.802570343017578
9263266,2021,2021-06-09,1203,2021-05-06,1855,4099,P37,4,5,4,1203,0,0,0,,0,002,BROADWAY,"BAYSHORE WY",119.00,N,N,A,-,Y,HUM,1,101,-,-,76.580,H,-,S,N,3,0,2,2,A,-,08,22107,,F,A,C,A,A,H,-,B,D,0,,,,,Y,,A,01,0,1,1,0,0,0,0,0,0,"- ","- ",40.782291412353516,-124.18462371826172,HUMBOLDT,EUREKA,-124.18428039550781,40.782188415527344
9273410,2021,2021-06-28,1203,2021-04-14,1326,4065,P69,3,5,4,1203,0,0,0,,0,002,"BROADWAY ST","SUNSET AV",1604.00,S,N,A,-,Y,HUM,1,101,-,-,75.120,H,-,N,Y,2,0,2,2,A,-,05,21650,,N,D,C,A,A,H,-,A,D,0,,,,Y,Y,,D,22,1,1,0,0,0,0,0,0,0,"- ","- ",40.76300048828125,-124.18991851806641,HUMBOLDT,EUREKA,-124.19072723388672,40.762893676757812
9274821,2021,2021-07-15,1203,2021-06-06,0510,4084,P37,7,5,4,1203,0,0,0,,0,002,"BROADWAY ST","VIGO ST",700.00,N,N,A,-,Y,HUM,1,101,-,-,76.880,H,-,N,Y,2,0,1,3,A,-,01,23152,A,N,C,E,A,A,H,-,B,A,0,,,,,Y,Y,D,22,1,0,0,0,0,0,0,0,0,"- ","- ",40.785518646240234,-124.18148040771484,HUMBOLDT,EUREKA,-124.18158721923828,40.785816192626953
9275115,2021,2021-07-01,1203,2021-05-15,2034,4086,P15,6,5,4,1203,0,0,0,,0,001,BROADWAY,"4TH ST",111.00,S,N,A,-,N,,,101,,,,,,,Y,2,0,1,1,A,-,03,22350,,N,E,I,A,A,H,-,C,A,0,,,,,Y,,-,,1,0,0,0,0,0,0,0,0,"- ","- ",40.801158905029297,-124.17424011230469,HUMBOLDT,EUREKA,-124.17418670654297,40.800769805908203
9275583,2021,2021-08-06,1203,2021-06-21,1109,4044,P18,1,5,4,1203,0,0,0,,0,001,"5TH ST","N S",0.00,W,N,A,-,Y,,,101,,,,,,,N,3,0,1,2,A,-,03,22350,,N,C,C,A,A,H,-,A,D,0,,,,Y,Y,,G,25,0,1,0,0,0,0,0,0,0,"- ","- ",40.803138732910156,-124.15728759765625,HUMBOLDT,EUREKA,-124.15728759765625,40.803119659423828
9275599,2021,2021-07-20,1203,2021-05-24,1330,4021,P66,1,5,4,1203,0,0,0,,0,002,BROADWAY,HIGHLAND,100.00,N,N,A,-,Y,HUM,1,101,-,-,76.010,H,-,S,N,3,0,1,2,A,-,03,22350,,N,D,C,A,A,H,-,A,D,0,,Y,,,Y,,L,04,0,1,0,0,0,0,1,0,0,"- ","- ",40.775650024414062,-124.18965148925781,HUMBOLDT,EUREKA,-124.19043731689453,40.775474548339844
9280116,2021,2021-06-17,1203,2021-05-25,0841,4044,P31,2,5,4,1203,0,0,0,,0,002,"BROADWAY ST","14TH ST",11.00,N,N,A,-,Y,HUM,1,101,-,-,77.490,I,5,N,N,3,0,1,2,A,-,10,21950,A,N,G,B,B,A,H,-,A,A,0,Y,,,,Y,,A,08,0,1,0,0,1,0,0,0,0,"- ","- ",40.794120788574219,-124.17682647705078,HUMBOLDT,EUREKA,-124.17676544189453,40.794132232666016
9286100,2021,2021-07-12,1203,2021-06-08,1128,4044,P22,2,5,4,1203,0,0,0,,0,001,"BROADWAY ST","W CLARK ST",0.00,,Y,A,-,Y,HUM,1,101,-,-,77.680,I,5,S,Y,3,0,1,2,A,-,09,21802,A,N,D,C,A,A,H,-,A,A,0,,,,,Y,,A,01,0,1,0,0,0,0,0,0,0,"- ","- ",40.796600341796875,-124.17542266845703,HUMBOLDT,EUREKA,-124.17545318603516,40.796665191650391