CASE_ID,ACCIDENT_YEAR,PROC_DATE,JURIS,COLLISION_DATE,COLLISION_TIME,OFFICER_ID,REPORTING_DISTRICT,DAY_OF_WEEK,CHP_SHIFT,POPULATION,CNTY_CITY_LOC,SPECIAL_COND,BEAT_TYPE,CHP_BEAT_TYPE,CITY_DIVISION_LAPD,CHP_BEAT_CLASS,BEAT_NUMBER,PRIMARY_RD,SECONDARY_RD,DISTANCE,DIRECTION,INTERSECTION,WEATHER_1,WEATHER_2,STATE_HWY_IND,CALTRANS_COUNTY,CALTRANS_DISTRICT,STATE_ROUTE,ROUTE_SUFFIX,POSTMILE_PREFIX,POSTMILE,LOCATION_TYPE,RAMP_INTERSECTION,SIDE_OF_HWY,TOW_AWAY,COLLISION_SEVERITY,NUMBER_KILLED,NUMBER_INJURED,PARTY_COUNT,PRIMARY_COLL_FACTOR,PCF_CODE_OF_VIOL,PCF_VIOL_CATEGORY,PCF_VIOLATION,PCF_VIOL_SUBSECTION,HIT_AND_RUN,TYPE_OF_COLLISION,MVIW,PED_ACTION,ROAD_SURFACE,ROAD_COND_1,ROAD_COND_2,LIGHTING,CONTROL_DEVICE,CHP_ROAD_TYPE,PEDESTRIAN_ACCIDENT,BICYCLE_ACCIDENT,MOTORCYCLE_ACCIDENT,TRUCK_ACCIDENT,NOT_PRIVATE_PROPERTY,ALCOHOL_INVOLVED,STWD_VEHTYPE_AT_FAULT,CHP_VEHTYPE_AT_FAULT,COUNT_SEVERE_INJ,COUNT_VISIBLE_INJ,COUNT_COMPLAINT_PAIN,COUNT_PED_KILLED,COUNT_PED_INJURED,COUNT_BICYCLIST_KILLED,COUNT_BICYCLIST_INJURED,COUNT_MC_KILLED,COUNT_MC_INJURED,PRIMARY_RAMP,SECONDARY_RAMP,LATITUDE,LONGITUDE,COUNTY,CITY,POINT_X,POINT_Y
9286108,2021,2021-07-09,1203,2021-06-19,0014,4086,P15,6,5,4,1203,0,0,0,,0,001,BROADWAY,"5TH ST",0.00,,Y,A,-,N,,,101,,,,,,,Y,3,0,2,1,A,-,03,22350,,N,E,I,A,A,D,H,C,-,0,,,,,Y,,A,01,0,2,0,0,0,0,0,0,0,"- ","- ",40.800251007080078,-124.17507171630859,HUMBOLDT,EUREKA,-124.17502593994141,40.800247192382812
9286372,2021,2021-07-20,1203,2021-06-22,1134,4044,P37,2,5,4,1203,0,0,0,,0,002,BROADWAY,VIGO,300.00,N,N,A,-,Y,HUM,1,101,-,-,76.800,H,-,N,Y,3,0,1,2,A,-,03,22350,,N,C,C,A,A,H,-,A,D,0,,,,,Y,,A,08,0,1,0,0,0,0,0,0,0,"- ","- ",40.785610198974609,-124.18241119384766,HUMBOLDT,EUREKA,-124.18221282958984,40.784839630126953
9294134,2021,2021-08-11,1203,2021-04-21,1602,4076,P22,3,5,4,1203,0,0,0,,0,001,"RT 101","W CLARK ST",0.00,,Y,A,-,Y,HUM,1,101,-,-,77.680,I,5,S,N,2,0,1,2,A,-,11,21950,B,N,G,B,D,A,H,-,A,D,0,Y,,,Y,Y,,N,60,1,0,0,0,1,0,0,0,0,"- ","- ",40.796348571777344,-124.17584228515625,HUMBOLDT,EUREKA,-124.17545318603516,40.796665191650391
9295847,2021,2021-08-09,1203,2021-06-17,1242,4044,P52,4,5,4,1203,0,0,0,,0,002,BROADWAY,"BAYSHORE WY",135.00,N,N,A,-,Y,HUM,1,101,-,-,76.590,H,-,S,N,3,0,1,2,A,-,08,22107,,F,G,B,E,A,H,-,A,D,0,Y,,,,Y,,A,01,0,1,0,0,1,0,0,0,0,"- ","- ",40.779960632324219,-124.18974304199219,HUMBOLDT,EUREKA,-124.18418884277344,40.782321929931641
9301163,2021,2021-08-13,1203,2021-07-22,2115,4076,P15,4,5,4,1203,0,0,0,,0,001,"BROADWAY ST","6TH ST",87.00,N,N,A,-,Y,HUM,1,101,-,-,77.930,H,-,S,N,3,0,1,1,A,-,08,22107,,N,F,A,A,A,H,-,C,D,0,,,Y,,Y,,C,02,0,1,0,0,0,0,0,0,1,"- ","- ",40.800270080566406,-124.17508697509766,HUMBOLDT,EUREKA,-124.17514038085938,40.800270080566406
9315931,2021,2021-10-01,1203,2021-08-20,1134,4101,P37,5,5,4,1203,0,0,0,,0,002,"BROADWAY ST","W DEL NORTE",0.00,,Y,A,-,Y,HUM,1,101,-,-,77.230,H,-,N,Y,3,0,3,3,A,-,07,21658,,N,C,C,A,A,H,-,A,D,0,,,,,Y,,A,01,0,3,0,0,0,0,0,0,0,"- ","- ",40.785068511962891,-124.18258666992188,HUMBOLDT,EUREKA,-124.17890167236328,40.790454864501953
9315967,2021,2021-09-16,1203,2021-08-04,1239,4043,P17,3,5,4,1203,0,0,0,,0,001,"H ST","5TH ST",0.00,,Y,A,-,Y,HUM,1,101,-,-,78.626,I,5,N,Y,2,0,4,3,A,-,12,21453,A,N,D,C,A,A,H,-,A,A,0,,,,,Y,,A,01,1,3,0,0,0,0,0,0,0,"- ","- ",40.802230834960938,-124.163818359375,HUMBOLDT,EUREKA,-124.16379547119141,40.802200317382812
9320272,2021,2023-06-20,1203,2021-10-08,2116,4043,P37,5,5,4,1203,0,0,0,,0,002,"RT 101","W HENDERSON ST",0.00,,Y,A,-,Y,HUM,1,101,-,-,76.650,I,5,N,Y,1,1,0,2,A,-,09,21453,B,N,H,G,A,A,H,-,C,A,0,,Y,,Y,Y,,F,26,0,0,0,0,0,1,0,0,0,"- ","- ",40.783260345458984,-124.18359375,HUMBOLDT,EUREKA,-124.18347930908203,40.783077239990234
9320505,2022,2022-03-17,1203,2022-01-09,1719,4084,P11,7,5,4,1203,0,0,0,,0,001,"N RT 101","MPM 80.09",151.00,E,N,A,-,Y,HUM,,101,,,80.260,H,,R,Y,1,1,0,1,A,-,08,22107,,N,E,I,A,A,H,-,A,A,0,,,Y,,Y,,C,02,0,0,0,0,0,0,0,1,0,"- ","- ",40.805198669433594,-124.13339233398438,HUMBOLDT,EUREKA,-124.13339233398438,40.805179595947266
9322193,2021,2021-09-16,1203,2021-08-17,1144,4043,P19,2,5,4,1203,0,0,0,,0,001,"4TH ST","Q ST",130.00,W,N,A,-,Y,HUM,1,101,-,-,79.100,H,-,S,Y,2,0,1,1,C,-,18,,,N,E,J,A,A,D,-,A,D,0,,,Y,,Y,,-,"- ",1,0,0,0,0,0,0,0,1,"- ","- ",40.804721832275391,-124.15470886230469,HUMBOLDT,EUREKA,-124.15508270263672,40.804645538330078
9322223,2021,2021-09-13,1203,2021-08-15,2150,4045,P69,7,5,4,1203,0,0,0,,0,002,BROADWAY,SUNSET,353.00,N,N,A,-,Y,HUM,1,101,-,-,75.480,H,-,N,N,3,0,1,2,A,-,07,21658,A,M,C,C,A,A,H,-,C,A,0,,,,,Y,,-,99,0,1,0,0,0,0,0,0,0,"- ","- ",40.768268585205078,-124.19122314453125,HUMBOLDT,EUREKA,-124.19158935546875,40.768379211425781
9339544,2021,2021-10-20,1203,2021-08-15,0723,4104,P51,7,5,4,1203,0,0,0,,0,002,"RT 101",TRUESDALE,313.00,N,N,A,-,Y,HUM,1,101,-,-,76.080,H,-,S,Y,4,0,2,2,A,-,12,21453,A,N,D,C,A,A,H,-,A,A,0,,,,,Y,,A,08,0,0,2,0,0,0,0,0,0,"- ","- ",40.776050567626953,-124.19052886962891,HUMBOLDT,EUREKA,-124.19022369384766,40.776458740234375
9346014,2021,2021-11-08,1203,2021-10-08,1817,4100,P31,5,5,4,1203,0,0,0,,0,002,14TH,BROADWAY,0.00,,Y,A,-,Y,HUM,1,101,-,-,77.490,I,6,S,N,3,0,1,2,A,-,08,22107,,N,C,C,A,A,H,-,A,A,0,,,,,Y,,D,22,0,1,0,0,0,0,0,0,0,"- ","- ",40.791019439697266,-124.18244171142578,HUMBOLDT,EUREKA,-124.17691040039062,40.794124603271484
9346016,2021,2021-11-16,1203,2021-10-06,2346,4043,P31,3,5,4,1203,0,0,0,,0,002,"RT 101","SUNSET AV",95.00,S,N,A,-,Y,HUM,1,101,-,-,75.390,H,-,S,Y,4,0,1,2,A,-,03,22350,,M,B,C,A,A,D,-,C,D,0,,,,Y,Y,,D,22,0,0,1,0,0,0,0,0,0,"- ","- ",40.76708984375,-124.19162750244141,HUMBOLDT,EUREKA,-124.19169616699219,40.766792297363281
9355723,2021,2021-11-08,1203,2021-09-24,2048,4100,P2,5,5,4,1203,0,0,0,,0,001,"RT 101","V ST",2997.00,N,N,A,-,Y,HUM,1,101,-,-,79.970,H,-,N,N,4,0,1,2,A,-,01,23152,,N,C,C,A,A,H,-,C,D,0,,,,,Y,Y,A,07,0,0,1,0,0,0,0,0,0,"- ","- ",40.805000305175781,-124.13343048095703,HUMBOLDT,EUREKA,-124.13862609863281,40.805641174316406
9359697,2021,2021-11-16,1203,2021-09-02,2150,4075,HCSO,4,5,4,1203,0,0,0,,0,HCSO,"RT 101","HERRICK AV",1424.00,N,N,A,-,Y,HUM,1,101,-,-,75.040,H,-,N,N,4,0,1,2,A,-,03,22350,,N,A,C,A,A,H,-,D,D,0,,,,,Y,,A,01,0,0,1,0,0,0,0,0,0,"- ","- ",40.758289337158203,-124.19074249267578,HUMBOLDT,EUREKA,-124.1903076171875,40.761791229248047
93652749,2024,2024-08-05,9125,2024-07-27,2255,021313,,6,3,9,1200,0,1,2,,2,045,"US-101 (N/B)","MAIN ST.",660.00,N,N,A,-,Y,HUM,,101," ",R,50.713,H,,R,Y,3,0,1,1,C,-,18,,,N,E,H,A,A,H,-,D,D,0,,,,,Y,,-,"- ",0,1,0,0,0,0,0,0,0,"- ","- ",40.469730377197266,-124.09691619873047,HUMBOLDT,UNINCORPORATED,-124.09689331054688,40.469745635986328
9366575,2021,2021-12-20,1203,2021-10-11,1333,4105,P17,1,5,4,1203,0,0,0,,0,001,"4TH ST","K ST",0.00,,Y,A,-,Y,HUM,1,101,-,-,78.800,H,-,S,Y,3,0,2,2,A,-,03,22350,A,N,C,C,A,A,H,-,A,D,0,,,,,Y,,A,07,0,1,1,0,0,0,0,0,0,"- ","- ",40.803539276123047,-124.16071319580078,HUMBOLDT,EUREKA,-124.16055297851562,40.803543090820312
9370995,2021,2021-12-03,1203,2021-10-18,1500,4105,P37,1,5,4,1203,0,0,0,,0,002,BROADWAY,"VIGO ST",0.00,,Y,A,-,Y,HUM,1,101,-,-,76.740,H,-,S,Y,3,0,2,3,A,-,03,22350,A,N,C,C,A,A,H,-,A,A,0,,,,,Y,,A,01,0,1,1,0,0,0,0,0,0,"- ","- ",40.784030914306641,-124.18347930908203,HUMBOLDT,EUREKA,-124.18284606933594,40.784164428710938
9371515,2021,2021-12-29,1203,2021-10-07,1540,4105,P2,4,5,4,1203,0,0,0,,0,001,"RT 101","6TH ST",0.00,,Y,A,-,Y,HUM,1,101,-,-,79.680,H,-,N,N,3,0,1,2,A,-,03,22350,A,F,B,C,A,A,H,-,A,D,0,,,Y,,Y,,A,01,0,1,0,0,0,0,0,0,1,"- ","- ",40.802238464355469,-124.16371154785156,HUMBOLDT,EUREKA,-124.14392852783203,40.804519653320312
9371516,2021,2021-12-29,1203,2021-10-20,2048,4036,P17,3,5,4,1203,0,0,0,,0,001,"5TH ST","L ST",0.00,,Y,A,-,Y,HUM,1,101,-,-,78.870,H,-,N,N,4,0,1,2,A,-,08,22107,,N,B,C,A,A,H,-,C,A,0,,,,,Y,,A,07,0,0,1,0,0,0,0,0,0,"- ","- ",40.802841186523438,-124.15941619873047,HUMBOLDT,EUREKA,-124.15923309326172,40.802848815917969
93763818,2024,2024-08-14,9125,2024-08-02,"900 ",019243,,5,1,9,1200,0,1,2,,2,017,US-101,"OLD STATE HWY",2640.00,N,N,A,-,Y,HUM,,101," "," ",117.376,H,,R,Y,3,0,1,1,A,-,08,22107,,N,E,I,A,A,H,-,A,D,0,,,,,Y,,A,01,0,1,0,0,0,0,0,0,0,"- ","- ",41.258369445800781,-124.09568786621094,HUMBOLDT,UNINCORPORATED,-124.09550476074219,41.258445739746094
93768312,2024,2024-08-07,9125,2024-08-05,1847,023833,,1,2,9,1200,0,1,2,,2,019,"US-101 SB","SCHOOL RD",1056.00,S,N,B,-,Y,HUM,,101," ",R,91.223,H,,L,N,4,0,1,1,A,-,03,22350,,N,F,A,A,A,H,-,A,D,0,,,Y,,Y,,C,02,0,0,1,0,0,0,0,0,1,"- ","- ",40.930801391601562,-124.1138916015625,HUMBOLDT,UNINCORPORATED,-124.11387634277344,40.930805206298828
9377452,2021,2021-12-29,1203,2021-10-26,1643,4126,P13,2,5,4,1203,0,0,0,,0,001,"RT 101","AIRPORT RD",31.00,N,N,C,-,Y,HUM,1,101,-,-,80.840,I,5,N,Y,2,0,1,2,A,-,09,21802,A,N,D,C,A,B,H,-,A,A,0,,,,,Y,,D,22,1,0,0,0,0,0,0,0,0,"- ","- ",40.805519104003906,-124.12246704101562,HUMBOLDT,EUREKA,-124.12245178222656,40.805583953857422
9377464,2021,2021-12-29,1203,2021-10-22,1938,4107,P39,5,5,4,1203,0,0,0,,0,022,"W HAWTHORNE ST","BROADWAY ST",0.00,,Y,A,-,Y,HUM,1,101,-,-,77.140,I,6,N,N,4,0,1,2,A,-,09,21804,,N,H,G,A,B,H,-,C,A,0,,Y,,,Y,,L,04,0,0,1,0,0,0,1,0,0,"- ","- ",40.789100646972656,-124.17958831787109,HUMBOLDT,EUREKA,-124.17973327636719,40.789043426513672
9379000,2021,2021-12-31,1203,2021-10-08,2012,4101,P51,5,5,4,1203,0,0,0,,0,002,"RT 101","N MALL ENT",177.00,S,N,C,-,Y,HUM,1,101,-,-,76.250,H,-,N,N,2,0,1,4,A,-,11,21954,A,N,G,B,D,A,H,-,C,D,0,Y,,,,Y,,N,60,1,0,0,0,1,0,0,0,0,"- ","- ",40.778671264648438,-124.18813323974609,HUMBOLDT,EUREKA,-124.18830871582031,40.778587341308594
9379577,2021,2022-01-31,1203,2021-12-07,1420,4068,P66,2,5,4,1203,0,0,0,,0,002,"BROADWAY ST","HIGHLAND AV",0.00,,Y,A,-,Y,HUM,1,101,-,-,75.980,H,-,N,N,3,0,3,3,A,-,03,22350,,N,C,C,A,A,H,-,A,D,0,,,,,Y,,A,01,0,1,2,0,0,0,0,0,0,"- ","- ",40.775520324707031,-124.1900634765625,HUMBOLDT,EUREKA,-124.19036102294922,40.775203704833984
9379646,2022,2022-02-08,1203,2022-01-07,2108,4106,P17,5,5,4,1203,0,0,0,,0,001,"5TH ST","L ST",65.00,E,N,A,-,Y,HUM,1,101,-,-,78.880,H,-,N,Y,3,0,1,3,A,-,01,23152,A,N,C,E,A,A,H,-,C,D,0,,,,,Y,Y,A,01,0,1,0,0,0,0,0,0,0,"- ","- ",40.802841186523438,-124.15941619873047,HUMBOLDT,EUREKA,-124.15908813476562,40.802894592285156
9379678,2021,2022-02-08,1203,2021-11-02,1324,4036,P19,2,5,4,1203,0,0,0,,0,001,"5TH ST","U ST",0.00,,Y,A,-,Y,HUM,1,101,-,-,79.340,H,-,N,N,4,0,1,2,A,-,03,22350,,N,C,C,A,A,H,-,A,D,0,,,,,Y,,A,01,0,0,1,0,0,0,0,0,0,"- ","- ",40.804458618164062,-124.15072631835938,HUMBOLDT,EUREKA,-124.1505126953125,40.803852081298828
9379715,2021,2022-02-07,1203,2021-10-15,1713,4039,P17,5,5,4,1203,0,0,0,,0,001,"H ST","5TH ST",0.00,,Y,A,-,Y,HUM,1,101,-,-,78.626,I,5,N,Y,3,0,1,2,A,-,12,21453,A,N,D,C,A,A,H,-,A,A,0,,,Y,,Y,,C,02,0,1,0,0,0,0,0,0,1,"- ","- ",40.802230834960938,-124.163818359375,HUMBOLDT,EUREKA,-124.16379547119141,40.802200317382812
9379945,2021,2022-02-15,1203,2021-11-03,1711,4036,P19,3,5,4,1203,0,0,0,,0,001,"5TH ST","T ST",0.00,,Y,B,C,Y,HUM,1,101,-,-,79.289,I,5,N,N,3,0,1,2,A,-,09,21802,A,N,D,C,A,B,H,-,A,A,0,,,,,Y,,A,01,0,1,0,0,0,0,0,0,0,"- ","- ",40.803878784179688,-124.15148162841797,HUMBOLDT,EUREKA,-124.15151214599609,40.803859710693359
9384753,2021,2022-01-03,1203,2021-12-08,0939,4067,P51,3,5,4,1203,0,0,0,,0,002,"BROADWAY ST","HIGHLAND AV",0.00,,Y,A,-,Y,HUM,1,101,-,-,75.990,I,5,N,N,3,0,1,2,A,-,09,21802,,N,D,C,A,A,H,-,A,D,0,,,,,Y,,D,82,0,1,0,0,0,0,0,0,0,"- ","- ",40.775360107421875,-124.18818664550781,HUMBOLDT,EUREKA,-124.19033813476562,40.775344848632812
9413663,2021,2022-02-24,1203,2021-09-14,0855,4076,P19,2,5,4,1203,0,0,0,,0,001,"R ST","4TH ST",0.00,,Y,A,-,Y,HUM,1,101,-,-,79.169,I,5,S,Y,2,0,1,2,A,-,09,21801,,N,D,C,A,A,H,-,A,A,0,,,,,Y,,A,01,1,0,0,0,0,0,0,0,0,"- ","- ",40.804710388183594,-124.15358734130859,HUMBOLDT,EUREKA,-124.15364074707031,40.804698944091797
9413667,2021,2022-02-18,1203,2021-10-18,1550,4036,P2,1,5,4,1203,0,0,0,,0,001,"RT 101","V ST",1425.00,E,N,A,-,Y,HUM,1,101,-,-,79.670,H,-,N,N,3,0,1,2,A,-,11,21954,A,N,G,B,D,A,H,-,A,D,0,Y,,,,Y,,N,60,0,1,0,0,1,0,0,0,0,"- ","- ",40.804378509521484,-124.14408111572266,HUMBOLDT,EUREKA,-124.14411926269531,40.804477691650391
9413680,2022,2022-02-22,1203,2022-01-12,1300,4021,P15,3,5,4,1203,0,0,0,,0,001,"RT 101","6TH ST",60.00,N,N,A,-,Y,HUM,1,101,-,-,77.930,H,-,N,N,3,0,1,2,A,-,00,21952,A,F,G,B,F,A,H,-,A,D,0,Y,,,,Y,,A,01,0,1,0,0,1,0,0,0,0,"- ","- ",40.800151824951172,-124.17469024658203,HUMBOLDT,EUREKA,-124.17503356933594,40.800201416015625
9413969,2021,2022-03-02,1203,2021-11-01,1032,4036,P31,1,5,4,1203,0,0,0,,0,002,"BROADWAY ST","W WABASH AV",0.00,,Y,A,-,Y,HUM,1,101,-,-,77.300,H,-,S,N,3,0,1,2,A,-,03,22350,,F,C,C,A,A,H,-,A,A,0,,,,,Y,,A,01,0,1,0,0,0,0,0,0,0,"- ","- ",40.791511535644531,-124.17835998535156,HUMBOLDT,EUREKA,-124.17843627929688,40.791526794433594
9414000,2022,2022-03-10,1203,2022-02-18,1716,4124,P31,5,5,4,1203,0,0,0,,0,002,"BROADWAY ST","WASHINGTON ST",120.00,W,N,A,-,Y,HUM,1,101,-,-,77.820,H,-,S,N,3,0,1,2,A,-,03,22350,,N,C,C,A,A,H,-,A,A,0,,,,,Y,,A,01,0,1,0,0,0,0,0,0,0,"- ","- ",40.794078826904297,-124.17994689941406,HUMBOLDT,EUREKA,-124.17515563964844,40.798622131347656
9414185,2022,2022-04-26,1203,2022-01-09,1730,4103,P2,7,5,4,1203,0,0,0,,0,001,"N RT 101","V ST",2180.00,E,N,A,-,Y,HUM,1,101,-,-,79.400,H,-,N,Y,4,0,3,3,A,-,03,22350,,N,C,C,A,A,H,-,D,D,0,,,,,Y,,A,01,0,0,3,0,0,0,0,0,0,"- ","- ",40.80426025390625,-124.14054107666016,HUMBOLDT,EUREKA,-124.14939880371094,40.803882598876953
9414493,2022,2022-03-22,1203,2022-02-27,1417,4103,P19,7,5,4,1203,0,0,0,,0,001,"R ST","4TH ST",0.00,,Y,A,-,Y,HUM,1,101,-,-,79.168,I,5,N,Y,3,0,1,2,A,-,12,21453,A,N,D,C,A,A,H,-,A,A,0,,,,,Y,,D,22,0,1,0,0,0,0,0,0,0,"- ","- ",40.804710388183594,-124.15358734130859,HUMBOLDT,EUREKA,-124.15364837646484,40.803855895996094
9425949,2022,2022-04-19,1203,2022-03-11,0735,4124,P16,5,5,4,1203,0,0,0,,0,001,"5TH ST","E ST",0.00,,Y,A,-,Y,HUM,1,101,-,-,78.453,I,5,N,N,3,0,2,2,A,-,12,21453,A,N,D,C,A,A,H,-,A,A,0,,,,,Y,,A,01,0,2,0,0,0,0,0,0,0,"- ","- ",40.801929473876953,-124.16599273681641,HUMBOLDT,EUREKA,-124.16709136962891,40.801776885986328
9433272,2022,2022-08-16,1203,2022-07-06,1708,4101,P12,3,5,4,1203,0,0,0,,0,001,"W 6TH ST","RT 101",0.00,,Y,A,-,Y,HUM,1,101,-,-,77.910,I,5,N,N,4,0,1,2,A,-,03,22350,,N,H,E,A,-,H,-,A,A,0,,Y,,,Y,,L,04,0,0,1,0,0,0,1,0,0,"- ","- ",40.798091888427734,-124.17521667480469,HUMBOLDT,EUREKA,-124.17504119873047,40.799942016601562
94362441,2024,2024-08-20,9125,2024-08-13,2249,023833,,2,3,9,1200,0,1,2,,2,019,"US-101 SOUTHBOUND","AIRPORT RD",362.00,N,N,A,-,Y,HUM,,101," ",R,93.930,H,,L,Y,3,0,1,1,A,-,01,23152,A,N,E,I,A,A,H,-,D,D,0,,,,,Y,Y,A,07,0,1,0,0,0,0,0,0,0,"- ","- ",40.969860076904297,-124.1160888671875,HUMBOLDT,UNINCORPORATED,-124.11612701416016,40.969860076904297
94375936,2024,2024-08-29,9125,2024-08-20,1820,023364,,2,2,9,1200,0,1,2,,2,022,"US-101 N/B","BAYSIDE CUTOFF",0.00,,Y,A,-,Y,HUM,,101," "," ",83.918,H,,R,Y,4,0,2,2,A,-,09,21801,A,N,D,2,A,A,H,-,A,D,0,,,,,Y,,A,01,0,0,2,0,0,0,0,0,0,"- ","- ",40.834999084472656,-124.08181762695312,HUMBOLDT,UNINCORPORATED,-124.08180999755859,40.834999084472656
94378192,2024,2024-09-02,9125,2024-08-24,1145,023875,,6,1,9,1200,0,1,2,,2,016,"US-101 SOUTHBOUND","NEWTON B DRURY SCENIC PKY",2798.00,S,N,A,-,Y,HUM,,101," ",R,136.767,H,,L,Y,2,0,1,2,A,-,01,23152,A,N,F,0,A,A,H,-,A,D,0,,,Y,,Y,Y,C,02,1,0,0,0,0,0,0,0,1,"- ","- ",41.460121154785156,-124.03368377685547,HUMBOLDT,UNINCORPORATED,-124.03363037109375,41.460155487060547
94381722,2024,2024-09-04,9126,2024-08-27,"504 ",024005,,2,3,9,1200,0,1,2,,2,044,"US-101 N/B","MPM 101-HUM-22.26",617.00,N,N,A,-,Y,HUM,,101," ",R,22.402,H,,R,Y,2,0,1,1,A,-,08,22107,,N,E,I,A,A,H,-,C,D,0,,,,,Y,,A,07,1,0,0,0,0,0,0,0,0,"- ","- ",40.217540740966797,-123.81803894042969,HUMBOLDT,UNINCORPORATED,-123.81806182861328,40.217517852783203
9438431,2022,2022-04-28,1203,2022-04-06,2139,4039,P37,3,5,4,1203,0,0,0,,0,002,"BROADWAY ST","W HAWTHORNE ST",988.00,S,N,A,-,Y,HUM,1,101,-,-,76.940,H,-,N,N,2,0,1,2,A,-,11,21954,A,F,G,B,D,A,H,-,C,D,0,Y,,,,Y,,N,60,1,0,0,0,1,0,0,0,0,"- ","- ",40.786411285400391,-124.18103790283203,HUMBOLDT,EUREKA,-124.18119049072266,40.786540985107422
94384532,2024,2024-09-06,9125,2024-08-30,1614,023929,,5,2,9,1200,0,1,2,,1,024,"US 101 NORTHBOUND","4800 US-101 (PRIVATE DRIVEWAY)",0.00,,Y,A,-,Y,HUM,,101," "," ",81.369,H,,R,N,3,0,1,2,A,-,09,21802,A,N,D,C,A,A,H,-,A,A,0,,,,,Y,,A,07,0,1,0,0,0,0,0,0,0,"- ","- ",40.809589385986328,-124.11408233642578,HUMBOLDT,UNINCORPORATED,-124.11405181884766,40.809558868408203
94384751,2024,2024-09-06,9126,2024-08-30,2048,022466,,5,2,9,1200,0,1,2,,2,044,"US-101 N/B","FRENCH ROAD",1283.00,N,N,A,-,Y,HUM,,101," "," ",22.691,H,,R,Y,3,0,2,1,C,-,18,,,N,H,H,A,A,H,-,C,D,0,,,,,Y,,-,"- ",0,2,0,0,0,0,0,0,0,"- ","- ",40.220058441162109,-123.82243347167969,HUMBOLDT,UNINCORPORATED,-123.82244873046875,40.220043182373047
9438519,2022,2022-05-03,1203,2022-04-08,2025,4100,P16,5,5,4,1203,0,0,0,,0,001,"RT 101","G ST",79.00,W,N,A,-,Y,HUM,1,101,-,-,78.540,H,-,S,N,2,0,1,2,A,-,11,21955,,N,G,B,D,A,H,-,C,A,0,Y,,,,Y,,N,60,1,0,0,0,1,0,0,0,0,"- ","- ",40.802909851074219,-124.16510772705078,HUMBOLDT,EUREKA,-124.16548156738281,40.802879333496094
9438523,2022,2022-05-03,1203,2022-04-10,1025,4104,P17,7,5,4,1203,0,0,0,,0,001,"4TH ST","H ST",0.00,,Y,A,-,Y,HUM,1,101,-,-,78.614,I,5,S,N,3,0,1,2,A,-,08,22107,,N,B,C,A,A,H,-,A,A,0,,,,,Y,,A,01,0,1,0,0,0,0,0,0,0,"- ","- ",40.803070068359375,-124.16401672363281,HUMBOLDT,EUREKA,-124.1640625,40.803077697753906
94385299,2024,2024-09-09,9125,2024-08-31,"935 ",016241,,6,1,9,1200,0,1,2,,2,030,"RT 101","ORCHARD AVENUE",350.00,N,N,B,-,Y,HUM,,101," "," ",72.301,H,,R,N,4,0,1,1,A,-,08,22107,,N,E,I,A,A,H,-,A,D,0,,,,,Y,,A,01,0,0,1,0,0,0,0,0,0,"- ","- ",40.728569030761719,-124.21441650390625,HUMBOLDT,UNINCORPORATED,-124.21450805664062,40.728572845458984
9438774,2022,2022-05-18,1203,2022-03-12,2027,4045,P39,6,5,4,1203,0,0,0,,0,002,"RT 101","W HAWTHORNE",39.00,N,N,B,-,Y,HUM,1,101,-,-,77.150,H,-,N,N,2,0,1,2,A,-,11,21954,A,N,G,B,D,B,H,-,C,D,0,Y,,,,Y,,N,60,1,0,0,0,1,0,0,0,0,"- ","- ",40.789249420166016,-124.17955017089844,HUMBOLDT,EUREKA,-124.17966461181641,40.789211273193359
9438782,2022,2022-05-18,1203,2022-04-16,1155,4104,P19,6,5,4,1203,0,0,0,,0,001,"4TH ST","S ST",0.00,,Y,A,-,Y,HUM,1,101,-,-,79.232,I,5,S,N,3,0,1,2,A,-,09,21802,,N,H,G,A,A,H,-,A,D,0,,Y,,,Y,,L,04,0,1,0,0,0,0,1,0,0,"- ","- ",40.804710388183594,-124.15258026123047,HUMBOLDT,EUREKA,-124.15255737304688,40.804714202880859
9438786,2022,2022-05-18,1203,2022-04-17,2009,4100,P51,7,5,4,1203,0,0,0,,0,002,"BROADWAY ST","BAYSHORE WY",1456.00,S,N,A,-,Y,HUM,1,101,-,-,76.295,I,5,N,N,3,0,1,2,A,-,12,21453,A,N,H,G,A,A,H,-,B,A,0,,Y,,,Y,,L,04,0,1,0,0,0,0,1,0,0,"- ","- ",40.778949737548828,-124.1873779296875,HUMBOLDT,EUREKA,-124.18759918212891,40.778881072998047
94392025,2024,2024-09-12,9126,2024-08-15,1430,022602,,4,2,9,1200,0,1,2,,2,022,"US-101 S/B","SORENSON ROAD U/C",3505.00,N,N,A,-,Y,HUM,,101," ",R,40.348,H,,L,N,3,0,1,2,A,-,08,22107,,F,B,G,A,A,H,-,A,D,0,,Y,,,Y,,A,07,0,1,0,0,0,0,1,0,0,"- ","- ",40.405101776123047,-123.95585632324219,HUMBOLDT,UNINCORPORATED,-123.95575714111328,40.405155181884766
94405177,2024,2024-09-23,9125,2024-09-11,2250,023989,,3,3,9,1200,0,1,2,,2,016,US-101,"NEWTON B DRURY SCENIC PKY (NORTH)",4752.00,S,N,A,-,Y,HUM,,101," ",R,136.291,H,,R,Y,3,0,1,1,A,-,08,22107,,N,E,I,A,A,H,-,D,D,0,,,,,Y,Y,A,01,0,1,0,0,0,0,0,0,0,"- ","- ",41.453960418701172,-124.03053283691406,HUMBOLDT,UNINCORPORATED,-124.03038787841797,41.454067230224609