CASE_ID,ACCIDENT_YEAR,PROC_DATE,JURIS,COLLISION_DATE,COLLISION_TIME,OFFICER_ID,REPORTING_DISTRICT,DAY_OF_WEEK,CHP_SHIFT,POPULATION,CNTY_CITY_LOC,SPECIAL_COND,BEAT_TYPE,CHP_BEAT_TYPE,CITY_DIVISION_LAPD,CHP_BEAT_CLASS,BEAT_NUMBER,PRIMARY_RD,SECONDARY_RD,DISTANCE,DIRECTION,INTERSECTION,WEATHER_1,WEATHER_2,STATE_HWY_IND,CALTRANS_COUNTY,CALTRANS_DISTRICT,STATE_ROUTE,ROUTE_SUFFIX,POSTMILE_PREFIX,POSTMILE,LOCATION_TYPE,RAMP_INTERSECTION,SIDE_OF_HWY,TOW_AWAY,COLLISION_SEVERITY,NUMBER_KILLED,NUMBER_INJURED,PARTY_COUNT,PRIMARY_COLL_FACTOR,PCF_CODE_OF_VIOL,PCF_VIOL_CATEGORY,PCF_VIOLATION,PCF_VIOL_SUBSECTION,HIT_AND_RUN,TYPE_OF_COLLISION,MVIW,PED_ACTION,ROAD_SURFACE,ROAD_COND_1,ROAD_COND_2,LIGHTING,CONTROL_DEVICE,CHP_ROAD_TYPE,PEDESTRIAN_ACCIDENT,BICYCLE_ACCIDENT,MOTORCYCLE_ACCIDENT,TRUCK_ACCIDENT,NOT_PRIVATE_PROPERTY,ALCOHOL_INVOLVED,STWD_VEHTYPE_AT_FAULT,CHP_VEHTYPE_AT_FAULT,COUNT_SEVERE_INJ,COUNT_VISIBLE_INJ,COUNT_COMPLAINT_PAIN,COUNT_PED_KILLED,COUNT_PED_INJURED,COUNT_BICYCLIST_KILLED,COUNT_BICYCLIST_INJURED,COUNT_MC_KILLED,COUNT_MC_INJURED,PRIMARY_RAMP,SECONDARY_RAMP,LATITUDE,LONGITUDE,COUNTY,CITY,POINT_X,POINT_Y
94405723,2024,2024-09-24,9125,2024-09-15,1820,023916,,7,2,9,1200,0,1,2,,2,017,US-101,"KANE RD",6125.00,S,N,A,-,Y,HUM,,101," "," ",111.279,H,,R,Y,3,0,1,1,A,-,03,22350,,N,F,0,A,A,H,-,A,D,0,,,,,Y,,A,01,0,1,0,0,0,0,0,0,0,"- ","- ",41.188041687011719,-124.10780334472656,HUMBOLDT,UNINCORPORATED,-124.10771942138672,41.188041687011719
94405896,2024,2024-09-24,9125,2024-09-15,2110,023364,,7,2,9,1200,0,1,2,,2,045,"US-101 (SB)","METROPOLITAN RD",3485.00,N,N,A,-,Y,HUM,,101," "," ",56.606,H,,R,N,4,0,1,1,C,-,18,,,N,H,H,A,A,H,-,D,D,0,,,,,Y,,-,"- ",0,0,1,0,0,0,0,0,0,"- ","- ",40.533931732177734,-124.14998626708984,HUMBOLDT,UNINCORPORATED,-124.14974975585938,40.533843994140625
94414586,2024,2024-10-01,9125,2024-10-01,"615 ",020962,,2,1,9,1200,0,1,2,,2,018,US-101,"BIG LAGOON PARK RD",5280.00,N,N,A,-,Y,HUM,,101," "," ",110.356,H,,R,Y,3,0,1,1,A,-,08,22107,,N,E,I,A,A,H,-,D,D,0,,,,,Y,,D,22,0,1,0,0,0,0,0,0,0,"- ","- ",41.175769805908203,-124.10262298583984,HUMBOLDT,UNINCORPORATED,-124.10265350341797,41.175758361816406
94416436,2024,2024-10-02,9126,2024-09-22,"318 ",024005,,7,3,9,1200,0,1,2,,2,022,"US-101 S/B","SORENSON ROAD",3590.00,S,N,A,-,Y,HUM,,101," "," ",39.003,H,,L,Y,3,0,1,1,A,-,08,22107,,N,E,I,A,A,H,-,D,D,0,,,,,Y,,A,01,0,1,0,0,0,0,0,0,0,"- ","- ",40.395320892333984,-123.93560028076172,HUMBOLDT,UNINCORPORATED,-123.93569183349609,40.395198822021484
94420452,2024,2024-10-07,9125,2024-10-03,1145,023875,,4,1,9,1200,0,1,2,,2,022,"US-101 NB","BAYSIDE CUTFOFF",2112.00,N,N,A,-,Y,HUM,,101," "," ",84.330,H,,R,Y,3,0,1,2,A,-,03,22350,,N,C,2,A,A,H,-,A,D,0,,,,,Y,,D,22,0,1,0,0,0,0,0,0,0,"- ","- ",40.840900421142578,-124.08174896240234,HUMBOLDT,UNINCORPORATED,-124.08174133300781,40.840900421142578
94426862,2024,2024-10-10,9125,2024-10-07,1650,020962,,1,2,9,1200,0,1,2,,2,017,US-101,"OLD STATE HIGHWAY",0.00,,Y,A,-,Y,HUM,,101," "," ",116.871,H,,R,Y,3,0,1,2,A,-,05,21460,A,N,A,C,A,A,H,-,A,D,0,,,,,Y,,D,22,0,1,0,0,0,0,0,0,0,"- ","- ",41.252769470214844,-124.08924865722656,HUMBOLDT,UNINCORPORATED,-124.08930969238281,41.25274658203125
94428988,2024,2024-10-14,9126,2024-09-21,1849,024005,,6,2,9,1200,0,1,2,,2,044,"US-101 S/B","MPM 101 HUM 19.21",15.00,S,N,A,-,Y,HUM,,101," ",R,19.269,H,,L,Y,3,0,1,1,A,-,01,23152,A,N,E,I,A,A,H,-,A,D,0,,,,,Y,Y,A,01,0,1,0,0,0,0,0,0,0,"- ","- ",40.199161529541016,-123.77716827392578,HUMBOLDT,UNINCORPORATED,-123.77710723876953,40.199192047119141
94431432,2024,2024-10-15,9125,2024-10-08,"230 ",023989,,2,3,9,1200,0,1,2,,2,044,"US-101 SB","SINGLEY RD",2640.00,N,N,E,-,Y,HUM,,101," "," ",64.759,H,,L,Y,2,0,1,1,A,-,03,22350,,N,E,8,A,A,H,-,D,D,0,,,,,Y,,A,01,1,0,0,0,0,0,0,0,0,"- ","- ",40.625568389892578,-124.21637725830078,HUMBOLDT,UNINCORPORATED,-124.21633911132812,40.625579833984375
94440331,2024,2024-10-22,9126,2024-10-15,1700,023987,,2,2,9,1200,0,1,2,,2,044,US-101,"DEAN CREEK RD",1056.00,N,N,A,-,Y,HUM,,101," ",R,15.230,H,,R,N,3,0,2,1,C,-,18,,,N,H,H,A,A,H,-,A,D,0,,,,,Y,,-,"- ",0,2,0,0,0,0,0,0,0,"- ","- ",40.150299072265625,-123.796630859375,HUMBOLDT,UNINCORPORATED,-123.79667663574219,40.150341033935547
94456835,2024,2024-11-04,9125,2024-10-25,"900 ",023989,,5,1,9,1200,0,1,2,,2,017,US-101,"VALLEY GREEN CAMP RD",1137.00,N,N,A,-,Y,HUM,,101," "," ",124.251,H,,R,Y,3,0,2,1,A,-,08,22107,,N,E,I,A,A,H,-,A,D,0,,,,,Y,,A,07,0,1,1,0,0,0,0,0,0,"- ","- ",41.326011657714844,-124.03366088867188,HUMBOLDT,UNINCORPORATED,-124.03357696533203,41.325950622558594
94463706,2024,2024-11-08,9125,2024-10-31,"25  ",023774,,4,3,9,1200,0,1,2,,2,044,"US-101 N/B",SR-36,528.00,N,N,B,-,Y,HUM,,101," "," ",58.326,H,,R,N,3,0,1,1,A,-,03,22350,,N,E,I,A,B,H,-,C,D,0,,,,,Y,,A,01,0,1,0,0,0,0,0,0,0,"- ","- ",40.557781219482422,-124.14691925048828,HUMBOLDT,UNINCORPORATED,-124.1468505859375,40.557788848876953
94465826,2024,2024-11-12,9126,2024-10-27,2254,023798,,7,3,9,1200,0,1,2,,1,066,"US-101 S/B","BENBOW DRIVE",7920.00,N,N,A,-,Y,HUM,,101," ",R,9.765,H,,L,Y,3,0,1,1,A,-,08,22107,,N,E,I,A,A,H,-,D,D,0,,,,,Y,,-,"- ",0,1,0,0,0,0,0,0,0,"- ","- ",40.079269409179688,-123.7896728515625,HUMBOLDT,UNINCORPORATED,-123.78977966308594,40.079242706298828
94466006,2024,2024-11-12,9125,2024-11-01,"852 ",022154,,5,1,9,1200,0,1,2,,2,022,US-101,"BAYSIDE CUTOFF",0.00,,Y,B,C,Y,HUM,,101," "," ",83.920,H,,R,Y,3,0,2,3,A,-,09,21801,A,N,D,C,A,B,H,-,A,D,0,,,,,Y,,A,07,0,1,1,0,0,0,0,0,0,"- ","- ",40.835029602050781,-124.08184814453125,HUMBOLDT,UNINCORPORATED,-124.08180999755859,40.835029602050781
94466405,2024,2024-11-12,9125,2024-11-01,1330,016241,,5,1,9,1200,0,1,2,,2,045,"RT 101","SHIVELY ROAD",3960.00,N,N,B,C,Y,HUM,,101," ",R,49.956,H,,R,N,3,0,1,1,A,-,03,22350,,N,E,I,A,B,H,-,A,D,0,,,,,Y,,A,07,0,1,0,0,0,0,0,0,0,"- ","- ",40.462348937988281,-124.08715057373047,HUMBOLDT,UNINCORPORATED,-124.08724212646484,40.462112426757812
94471518,2024,2024-11-15,9125,2024-11-03,1426,023929,,7,2,3,1201,0,1,2,,2,022,US-101,"BAYSIDE CUTOFF",0.00,,Y,A,-,Y,HUM,,101," "," ",83.920,H,,R,N,2,0,4,2,A,-,09,21803,A,N,D,C,A,A,H,-,A,D,0,,,,,Y,,A,01,1,3,0,0,0,0,0,0,0,"- ","- ",40.835029602050781,-124.081787109375,HUMBOLDT,ARCATA,-124.08180999755859,40.835029602050781
94473137,2024,2024-11-18,9125,2024-11-06,"315 ",023916,,3,3,9,1200,0,1,2,,2,045,"US-101 S/B","JORDAN RD",2640.00,N,N,A,-,Y,HUM,,101," ",R,46.452,H,,L,N,2,0,1,2,A,-,00,21953,A,F,G,B,D,A,H,-,D,D,0,Y,,,,Y,,N,60,1,0,0,0,1,0,0,0,0,"- ","- ",40.443561553955078,-124.03971862792969,HUMBOLDT,UNINCORPORATED,-124.03965759277344,40.443561553955078
94475186,2024,2024-11-19,9125,2024-11-06,"809 ",020946,,3,1,9,1200,0,1,2,,1,024,"US-101 NORTHBOUND","INDIANOLA CUTOFF",350.00,N,N,A,-,Y,HUM,,101," "," ",82.737,H,,R,N,4,0,1,2,A,-,07,21658,A,F,B,2,A,A,D,-,A,D,0,,,,Y,Y,,F,25,0,0,1,0,0,0,0,0,0,"- ","- ",40.820831298828125,-124.09224700927734,HUMBOLDT,UNINCORPORATED,-124.09223175048828,40.820812225341797
94477595,2024,2024-11-20,9126,2024-11-13,1018,024005,,3,1,9,1200,0,1,2,,2,022,"US-101 N/B","SORENSON ROAD",500.00,N,N,B,C,Y,HUM,,101," ",R,39.904,H,,R,Y,4,0,1,1,A,-,03,22350,,N,E,I,A,B,H,-,A,D,0,,,,,Y,,A,07,0,0,1,0,0,0,0,0,0,"- ","- ",40.39984130859375,-123.95097351074219,HUMBOLDT,UNINCORPORATED,-123.950927734375,40.399860382080078
94478529,2024,2024-11-21,9126,2024-11-17,1858,023987,,7,2,9,1200,0,1,2,,2,022,"US-101 N/B","JORDAN ROAD",1584.00,S,N,B,-,Y,HUM,,101," ",R,45.626,H,,R,Y,3,0,1,1,A,-,03,22350,,N,E,8,A,B,H,-,D,D,0,,,,,Y,,A,07,0,1,0,0,0,0,0,0,0,"- ","- ",40.44036865234375,-124.02667236328125,HUMBOLDT,UNINCORPORATED,-124.02665710449219,40.440315246582031
94479154,2024,2024-11-21,9125,2024-11-14,1500,019243,,4,2,9,1200,0,1,2,,2,017,US-101,"OLD STATE HIGHWAY",5808.00,N,N,B,-,Y,HUM,,101," "," ",117.890,H,,R,Y,3,0,1,1,A,-,08,22107,,N,F,A,A,B,H,-,A,D,0,,,,,Y,,A,07,0,1,0,0,0,0,0,0,0,"- ","- ",41.2664794921875,-124.09770202636719,HUMBOLDT,UNINCORPORATED,-124.09757995605469,41.266445159912109
94480400,2024,2024-11-22,9125,2024-11-14,1130,019243,,4,1,9,1200,0,1,2,,2,016,"US-101 S/B","NEWTON B DRURY SCENIC PKY",24288.00,S,N,B,C,Y,HUM,,101," ",R,132.666,H,,L,Y,2,0,2,1,A,-,08,22107,,N,E,8,A,B,H,-,A,D,0,,,,,Y,,A,01,1,1,0,0,0,0,0,0,0,"- ","- ",41.416488647460938,-123.998779296875,HUMBOLDT,UNINCORPORATED,-123.99873352050781,41.416461944580078
94480841,2024,2024-11-22,9126,2024-11-20,1350,023987,,3,1,9,1200,0,1,2,,2,022,"US-101 N/B","PESULA ROAD OVERCROSSING",1901.00,N,N,C,-,Y,HUM,,101," "," ",31.972,H,,R,Y,3,0,1,1,A,-,03,22350,,N,E,I,A,B,H,-,A,D,0,,,,,Y,,A,01,0,1,0,0,0,0,0,0,0,"- ","- ",40.309169769287109,-123.90589904785156,HUMBOLDT,UNINCORPORATED,-123.90586090087891,40.309192657470703
94483177,2024,2024-11-25,9125,2024-11-21,1221,023875,,4,1,9,1200,0,1,2,,1,024,"US-101 (NB)","HARPER MOTORS",0.00,,Y,B,C,Y,HUM,,101," "," ",81.368,H,,R,Y,2,0,1,2,A,-,12,22450,A,N,D,C,A,B,H,-,A,A,0,,,,,Y,,-,"- ",1,0,0,0,0,0,0,0,0,"- ","- ",40.809581756591797,-124.11409759521484,HUMBOLDT,UNINCORPORATED,-124.11407470703125,40.809551239013672
94488467,2024,2024-12-02,9125,2024-11-21,2215,023929,,4,3,9,1200,0,1,2,,2,016,US-101,"KANE RD",1318.00,S,N,C,-,Y,HUM,,101," "," ",112.462,H,,R,Y,4,0,1,1,A,-,08,22107,,N,E,I,A,B,H,-,D,D,0,,,,,Y,,D,22,0,0,1,0,0,0,0,0,0,"- ","- ",41.203689575195312,-124.11035919189453,HUMBOLDT,UNINCORPORATED,-124.11043548583984,41.203704833984375
94489289,2024,2024-12-02,9125,2024-11-23,1630,019243,,6,2,9,1200,0,1,2,,2,018,US-101,"KANE RD",4224.00,S,N,B,-,Y,HUM,,101," "," ",111.760,H,,R,Y,4,0,1,1,A,-,08,22107,,N,E,I,A,B,H,-,B,D,0,,,,,Y,,A,01,0,0,1,0,0,0,0,0,0,"- ","- ",41.194339752197266,-124.1104736328125,HUMBOLDT,UNINCORPORATED,-124.11050415039062,41.194320678710938
94491085,2024,2024-12-03,9126,2024-11-30,1750,022466,,6,2,9,1200,0,1,2,,2,022,"US-101 N/B","SORENSON RD",6600.00,S,N,B,-,Y,HUM,,101," "," ",38.263,H,,R,Y,4,0,1,1,C,-,18,,,N,H,H,A,A,H,-,D,D,0,,,,,Y,,-,"- ",0,0,1,0,0,0,0,0,0,"- ","- ",40.385780334472656,-123.92996215820312,HUMBOLDT,UNINCORPORATED,-123.92985534667969,40.38580322265625
94502119,2024,2024-12-13,9125,2024-12-02,2228,023875,,1,3,3,1201,0,1,2,,2,022,"US-101 (SB) TO SUNSET AVE OFF-RAMP","SUNSET AVE",1056.00,N,N,B,-,Y,HUM,,101," "," ",87.159,H,,L,Y,2,0,1,1,A,-,03,22350,,N,F,A,A,A,H,-,C,D,0,,,Y,,Y,,C,02,1,0,0,0,0,0,0,0,1,"- ","- ",40.881820678710938,-124.08158874511719,HUMBOLDT,ARCATA,-124.08141326904297,40.881786346435547
94510395,2024,2024-12-19,9125,2024-12-16,"830 ",020946,,1,1,9,1200,0,1,2,,2,017,US-101,"KANE RD",4066.00,S,N,B,-,Y,HUM,,101," "," ",111.751,H,,R,Y,3,0,1,1,A,-,03,22350,,N,E,I,A,B,H,-,A,D,0,,,,,Y,,A,01,0,1,0,0,0,0,0,0,0,"- ","- ",41.194229125976562,-124.11036682128906,HUMBOLDT,UNINCORPORATED,-124.11040496826172,41.1942138671875
94512714,2024,2024-12-23,9125,2024-12-07,"56  ",024121,,6,3,9,1200,0,1,2,,2,045,"US-101 N/B","METROPOLITAN HTS RD",480.00,N,N,B,-,Y,HUM,,101," "," ",54.692,H,,R,Y,4,0,1,1,A,-,08,22107,,N,E,I,A,B,H,-,D,D,0,,,,,Y,,A,01,0,0,1,0,0,0,0,0,0,"- ","- ",40.514881134033203,-124.13054656982422,HUMBOLDT,UNINCORPORATED,-124.13053894042969,40.514896392822266
94515325,2024,2024-12-24,9125,2024-12-13,1945,021919,,5,2,9,1200,0,1,2,,2,030,"US-101 NORTHBOUND","HUMBOLDT HILL ROAD",150.00,N,N,C,-,Y,HUM,,101," "," ",73.736,H,,R,Y,4,0,1,1,A,-,03,22350,,N,E,I,A,B,A,-,D,D,0,,,,,Y,,A,01,0,0,1,0,0,0,0,0,0,"- ","- ",40.745109558105469,-124.19944000244141,HUMBOLDT,UNINCORPORATED,-124.19944000244141,40.745109558105469
94515745,2024,2024-12-24,9125,2024-12-15,"4   ",022154,,7,3,9,1200,0,1,2,,2,044,"N/B US-101 FERNBRIDGE OFFRAMP","FINCH CREEK RD",450.00,S,N,B,-,Y,HUM,,101," "," ",63.009,H,,R,Y,2,0,1,1,A,-,01,23152,A,N,E,8,A,B,H,-,C,D,0,,,,,Y,Y,A,01,1,0,0,0,0,0,0,0,0,"- ","- ",40.611438751220703,-124.18972015380859,HUMBOLDT,UNINCORPORATED,-124.18991851806641,40.611305236816406
94515782,2024,2024-12-24,9125,2024-12-16,1950,023833,,1,2,9,1200,0,1,2,,2,017,US101,"KANE RD",3807.00,S,N,B,-,Y,HUM,,101," "," ",111.817,H,,R,Y,4,0,1,1,A,-,03,22350,,N,E,8,A,B,H,-,D,D,0,,,,,Y,,A,01,0,0,1,0,0,0,0,0,0,"- ","- ",41.195018768310547,-124.11103820800781,HUMBOLDT,UNINCORPORATED,-124.11103820800781,41.195018768310547
94515820,2024,2024-12-24,9125,2024-12-17,"920 ",020946,,2,1,9,1200,0,1,2,,2,017,US-101,"BALD HILLS ROAD",1320.00,N,N,A,-,Y,HUM,,101," "," ",122.508,H,,R,Y,3,0,2,1,A,-,03,22350,,N,E,8,A,B,H,-,A,D,0,,,,,Y,,A,01,0,2,0,0,0,0,0,0,0,"- ","- ",41.303871154785156,-124.04441070556641,HUMBOLDT,UNINCORPORATED,-124.04426574707031,41.303855895996094
94518476,2024,2024-12-27,9125,2024-12-21,"504 ",021313,,6,3,9,1200,0,1,2,,2,022,"US-101 REDWOOD HIGHWAY","BAYSIDE CUTFOFF",4752.00,N,N,B,C,Y,HUM,,101," "," ",84.843,H,,R,N,2,0,1,1,A,-,01,23152,A,N,E,I,A,B,H,-,D,D,0,,,,,Y,Y,A,01,1,0,0,0,0,0,0,0,0,"- ","- ",40.848320007324219,-124.08161926269531,HUMBOLDT,UNINCORPORATED,-124.08167266845703,40.848320007324219
9451864,2022,2022-06-15,1203,2022-04-05,0957,4021,P10,2,5,4,1203,0,0,0,,0,001,"RT 101","V ST",0.00,,Y,A,-,Y,HUM,1,101,-,-,79.403,I,5,N,Y,3,0,1,2,A,-,12,21453,A,N,D,C,A,A,H,-,A,A,0,,,,,Y,,-,"- ",0,1,0,0,0,0,0,0,0,"- ","- ",40.803871154785156,-124.14929962158203,HUMBOLDT,EUREKA,-124.14933776855469,40.803882598876953
94521334,2024,2024-12-31,9126,2024-12-16,1230,024240,,1,1,9,1200,0,1,2,,1,066,US-101,"SOUTH BENBOW DRIVE",15365.00,S,N,C,-,Y,HUM,,101," "," ",2.450,H,,R,Y,3,0,1,2,A,-,03,22350,,N,D,C,A,B,H,-,A,D,0,,,,,Y,,A,01,0,1,0,0,0,0,0,0,0,"- ","- ",40.032958984375,-123.79315185546875,HUMBOLDT,UNINCORPORATED,-123.79322052001953,40.032966613769531
94521928,2024,2024-12-31,9126,2024-12-23,1700,024245,,1,2,9,1200,0,1,2,,2,044,"US-101 S/B","SR-254 (MYERS FLAT)",3168.00,N,N,B,C,Y,HUM,,101," "," ",28.639,H,,L,Y,3,0,1,1,A,-,08,22107,,N,E,I,A,B,H,-,D,D,0,,,,Y,Y,,G,25,0,1,0,0,0,0,0,0,0,"- ","- ",40.273319244384766,-123.87928771972656,HUMBOLDT,UNINCORPORATED,-123.87932586669922,40.273284912109375
94522570,2024,2025-01-01,9125,2024-12-22,2249,023875,,7,3,9,1200,0,3,5,,2,001,US-101,"MAIN ST",1400.00,N,N,B,C,Y,HUM,,101," ",R,101.000,H,,R,Y,3,0,1,1,A,-,01,23152,F,M,D,I,A,B,H,-,C,D,0,,,,,Y,,A,01,0,1,0,0,0,0,0,0,0,"- ","- ",41.065620422363281,-124.14203643798828,HUMBOLDT,UNINCORPORATED,-124.14176940917969,41.065658569335938
94523203,2024,2025-01-02,9125,2024-12-23,1218,023916,,1,1,9,1200,0,1,2,,2,019,"US-101 N/B","SCHOOL RD",1584.00,S,N,A,-,Y,HUM,,101," ",R,91.123,H,,R,Y,3,0,1,1,A,-,01,23152,A,N,F,A,A,A,H,-,A,D,0,,,,,Y,Y,D,22,0,1,0,0,0,0,0,0,0,"- ","- ",40.929450988769531,-124.1131591796875,HUMBOLDT,UNINCORPORATED,-124.11309051513672,40.929462432861328
94523845,2024,2025-01-02,9125,2024-12-21,1325,019243,,6,1,9,1200,0,1,2,,2,016,"US-101 N/B","NEWTON B DRURY SCENIC PKY (NORTH)",6336.00,S,N,B,C,Y,HUM,,101," ",R,136.290,H,,R,Y,2,0,3,1,A,-,03,22350,,N,F,8,A,B,H,-,A,D,0,,,,,Y,,A,01,1,0,2,0,0,0,0,0,0,"- ","- ",41.45404052734375,-124.03038787841797,HUMBOLDT,UNINCORPORATED,-124.03037261962891,41.454055786132812
94523894,2024,2025-01-02,9125,2024-12-22,1622,022265,,7,2,9,1200,0,1,2,,2,045,"US-101 NB","PAINTER ST",75.00,S,N,C,-,Y,HUM,,101," ",R,52.860,H,,R,Y,3,0,1,1,A,-,08,22107,,N,E,I,A,B,H,-,B,D,0,,,,,Y,,A,01,0,1,0,0,0,0,0,0,0,"- ","- ",40.502708435058594,-124.100341796875,HUMBOLDT,UNINCORPORATED,-124.100341796875,40.502708435058594
94524156,2024,2025-01-02,9125,2024-12-16,1640,023989,,1,2,9,1200,0,1,2,,2,022,"US-101 N/B","BAYSIDE CUTOFF",0.00,,Y,C,-,Y,HUM,,101," "," ",83.923,H,,R,Y,3,0,3,3,A,-,09,21803,A,N,D,2,A,B,H,-,B,D,0,,,,,Y,,D,22,0,1,2,0,0,0,0,0,0,"- ","- ",40.835060119628906,-124.08171844482422,HUMBOLDT,UNINCORPORATED,-124.08180999755859,40.835060119628906
9454372,2022,2022-08-02,1203,2022-06-26,0512,4068,P17,7,5,4,1203,0,0,0,,0,001,"4TH ST","H ST",0.00,,Y,A,-,Y,HUM,1,101,-,-,78.614,I,5,S,N,2,0,1,2,A,-,10,21950,A,N,G,B,B,A,H,-,C,A,0,Y,,,,Y,,A,07,1,0,0,0,1,0,0,0,0,"- ","- ",40.803070068359375,-124.16403198242188,HUMBOLDT,EUREKA,-124.1640625,40.803077697753906
9456273,2022,2022-06-27,1203,2022-04-24,2116,4107,P17,7,5,4,1203,0,0,0,,0,001,"5TH ST","J ST",16.00,E,N,A,-,Y,HUM,1,101,-,-,78.730,H,-,N,N,3,0,2,2,A,-,08,22107,,N,B,C,A,A,H,-,C,D,0,,,Y,,Y,,C,02,0,2,0,0,0,0,0,0,2,"- ","- ",40.802539825439453,-124.16159057617188,HUMBOLDT,EUREKA,-124.16185760498047,40.802505493164062
9456710,2022,2022-07-19,1203,2022-06-15,2150,4103,P15,3,5,4,1203,0,0,0,,0,001,"4TH ST","COMMERCIAL ST",0.00,,Y,A,-,Y,HUM,1,101,-,-,78.113,I,5,S,Y,2,0,3,2,A,-,01,23153,A,N,D,C,A,A,H,-,C,A,0,,,,,Y,Y,A,01,1,1,1,0,0,0,0,0,0,"- ","- ",40.802238464355469,-124.17372894287109,HUMBOLDT,EUREKA,-124.17348480224609,40.801780700683594
9458663,2022,2022-06-28,1203,2022-05-13,0424,4100,P51,5,5,4,1203,0,0,0,,0,002,"BROADWAY ST","HARRIS ST",0.00,,Y,B,C,Y,HUM,1,101,-,-,76.350,H,-,S,Y,2,0,3,2,A,-,01,23152,A,N,C,C,A,B,H,-,C,D,0,,,,Y,Y,,A,01,2,1,0,0,0,0,0,0,0,"- ","- ",40.779190063476562,-124.18728637695312,HUMBOLDT,EUREKA,-124.186767578125,40.779495239257812
9458671,2022,2022-06-24,1203,2022-05-31,0751,4101,P10,2,5,4,1203,0,0,0,,0,001,"4TH ST","X ST",0.00,,Y,A,-,Y,HUM,1,101,-,-,79.540,H,-,S,N,4,0,2,3,A,-,03,22350,,N,C,C,A,A,H,-,A,A,0,,,,,Y,,D,22,0,0,2,0,0,0,0,0,0,"- ","- ",40.804679870605469,-124.14713287353516,HUMBOLDT,EUREKA,-124.14671325683594,40.8046875
9480127,2022,2022-08-02,1203,2022-06-17,2200,4030,P16,5,5,4,1203,0,0,0,,0,001,"E ST","4TH ST",0.00,,Y,A,-,Y,HUM,1,101,-,-,78.442,I,5,S,N,3,0,1,2,A,-,10,21950,,F,G,B,B,A,H,-,C,A,0,Y,,,,Y,,D,82,0,1,0,0,1,0,0,0,0,"- ","- ",40.802619934082031,-124.167236328125,HUMBOLDT,EUREKA,-124.16728973388672,40.802627563476562
9482071,2022,2022-08-17,1203,2022-07-12,0635,4137,P51,2,5,4,1203,0,0,0,,0,002,"BROADWAY ST","TRUESDALE ST",0.00,,Y,A,-,Y,HUM,1,101,-,-,76.030,I,5,S,Y,2,0,2,2,A,-,08,22107,,N,A,C,A,A,H,-,A,A,0,,,,Y,Y,,A,01,1,1,0,0,0,0,0,0,0,"- ","- ",40.775409698486328,-124.19075012207031,HUMBOLDT,EUREKA,-124.19036865234375,40.775901794433594
9512633,2022,2022-11-07,1201,2022-08-20,2146,658,201,6,5,3,1201,0,0,0,,0,0VW,"GIUNTOLI LN","VALLEY WEST BL",482.00,W,N,A,-,Y,HUM,1,101,-,-,88.618,R,4,N,N,3,0,1,2,A,-,08,22107,,F,H,G,A,A,H,-,C,A,0,,Y,,,Y,,A,01,0,1,0,0,0,0,1,0,0,"- ","- ",40.905059814453125,-124.08368682861328,HUMBOLDT,ARCATA,-124.08551788330078,40.901973724365234
9554414,2022,2023-03-08,1201,2022-11-11,2259,671,109,5,5,3,1201,0,0,0,,0,00N,"RT 101 OC","RT 101",0.00,,Y,A,-,Y,HUM,1,101,-,-,87.263,R,4,N,Y,3,0,1,2,A,-,03,22350,,F,E,J,A,B,H,-,C,D,0,,,,,Y,,A,01,0,1,0,0,0,0,0,0,0,TR,"- ",40.878738403320312,-124.08220672607422,HUMBOLDT,ARCATA,-124.08064270019531,40.883182525634766
9662867,2023,2024-03-08,1201,2023-11-26,2000,685,303,7,5,3,1201,0,0,0,,0,00S,"GUINTOLI LN","RT 101",0.00,,Y,A,-,Y,HUM,1,101,-,-,88.618,R,4,N,N,4,0,1,2,A,-,04,21703,,M,C,C,A,A,H,-,C,D,0,,,,,Y,,A,01,0,0,1,0,0,0,0,0,0,"- ","- ",40.871299743652344,-124.08934020996094,HUMBOLDT,ARCATA,-124.08551788330078,40.901973724365234
9729792,2024,2024-09-27,1201,2024-06-12,2149,606,201,3,5,3,1201,0,0,0,,0,0VW,"GIUNTOLI LN","RT 101",0.00,,Y,A,-,Y,HUM,1,101,-,-,88.618,R,4,N,N,3,0,1,2,A,-,09,21804,,N,H,G,A,A,H,-,C,D,0,,Y,,,Y,,A,07,0,1,0,0,0,0,1,0,0,"- ","- ",40.904750823974609,-124.08412933349609,HUMBOLDT,ARCATA,-124.08551788330078,40.901973724365234